{"type":"FeatureCollection","features":[{"type":"Feature","properties":{"cod":"UPZ27","nombre":"Suba","localidad":11},"geometry":{"type":"Polygon","coordinates":[[[-74.07564,4.75908],[-74.07707,4.75876],[-74.08457,4.75891],[-74.08507,4.75796],[-74.086,4.75813],[-74.08779,4.75744],[-74.08931,4.75762],[-74.08893,4.75846],[-74.08949,4.75903],[-74.09024,4.75834],[-74.09088,4.75847],[-74.08986,4.75942],[-74.09021,4.75977],[-74.0917,4.75816],[-74.09239,4.75891],[-74.094,4.75908],[-74.09404,4.7596],[-74.0944,4.75924],[-74.09468,4.75994],[-74.09579,4.7603],[-74.09553,4.76127],[-74.09767,4.76099],[-74.10132,4.76197],[-74.10055,4.76461],[-74.09998,4.7653],[-74.10026,4.76578],[-74.10004,4.76781],[-74.10037,4.76803],[-74.10193,4.76303],[-74.10276,4.76243],[-74.1039,4.75959],[-74.10579,4.75153],[-74.09619,4.74658],[-74.08918,4.74115],[-74.08644,4.73842],[-74.08258,4.73707],[-74.08129,4.7357],[-74.07828,4.73386],[-74.07694,4.73578],[-74.07413,4.74461],[-74.07469,4.74707],[-74.07594,4.74854],[-74.07591,4.75119],[-74.0741,4.75275],[-74.07273,4.75328],[-74.07238,4.75395],[-74.07284,4.75708],[-74.07549,4.75853],[-74.07564,4.75908]]]}},{"type":"Feature","properties":{"cod":"UPZ72","nombre":"Bolivia","localidad":10},"geometry":{"type":"Polygon","coordinates":[[[-74.10344,4.72331],[-74.10407,4.72401],[-74.10409,4.72582],[-74.10486,4.7261],[-74.1066,4.72587],[-74.10868,4.72743],[-74.10999,4.72934],[-74.11131,4.72971],[-74.11331,4.7318],[-74.11403,4.73205],[-74.1146,4.73469],[-74.11601,4.73502],[-74.11693,4.73602],[-74.11965,4.73682],[-74.1206,4.73788],[-74.12069,4.73944],[-74.12545,4.74012],[-74.12716,4.73931],[-74.12738,4.73731],[-74.12663,4.73704],[-74.12666,4.73668],[-74.12791,4.7363],[-74.12835,4.73528],[-74.12754,4.73225],[-74.12613,4.73019],[-74.12603,4.72966],[-74.12694,4.72862],[-74.12107,4.72154],[-74.1145,4.71232],[-74.11009,4.70791],[-74.10551,4.71757],[-74.10344,4.72331]]]}},{"type":"Feature","properties":{"cod":"UPZ15","nombre":"Country Club","localidad":1},"geometry":{"type":"Polygon","coordinates":[[[-74.03262,4.71274],[-74.04977,4.71866],[-74.05185,4.71899],[-74.0539,4.70674],[-74.04485,4.70434],[-74.04008,4.70392],[-74.03671,4.70438],[-74.03288,4.70341],[-74.03262,4.71274]]]}},{"type":"Feature","properties":{"cod":"UPZ16","nombre":"Santa Barbara","localidad":1},"geometry":{"type":"Polygon","coordinates":[[[-74.03288,4.70341],[-74.03671,4.70438],[-74.04008,4.70392],[-74.04485,4.70434],[-74.0539,4.70674],[-74.05725,4.68684],[-74.0482,4.6849],[-74.03591,4.69197],[-74.03516,4.69286],[-74.03312,4.69742],[-74.03288,4.70341]]]}},{"type":"Feature","properties":{"cod":"UPZ21","nombre":"Los Andes","localidad":12},"geometry":{"type":"Polygon","coordinates":[[[-74.06516,4.68902],[-74.06909,4.68966],[-74.07171,4.68917],[-74.07393,4.68806],[-74.07902,4.68401],[-74.07532,4.67917],[-74.06739,4.67393],[-74.05859,4.67892],[-74.05725,4.68684],[-74.06516,4.68902]]]}},{"type":"Feature","properties":{"cod":"UPZ89","nombre":"San Isidro - Patios","localidad":2},"geometry":{"type":"Polygon","coordinates":[[[-74.02197,4.6629],[-74.02156,4.66381],[-74.02088,4.66363],[-74.01994,4.66566],[-74.01724,4.66385],[-74.01584,4.66542],[-74.01481,4.66493],[-74.01479,4.66364],[-74.01365,4.66405],[-74.0105,4.66357],[-74.00978,4.6645],[-74.00978,4.66543],[-74.02312,4.67392],[-74.0235,4.67273],[-74.02464,4.67155],[-74.02564,4.67226],[-74.02582,4.67076],[-74.02699,4.66926],[-74.02548,4.66706],[-74.02285,4.66548],[-74.0227,4.66479],[-74.02403,4.66472],[-74.02388,4.66296],[-74.02197,4.6629]]]}},{"type":"Feature","properties":{"cod":"UPZ106","nombre":"La Esmeralda","localidad":13},"geometry":{"type":"Polygon","coordinates":[[[-74.07832,4.65199],[-74.08361,4.65335],[-74.08581,4.65535],[-74.09116,4.65322],[-74.09558,4.65015],[-74.08898,4.63992],[-74.0841,4.64517],[-74.08162,4.64319],[-74.07895,4.64271],[-74.07832,4.65199]]]}},{"type":"Feature","properties":{"cod":"UPZ83","nombre":"Las Margaritas","localidad":8},"geometry":{"type":"Polygon","coordinates":[[[-74.17077,4.62848],[-74.17135,4.62942],[-74.18214,4.64966],[-74.18363,4.64809],[-74.18558,4.64683],[-74.1778,4.62968],[-74.17706,4.62585],[-74.17077,4.62848]]]}},{"type":"Feature","properties":{"cod":"UPZ37","nombre":"Santa Isabel","localidad":14},"geometry":{"type":"Polygon","coordinates":[[[-74.08478,4.59696],[-74.09788,4.60655],[-74.10211,4.60201],[-74.10707,4.59824],[-74.10403,4.59584],[-74.1032,4.59466],[-74.09908,4.59492],[-74.089,4.59182],[-74.08478,4.59696]]]}},{"type":"Feature","properties":{"cod":"UPZ49","nombre":"Apogeo","localidad":7},"geometry":{"type":"Polygon","coordinates":[[[-74.15216,4.59976],[-74.15247,4.60089],[-74.15349,4.60098],[-74.15512,4.60277],[-74.15658,4.60307],[-74.15698,4.60408],[-74.15954,4.6055],[-74.16314,4.60634],[-74.16744,4.60441],[-74.16859,4.60425],[-74.1691,4.60234],[-74.17006,4.60206],[-74.17008,4.60056],[-74.17177,4.60084],[-74.17401,4.60017],[-74.17453,4.60135],[-74.17312,4.60236],[-74.17283,4.60297],[-74.17311,4.60322],[-74.17563,4.60342],[-74.17582,4.60162],[-74.17629,4.60103],[-74.17775,4.60107],[-74.17771,4.60207],[-74.17884,4.60186],[-74.17742,4.59846],[-74.17743,4.59692],[-74.16795,4.59575],[-74.16331,4.59572],[-74.16068,4.59619],[-74.15216,4.59976]]]}},{"type":"Feature","properties":{"cod":"UPZ19","nombre":"El Prado","localidad":11},"geometry":{"type":"Polygon","coordinates":[[[-74.04869,4.73778],[-74.06126,4.74084],[-74.06153,4.73832],[-74.06436,4.72817],[-74.05724,4.72546],[-74.05873,4.72404],[-74.06147,4.71913],[-74.06195,4.71604],[-74.06298,4.71501],[-74.06422,4.71448],[-74.06517,4.71167],[-74.06465,4.71042],[-74.06494,4.70932],[-74.06178,4.70808],[-74.0539,4.70674],[-74.04869,4.73778]]]}},{"type":"Feature","properties":{"cod":"UPZ24","nombre":"Niza","localidad":11},"geometry":{"type":"Polygon","coordinates":[[[-74.07685,4.73302],[-74.07868,4.73409],[-74.07983,4.73354],[-74.08229,4.73387],[-74.08403,4.73326],[-74.08404,4.73143],[-74.08345,4.73041],[-74.08249,4.73024],[-74.08264,4.7292],[-74.08313,4.72928],[-74.08331,4.7281],[-74.08268,4.72781],[-74.08256,4.72668],[-74.08217,4.72659],[-74.08269,4.72338],[-74.08245,4.72173],[-74.08281,4.72073],[-74.08456,4.71986],[-74.08527,4.71858],[-74.08449,4.71715],[-74.08671,4.71744],[-74.08694,4.71628],[-74.08786,4.71702],[-74.08871,4.71644],[-74.08972,4.71667],[-74.08921,4.71447],[-74.0866,4.71372],[-74.08418,4.71189],[-74.08292,4.71133],[-74.08223,4.71151],[-74.08224,4.71117],[-74.08076,4.71073],[-74.08322,4.70894],[-74.08476,4.70835],[-74.08481,4.70797],[-74.08162,4.70501],[-74.0812,4.70372],[-74.07579,4.70182],[-74.07486,4.70194],[-74.07278,4.70138],[-74.07069,4.70165],[-74.07038,4.70104],[-74.06826,4.70146],[-74.06615,4.70288],[-74.06531,4.70443],[-74.0645,4.70912],[-74.06494,4.70932],[-74.06465,4.71042],[-74.06517,4.71167],[-74.06422,4.71448],[-74.06298,4.71501],[-74.06195,4.71604],[-74.06147,4.71913],[-74.05873,4.72404],[-74.05724,4.72546],[-74.07501,4.73196],[-74.07542,4.73279],[-74.07685,4.73302]]]}},{"type":"Feature","properties":{"cod":"UPZ100","nombre":"Galerias","localidad":13},"geometry":{"type":"Polygon","coordinates":[[[-74.06463,4.64965],[-74.07832,4.65199],[-74.07953,4.6346],[-74.07539,4.63381],[-74.07472,4.63742],[-74.07391,4.63763],[-74.06707,4.63644],[-74.06463,4.64965]]]}},{"type":"Feature","properties":{"cod":"UPZ81","nombre":"Gran Britalia","localidad":8},"geometry":{"type":"Polygon","coordinates":[[[-74.17064,4.62827],[-74.17706,4.62585],[-74.17656,4.62402],[-74.17773,4.62321],[-74.17724,4.62235],[-74.17969,4.62013],[-74.17915,4.61924],[-74.1801,4.61849],[-74.18102,4.61903],[-74.18523,4.61886],[-74.1851,4.61572],[-74.18479,4.61563],[-74.18339,4.61713],[-74.18275,4.61712],[-74.18237,4.61652],[-74.18298,4.61537],[-74.18203,4.61466],[-74.18159,4.6148],[-74.18021,4.61692],[-74.17986,4.61691],[-74.1794,4.61614],[-74.17994,4.61511],[-74.1819,4.61426],[-74.18119,4.61296],[-74.17836,4.61121],[-74.17469,4.61453],[-74.166,4.62104],[-74.16767,4.62387],[-74.16881,4.62483],[-74.17064,4.62827]]]}},{"type":"Feature","properties":{"cod":"UPZ108","nombre":"Zona Industrial","localidad":16},"geometry":{"type":"Polygon","coordinates":[[[-74.0832,4.6247],[-74.10693,4.62726],[-74.10572,4.61737],[-74.10484,4.61431],[-74.10262,4.61044],[-74.09788,4.60655],[-74.0832,4.6247]]]}},{"type":"Feature","properties":{"cod":"UPZ88","nombre":"El Refugio","localidad":2},"geometry":{"type":"Polygon","coordinates":[[[-74.03815,4.67992],[-74.03964,4.67816],[-74.0444,4.68064],[-74.04946,4.67083],[-74.05621,4.66095],[-74.05293,4.65882],[-74.05488,4.65596],[-74.05699,4.65176],[-74.05464,4.65035],[-74.05375,4.65174],[-74.05471,4.65232],[-74.05453,4.65262],[-74.053,4.65307],[-74.0503,4.65148],[-74.05012,4.65236],[-74.0486,4.65104],[-74.04843,4.64989],[-74.04709,4.64903],[-74.04612,4.64901],[-74.0473,4.64966],[-74.04775,4.65037],[-74.04781,4.65204],[-74.04835,4.65326],[-74.04746,4.65485],[-74.04661,4.65433],[-74.04555,4.6544],[-74.0463,4.65486],[-74.04622,4.65605],[-74.04695,4.65792],[-74.04671,4.65944],[-74.04581,4.65997],[-74.04402,4.65958],[-74.04454,4.66092],[-74.04412,4.66179],[-74.04471,4.66419],[-74.04303,4.66456],[-74.04142,4.66372],[-74.04236,4.66855],[-74.0387,4.66838],[-74.0379,4.66792],[-74.03714,4.67197],[-74.0386,4.67214],[-74.03876,4.67141],[-74.03921,4.6736],[-74.03823,4.67442],[-74.03669,4.67485],[-74.0364,4.67556],[-74.03695,4.67675],[-74.03639,4.67796],[-74.03571,4.67847],[-74.03491,4.67842],[-74.03815,4.67992]]]}},{"type":"Feature","properties":{"cod":"UPZ75","nombre":"Fontibon","localidad":9},"geometry":{"type":"Polygon","coordinates":[[[-74.136,4.68322],[-74.1456,4.69045],[-74.15644,4.68251],[-74.154,4.6778],[-74.15112,4.66799],[-74.14013,4.66352],[-74.13542,4.67002],[-74.13338,4.67467],[-74.13039,4.67759],[-74.136,4.68322]]]}},{"type":"Feature","properties":{"cod":"UPZ22","nombre":"Doce de Octubre","localidad":12},"geometry":{"type":"Polygon","coordinates":[[[-74.06739,4.67393],[-74.07532,4.67917],[-74.07902,4.68401],[-74.08518,4.67894],[-74.08925,4.67189],[-74.08676,4.66872],[-74.08238,4.66132],[-74.0775,4.65849],[-74.07627,4.66368],[-74.07526,4.66556],[-74.07006,4.67168],[-74.06739,4.67393]]]}},{"type":"Feature","properties":{"cod":"UPZ114","nombre":"Modelia","localidad":9},"geometry":{"type":"Polygon","coordinates":[[[-74.11218,4.66575],[-74.11905,4.67313],[-74.12121,4.67741],[-74.12681,4.67052],[-74.12797,4.67022],[-74.1309,4.67131],[-74.13183,4.67251],[-74.13464,4.67016],[-74.12069,4.65585],[-74.11218,4.66575]]]}},{"type":"Feature","properties":{"cod":"UPZ103","nombre":"Parque Salitre","localidad":12},"geometry":{"type":"Polygon","coordinates":[[[-74.0775,4.65849],[-74.08238,4.66132],[-74.08676,4.66872],[-74.08925,4.67189],[-74.09372,4.66607],[-74.09171,4.664],[-74.08546,4.65483],[-74.08361,4.65335],[-74.07832,4.65199],[-74.0775,4.65849]]]}},{"type":"Feature","properties":{"cod":"UPZ105","nombre":"Jardin Botanico","localidad":10},"geometry":{"type":"Polygon","coordinates":[[[-74.09372,4.66607],[-74.1009,4.67072],[-74.10942,4.66294],[-74.10342,4.65351],[-74.09372,4.66607]]]}},{"type":"Feature","properties":{"cod":"UPZ59","nombre":"Alfonso Lopez","localidad":5},"geometry":{"type":"Polygon","coordinates":[[[-74.09479,4.49991],[-74.09562,4.49931],[-74.09763,4.5],[-74.0987,4.49993],[-74.09892,4.50052],[-74.1007,4.50171],[-74.10038,4.50215],[-74.10173,4.50291],[-74.10328,4.50519],[-74.10435,4.50559],[-74.10476,4.50371],[-74.10761,4.49808],[-74.10775,4.4949],[-74.10974,4.49251],[-74.10988,4.49068],[-74.10668,4.48731],[-74.09874,4.48465],[-74.09614,4.48563],[-74.09641,4.48696],[-74.09613,4.48761],[-74.09678,4.49032],[-74.09719,4.49093],[-74.09865,4.48995],[-74.0992,4.4907],[-74.09814,4.4914],[-74.09811,4.49185],[-74.09872,4.49265],[-74.09964,4.49288],[-74.09877,4.49385],[-74.09953,4.49511],[-74.09906,4.49574],[-74.0973,4.49603],[-74.09568,4.49727],[-74.096,4.49853],[-74.09463,4.49903],[-74.09479,4.49991]]]}},{"type":"Feature","properties":{"cod":"UPZ58","nombre":"Comuneros","localidad":5},"geometry":{"type":"Polygon","coordinates":[[[-74.10435,4.50559],[-74.10551,4.50663],[-74.11202,4.50667],[-74.11356,4.50704],[-74.11574,4.50903],[-74.1214,4.51133],[-74.12199,4.51268],[-74.12154,4.51507],[-74.12237,4.51997],[-74.12567,4.52387],[-74.12648,4.52564],[-74.12886,4.52472],[-74.12888,4.52411],[-74.12758,4.52206],[-74.12561,4.52016],[-74.12578,4.51556],[-74.12731,4.51069],[-74.12674,4.50621],[-74.12815,4.50547],[-74.12844,4.50441],[-74.12685,4.50132],[-74.1256,4.5018],[-74.12449,4.50063],[-74.1227,4.49963],[-74.12161,4.49664],[-74.12211,4.49488],[-74.12135,4.493],[-74.12313,4.49154],[-74.12248,4.49111],[-74.12048,4.49108],[-74.12043,4.48992],[-74.12114,4.48853],[-74.12046,4.48752],[-74.11722,4.48778],[-74.11638,4.48747],[-74.11597,4.48781],[-74.11408,4.48733],[-74.11285,4.48802],[-74.11233,4.48917],[-74.11308,4.49012],[-74.11147,4.49],[-74.10985,4.49064],[-74.10982,4.49234],[-74.10775,4.4949],[-74.10761,4.49808],[-74.10476,4.50371],[-74.10435,4.50559]]]}},{"type":"Feature","properties":{"cod":"UPZ43","nombre":"San Rafael","localidad":16},"geometry":{"type":"Polygon","coordinates":[[[-74.10693,4.62726],[-74.12241,4.62903],[-74.1245,4.62392],[-74.12906,4.60933],[-74.10582,4.61845],[-74.10693,4.62726]]]}},{"type":"Feature","properties":{"cod":"UPZ107","nombre":"Quinta Paredes","localidad":13},"geometry":{"type":"Polygon","coordinates":[[[-74.09245,4.63648],[-74.09536,4.63452],[-74.0964,4.63601],[-74.09652,4.63838],[-74.10086,4.63537],[-74.09145,4.62572],[-74.0832,4.6247],[-74.08029,4.62885],[-74.07964,4.63326],[-74.08073,4.63345],[-74.08112,4.63263],[-74.08241,4.63266],[-74.08288,4.63192],[-74.09008,4.63446],[-74.09245,4.63648]]]}},{"type":"Feature","properties":{"cod":"UPZ101","nombre":"Teusaquillo","localidad":13},"geometry":{"type":"Polygon","coordinates":[[[-74.06707,4.63644],[-74.07391,4.63763],[-74.07472,4.63742],[-74.07539,4.63381],[-74.07953,4.6346],[-74.08029,4.62885],[-74.0832,4.6247],[-74.07883,4.62389],[-74.07283,4.61542],[-74.06971,4.62164],[-74.06707,4.63644]]]}},{"type":"Feature","properties":{"cod":"UPZ91","nombre":"Sagrado Corazon","localidad":3},"geometry":{"type":"Polygon","coordinates":[[[-74.05722,4.62403],[-74.05963,4.6241],[-74.06247,4.62534],[-74.06517,4.62506],[-74.06841,4.6288],[-74.06989,4.62108],[-74.07283,4.61542],[-74.07106,4.6124],[-74.06784,4.60969],[-74.06524,4.62006],[-74.06274,4.61773],[-74.06088,4.61756],[-74.06057,4.61826],[-74.06079,4.6194],[-74.0589,4.62022],[-74.05836,4.62168],[-74.05731,4.62157],[-74.05727,4.62273],[-74.05666,4.62302],[-74.05548,4.62265],[-74.05516,4.62272],[-74.05722,4.62403]]]}},{"type":"Feature","properties":{"cod":"UPZ86","nombre":"El Porvenir","localidad":7},"geometry":{"type":"Polygon","coordinates":[[[-74.17995,4.63461],[-74.18592,4.64768],[-74.18357,4.65205],[-74.18371,4.65273],[-74.18679,4.65147],[-74.19154,4.6547],[-74.19295,4.65518],[-74.19427,4.65494],[-74.19582,4.65156],[-74.19689,4.65046],[-74.20081,4.6487],[-74.20292,4.64649],[-74.20302,4.64585],[-74.2026,4.64529],[-74.2007,4.64454],[-74.20089,4.64384],[-74.20196,4.64386],[-74.20493,4.64595],[-74.1955,4.62841],[-74.17995,4.63461]]]}},{"type":"Feature","properties":{"cod":"UPZ82","nombre":"Patio Bonito","localidad":8},"geometry":{"type":"Polygon","coordinates":[[[-74.15631,4.64059],[-74.15748,4.64244],[-74.16034,4.64555],[-74.16689,4.63989],[-74.17751,4.65424],[-74.18018,4.65255],[-74.18214,4.64966],[-74.17064,4.62827],[-74.16787,4.63027],[-74.15631,4.64059]]]}},{"type":"Feature","properties":{"cod":"UPZ99","nombre":"Chapinero","localidad":2},"geometry":{"type":"Polygon","coordinates":[[[-74.05815,4.65071],[-74.06353,4.6541],[-74.06413,4.65239],[-74.06841,4.6288],[-74.0652,4.62507],[-74.06242,4.62533],[-74.06047,4.62434],[-74.0587,4.62397],[-74.05722,4.62403],[-74.05838,4.62469],[-74.05929,4.62629],[-74.06084,4.62568],[-74.06157,4.6267],[-74.06235,4.62875],[-74.06185,4.63104],[-74.06422,4.63145],[-74.06353,4.63693],[-74.0614,4.64504],[-74.05815,4.65071]]]}},{"type":"Feature","properties":{"cod":"UPZ109","nombre":"Ciudad Salitre Oriental","localidad":13},"geometry":{"type":"Polygon","coordinates":[[[-74.09245,4.63648],[-74.09949,4.64752],[-74.10342,4.65351],[-74.10775,4.64786],[-74.11045,4.64514],[-74.10086,4.63537],[-74.09652,4.63838],[-74.0964,4.63601],[-74.09536,4.63452],[-74.09245,4.63648]]]}},{"type":"Feature","properties":{"cod":"UPZ90","nombre":"Pardo Rubio","localidad":2},"geometry":{"type":"Polygon","coordinates":[[[-74.04709,4.64903],[-74.04843,4.64989],[-74.0486,4.65104],[-74.05012,4.65236],[-74.0503,4.65148],[-74.05167,4.65251],[-74.05334,4.65305],[-74.05471,4.65232],[-74.05375,4.65174],[-74.05464,4.65035],[-74.05711,4.65184],[-74.05869,4.65],[-74.0614,4.64504],[-74.06353,4.63693],[-74.06422,4.63145],[-74.06185,4.63104],[-74.06235,4.62875],[-74.06094,4.62575],[-74.05929,4.62629],[-74.05838,4.62469],[-74.05666,4.62391],[-74.05533,4.62275],[-74.05525,4.6233],[-74.05698,4.62446],[-74.05786,4.62571],[-74.05554,4.62534],[-74.05481,4.62695],[-74.05745,4.62743],[-74.06057,4.62878],[-74.05929,4.62939],[-74.05863,4.63264],[-74.05775,4.63234],[-74.05818,4.63081],[-74.05765,4.63062],[-74.05732,4.63134],[-74.05768,4.63232],[-74.05604,4.6318],[-74.05582,4.63455],[-74.05801,4.63473],[-74.0576,4.63634],[-74.05701,4.63667],[-74.05713,4.63694],[-74.0568,4.63755],[-74.05696,4.63695],[-74.05438,4.63549],[-74.05364,4.63546],[-74.05307,4.63653],[-74.05654,4.63847],[-74.0567,4.63788],[-74.05731,4.63877],[-74.05653,4.63954],[-74.05548,4.6383],[-74.05437,4.63834],[-74.05395,4.63758],[-74.05217,4.63817],[-74.05269,4.63888],[-74.05268,4.64206],[-74.05252,4.64239],[-74.05088,4.64157],[-74.0484,4.64233],[-74.04926,4.64481],[-74.0477,4.6457],[-74.04693,4.64728],[-74.0489,4.64869],[-74.04709,4.64903]]]}},{"type":"Feature","properties":{"cod":"UPZ33","nombre":"Sosiego","localidad":4},"geometry":{"type":"Polygon","coordinates":[[[-74.07894,4.58251],[-74.08106,4.58603],[-74.08493,4.58932],[-74.09458,4.5758],[-74.09063,4.5718],[-74.0864,4.56936],[-74.08257,4.57076],[-74.08092,4.57183],[-74.07983,4.57156],[-74.07867,4.57352],[-74.0784,4.57323],[-74.07802,4.57346],[-74.07794,4.57495],[-74.07851,4.57611],[-74.07936,4.57669],[-74.07951,4.57906],[-74.08058,4.57987],[-74.08094,4.58119],[-74.07894,4.58251]]]}},{"type":"Feature","properties":{"cod":"UPZ111","nombre":"Puente Aranda","localidad":16},"geometry":{"type":"Polygon","coordinates":[[[-74.09145,4.62572],[-74.11045,4.64514],[-74.11939,4.63631],[-74.12241,4.62903],[-74.09145,4.62572]]]}},{"type":"Feature","properties":{"cod":"UPZ102","nombre":"La Sabana","localidad":14},"geometry":{"type":"Polygon","coordinates":[[[-74.07283,4.61542],[-74.07883,4.62389],[-74.0832,4.6247],[-74.09788,4.60655],[-74.08478,4.59696],[-74.07654,4.60833],[-74.07283,4.61542]]]}},{"type":"Feature","properties":{"cod":"UPZ45","nombre":"Carvajal","localidad":8},"geometry":{"type":"Polygon","coordinates":[[[-74.13926,4.6185],[-74.14321,4.6193],[-74.15298,4.61704],[-74.14564,4.60627],[-74.14671,4.60205],[-74.15216,4.59976],[-74.15197,4.59871],[-74.15071,4.5975],[-74.14972,4.59565],[-74.15119,4.59657],[-74.15226,4.59569],[-74.14694,4.59496],[-74.14259,4.59547],[-74.13777,4.59489],[-74.13731,4.59621],[-74.12909,4.60925],[-74.13411,4.61252],[-74.13926,4.6185]]]}},{"type":"Feature","properties":{"cod":"UPZ93","nombre":"Las Nieves","localidad":3},"geometry":{"type":"Polygon","coordinates":[[[-74.0661,4.60843],[-74.07106,4.6124],[-74.07283,4.61542],[-74.07654,4.60833],[-74.0847,4.59706],[-74.08317,4.59582],[-74.08114,4.59507],[-74.07659,4.60216],[-74.07481,4.60223],[-74.07264,4.60095],[-74.07116,4.60061],[-74.06939,4.60081],[-74.06809,4.60143],[-74.06738,4.6025],[-74.06823,4.60311],[-74.06586,4.60717],[-74.0661,4.60843]]]}},{"type":"Feature","properties":{"cod":"UPZ23","nombre":"Casa Blanca Suba","localidad":11},"geometry":{"type":"Polygon","coordinates":[[[-74.06581,4.76046],[-74.06843,4.76243],[-74.06941,4.76271],[-74.07098,4.76223],[-74.07564,4.75908],[-74.07549,4.75853],[-74.07284,4.75708],[-74.07238,4.75395],[-74.07273,4.75328],[-74.0741,4.75275],[-74.07591,4.75119],[-74.07594,4.74854],[-74.07469,4.74707],[-74.07413,4.74461],[-74.07694,4.73578],[-74.07828,4.73386],[-74.07685,4.73302],[-74.07542,4.73279],[-74.07501,4.73196],[-74.06434,4.72815],[-74.06153,4.73832],[-74.06126,4.74084],[-74.0651,4.74247],[-74.06506,4.751],[-74.06637,4.75906],[-74.06581,4.76046]]]}},{"type":"Feature","properties":{"cod":"UPZ110","nombre":"Ciudad Salitre Occidental","localidad":9},"geometry":{"type":"Polygon","coordinates":[[[-74.10342,4.65351],[-74.11163,4.6664],[-74.12069,4.65585],[-74.11045,4.64514],[-74.10775,4.64786],[-74.10342,4.65351]]]}},{"type":"Feature","properties":{"cod":"UPZ104","nombre":"Parque Simon Bolivar - Can","localidad":13},"geometry":{"type":"Polygon","coordinates":[[[-74.08581,4.65535],[-74.09171,4.664],[-74.09372,4.66607],[-74.10342,4.65351],[-74.09184,4.63569],[-74.09008,4.63446],[-74.08288,4.63192],[-74.08241,4.63266],[-74.08112,4.63263],[-74.08073,4.63345],[-74.07964,4.63326],[-74.07895,4.64271],[-74.08162,4.64319],[-74.0841,4.64517],[-74.08898,4.63992],[-74.09558,4.65015],[-74.09116,4.65322],[-74.08581,4.65535]]]}},{"type":"Feature","properties":{"cod":"UPZ31","nombre":"Santa Cecilia","localidad":10},"geometry":{"type":"Polygon","coordinates":[[[-74.09942,4.68105],[-74.10462,4.68537],[-74.10761,4.68872],[-74.10921,4.68974],[-74.11669,4.68166],[-74.11345,4.67667],[-74.11297,4.6685],[-74.10942,4.66294],[-74.10099,4.67064],[-74.10228,4.67323],[-74.10389,4.67466],[-74.09942,4.68105]]]}},{"type":"Feature","properties":{"cod":"UPZ68","nombre":"El Tesoro","localidad":19},"geometry":{"type":"MultiPolygon","coordinates":[[[[-74.13493,4.53298],[-74.13378,4.53635],[-74.13056,4.53775],[-74.1335,4.5402],[-74.13669,4.54634],[-74.13705,4.54772],[-74.13779,4.5457],[-74.14108,4.54566],[-74.14321,4.54385],[-74.14343,4.54169],[-74.14761,4.54148],[-74.14852,4.54048],[-74.14806,4.54015],[-74.14906,4.53884],[-74.15115,4.53896],[-74.15114,4.53864],[-74.15159,4.53866],[-74.15064,4.53559],[-74.15026,4.53578],[-74.14967,4.53485],[-74.15098,4.53418],[-74.1504,4.5328],[-74.14938,4.53339],[-74.14911,4.53255],[-74.14969,4.53244],[-74.14979,4.53167],[-74.14852,4.53153],[-74.14847,4.53225],[-74.14773,4.53233],[-74.1478,4.53191],[-74.14751,4.53194],[-74.1469,4.53241],[-74.14661,4.53122],[-74.14503,4.53136],[-74.14476,4.53154],[-74.14496,4.53271],[-74.14425,4.53315],[-74.14402,4.53419],[-74.14191,4.53383],[-74.14176,4.53434],[-74.1412,4.53403],[-74.1397,4.53614],[-74.13578,4.53423],[-74.13485,4.53355],[-74.13493,4.53298]]],[[[-74.15463,4.53293],[-74.15106,4.53429],[-74.15146,4.53532],[-74.15458,4.53395],[-74.15463,4.53293]]],[[[-74.15011,4.53064],[-74.14994,4.53126],[-74.15029,4.53167],[-74.15148,4.5321],[-74.15138,4.53162],[-74.15011,4.53064]]]]}},{"type":"Feature","properties":{"cod":"UPZ64","nombre":"Monte Blanco","localidad":19},"geometry":{"type":"MultiPolygon","coordinates":[[[[-74.1273,4.51002],[-74.12578,4.51556],[-74.12561,4.52016],[-74.12758,4.52206],[-74.12899,4.52441],[-74.13267,4.52391],[-74.13248,4.52108],[-74.13172,4.51856],[-74.13214,4.51596],[-74.13175,4.5128],[-74.13198,4.51131],[-74.13244,4.51089],[-74.13295,4.51109],[-74.13422,4.51261],[-74.13658,4.51409],[-74.13677,4.50985],[-74.13491,4.50992],[-74.1349,4.50958],[-74.1365,4.50895],[-74.13611,4.50806],[-74.13835,4.50676],[-74.13949,4.50418],[-74.14782,4.49996],[-74.14725,4.49717],[-74.14751,4.49598],[-74.14635,4.496],[-74.14642,4.49547],[-74.14776,4.49546],[-74.14762,4.49318],[-74.14235,4.49346],[-74.14202,4.49426],[-74.14114,4.49353],[-74.14188,4.49277],[-74.14177,4.49098],[-74.14386,4.49119],[-74.14476,4.48942],[-74.14227,4.48882],[-74.13991,4.48947],[-74.13701,4.48795],[-74.13382,4.48859],[-74.1328,4.4895],[-74.13236,4.49064],[-74.13099,4.4912],[-74.12998,4.49093],[-74.12814,4.48958],[-74.12893,4.48145],[-74.12822,4.4771],[-74.12978,4.47672],[-74.13032,4.47648],[-74.13033,4.47636],[-74.12977,4.47638],[-74.12851,4.47527],[-74.12694,4.47759],[-74.12457,4.47906],[-74.12348,4.48161],[-74.12261,4.48236],[-74.1213,4.48568],[-74.12164,4.48822],[-74.12042,4.49083],[-74.12069,4.49124],[-74.12245,4.49111],[-74.12312,4.49151],[-74.12135,4.493],[-74.12211,4.49488],[-74.12162,4.49667],[-74.12274,4.4997],[-74.12449,4.50063],[-74.1256,4.5018],[-74.12685,4.50132],[-74.12842,4.50434],[-74.12817,4.50545],[-74.12674,4.50621],[-74.1273,4.51002]]],[[[-74.14663,4.51021],[-74.14916,4.51072],[-74.14912,4.5084],[-74.15018,4.5073],[-74.14883,4.50658],[-74.14855,4.50602],[-74.14749,4.50593],[-74.14726,4.50747],[-74.14667,4.50751],[-74.14618,4.50702],[-74.14498,4.50775],[-74.14594,4.50609],[-74.1432,4.50685],[-74.14308,4.50873],[-74.14478,4.50945],[-74.14691,4.50914],[-74.14663,4.51021]]]]}},{"type":"Feature","properties":{"cod":"UPZ65","nombre":"Arborizadora","localidad":19},"geometry":{"type":"Polygon","coordinates":[[[-74.15226,4.59569],[-74.15125,4.59657],[-74.15007,4.59563],[-74.14967,4.59583],[-74.15197,4.59871],[-74.15216,4.59976],[-74.16197,4.59562],[-74.16093,4.58752],[-74.15514,4.57621],[-74.15354,4.574],[-74.14343,4.56691],[-74.1423,4.56666],[-74.14063,4.567],[-74.14046,4.56833],[-74.14171,4.56885],[-74.14049,4.56928],[-74.14046,4.57047],[-74.142,4.57075],[-74.1418,4.57172],[-74.14257,4.57186],[-74.14325,4.57283],[-74.14282,4.57415],[-74.14211,4.57422],[-74.14089,4.57527],[-74.14096,4.57607],[-74.14212,4.5773],[-74.14262,4.57732],[-74.1431,4.57662],[-74.14304,4.57576],[-74.14385,4.57514],[-74.14369,4.57431],[-74.14484,4.57301],[-74.14561,4.57344],[-74.14599,4.57449],[-74.14651,4.5748],[-74.14706,4.57379],[-74.14745,4.57374],[-74.14772,4.57532],[-74.14706,4.57649],[-74.14836,4.57808],[-74.14878,4.57766],[-74.14836,4.57693],[-74.14872,4.57647],[-74.14999,4.57833],[-74.14943,4.57944],[-74.14965,4.58035],[-74.14931,4.58145],[-74.14877,4.58178],[-74.14761,4.58129],[-74.14722,4.58195],[-74.14842,4.58331],[-74.15111,4.58257],[-74.15148,4.58306],[-74.15139,4.58378],[-74.15059,4.58452],[-74.15216,4.58541],[-74.15192,4.58594],[-74.15119,4.58618],[-74.15049,4.58799],[-74.15138,4.58896],[-74.15265,4.5887],[-74.15176,4.58742],[-74.15222,4.58669],[-74.15307,4.58638],[-74.15339,4.58672],[-74.15305,4.58744],[-74.15332,4.5879],[-74.15504,4.58793],[-74.15696,4.5887],[-74.1565,4.59002],[-74.15482,4.59054],[-74.15426,4.59126],[-74.15336,4.59087],[-74.15282,4.59146],[-74.15139,4.5914],[-74.15122,4.59199],[-74.15205,4.59304],[-74.15332,4.59218],[-74.15419,4.59286],[-74.15413,4.59346],[-74.15282,4.59447],[-74.15226,4.59569]]]}},{"type":"Feature","properties":{"cod":"UPZ2","nombre":"La Academia","localidad":11},"geometry":{"type":"Polygon","coordinates":[[[-74.03849,4.79952],[-74.03952,4.79972],[-74.04014,4.80139],[-74.04017,4.80203],[-74.03948,4.80263],[-74.03925,4.8043],[-74.03987,4.80462],[-74.03988,4.80564],[-74.0408,4.80711],[-74.04009,4.80947],[-74.04069,4.81005],[-74.04441,4.80845],[-74.04152,4.8077],[-74.04251,4.80169],[-74.04808,4.80278],[-74.0491,4.79793],[-74.05358,4.7995],[-74.05454,4.79397],[-74.05614,4.78951],[-74.05851,4.7846],[-74.05931,4.78041],[-74.0621,4.77602],[-74.06383,4.77235],[-74.06282,4.77208],[-74.05919,4.76945],[-74.05752,4.77087],[-74.05554,4.77138],[-74.04371,4.76813],[-74.03849,4.79952]]]}},{"type":"Feature","properties":{"cod":"UPZ51","nombre":"Los Libertadores","localidad":4},"geometry":{"type":"Polygon","coordinates":[[[-74.07994,4.52763],[-74.08234,4.52991],[-74.08132,4.53236],[-74.084,4.53463],[-74.08374,4.5373],[-74.08582,4.53896],[-74.08614,4.53972],[-74.08826,4.54166],[-74.09167,4.54312],[-74.0921,4.54371],[-74.09714,4.54662],[-74.09746,4.54724],[-74.10024,4.54775],[-74.10127,4.54872],[-74.10263,4.54634],[-74.10045,4.54521],[-74.0986,4.54304],[-74.09781,4.5414],[-74.09881,4.54043],[-74.09854,4.53979],[-74.09781,4.53873],[-74.09765,4.53946],[-74.097,4.53991],[-74.09679,4.5391],[-74.09578,4.538],[-74.09586,4.53697],[-74.09522,4.53533],[-74.09531,4.53295],[-74.09435,4.52892],[-74.09436,4.52543],[-74.09412,4.52456],[-74.09355,4.52426],[-74.09342,4.52338],[-74.09377,4.52257],[-74.09408,4.51777],[-74.09491,4.51727],[-74.09428,4.51728],[-74.09446,4.51695],[-74.08956,4.5171],[-74.09054,4.51818],[-74.09107,4.51968],[-74.08189,4.51782],[-74.08179,4.51823],[-74.08281,4.51875],[-74.08697,4.52004],[-74.08782,4.52065],[-74.08726,4.52092],[-74.08719,4.52222],[-74.08597,4.52312],[-74.08535,4.52294],[-74.08535,4.52383],[-74.08429,4.52444],[-74.08441,4.52531],[-74.08346,4.52614],[-74.08285,4.52777],[-74.08017,4.52655],[-74.07994,4.52763]]]}},{"type":"Feature","properties":{"cod":"UPZ60","nombre":"Parque Entrenubes","localidad":5},"geometry":{"type":"MultiPolygon","coordinates":[[[[-74.09975,4.54453],[-74.10226,4.546],[-74.10371,4.54552],[-74.10315,4.54393],[-74.10119,4.54096],[-74.10135,4.54071],[-74.1008,4.54042],[-74.09989,4.5379],[-74.09884,4.53721],[-74.09815,4.53495],[-74.09897,4.53531],[-74.10009,4.53686],[-74.10071,4.53693],[-74.10107,4.53645],[-74.10155,4.53715],[-74.10293,4.53651],[-74.10514,4.53762],[-74.10663,4.53948],[-74.10929,4.53938],[-74.1094,4.53834],[-74.10834,4.53814],[-74.10766,4.53736],[-74.10757,4.53626],[-74.10651,4.53446],[-74.10572,4.53558],[-74.10437,4.53536],[-74.10372,4.5344],[-74.10338,4.53262],[-74.10298,4.5324],[-74.10358,4.53143],[-74.1048,4.53062],[-74.10665,4.53119],[-74.10756,4.53203],[-74.10864,4.53167],[-74.10904,4.53189],[-74.11105,4.53087],[-74.10916,4.52882],[-74.10869,4.52596],[-74.10716,4.52294],[-74.10707,4.52035],[-74.10745,4.51973],[-74.10711,4.5186],[-74.10792,4.51653],[-74.10734,4.51639],[-74.10687,4.51751],[-74.10512,4.51845],[-74.10296,4.51665],[-74.10297,4.51399],[-74.10331,4.51342],[-74.10469,4.51333],[-74.10543,4.51283],[-74.1054,4.51223],[-74.10315,4.51299],[-74.10107,4.5143],[-74.09708,4.51446],[-74.09608,4.5138],[-74.09517,4.51374],[-74.09481,4.51422],[-74.09517,4.517],[-74.09408,4.51777],[-74.09382,4.51959],[-74.09345,4.52379],[-74.09436,4.52543],[-74.09435,4.52892],[-74.09531,4.53295],[-74.09522,4.53533],[-74.09586,4.53697],[-74.09578,4.538],[-74.09679,4.5391],[-74.097,4.53991],[-74.09765,4.53946],[-74.09781,4.53873],[-74.09831,4.53938],[-74.09881,4.54043],[-74.09781,4.5414],[-74.0986,4.54304],[-74.09975,4.54453]]],[[[-74.10289,4.55022],[-74.10176,4.55591],[-74.1035,4.55986],[-74.10488,4.56197],[-74.10522,4.55902],[-74.10465,4.55674],[-74.10467,4.55498],[-74.10492,4.55355],[-74.10552,4.55345],[-74.10564,4.55211],[-74.10463,4.55],[-74.10386,4.55],[-74.10343,4.5487],[-74.10371,4.54792],[-74.10318,4.54693],[-74.10273,4.54894],[-74.10289,4.55022]]]]}},{"type":"Feature","properties":{"cod":"UPZ56","nombre":"Danubio","localidad":5},"geometry":{"type":"Polygon","coordinates":[[[-74.11893,4.54273],[-74.12115,4.54543],[-74.12387,4.54449],[-74.12609,4.54482],[-74.12485,4.54408],[-74.12534,4.54266],[-74.12497,4.53937],[-74.12454,4.53708],[-74.1239,4.53616],[-74.12408,4.53456],[-74.12307,4.53234],[-74.12311,4.53031],[-74.12231,4.53183],[-74.12111,4.53205],[-74.12149,4.53132],[-74.12145,4.52943],[-74.11991,4.52699],[-74.11426,4.52692],[-74.11418,4.52721],[-74.11345,4.52649],[-74.11335,4.52769],[-74.11256,4.52758],[-74.11196,4.52812],[-74.11209,4.5295],[-74.10923,4.52896],[-74.11105,4.53087],[-74.1105,4.53127],[-74.10756,4.53203],[-74.10665,4.53119],[-74.1048,4.53062],[-74.10358,4.53143],[-74.10298,4.5324],[-74.10338,4.53262],[-74.10372,4.5344],[-74.10437,4.53536],[-74.10572,4.53558],[-74.10651,4.53446],[-74.10757,4.53626],[-74.10766,4.53736],[-74.10834,4.53814],[-74.1094,4.53834],[-74.10929,4.53938],[-74.10881,4.53936],[-74.11238,4.54168],[-74.1127,4.54132],[-74.11257,4.54038],[-74.11633,4.54064],[-74.11726,4.54194],[-74.11893,4.54273]]]}},{"type":"Feature","properties":{"cod":"UPZ17","nombre":"San Jose de Bavaria","localidad":11},"geometry":{"type":"Polygon","coordinates":[[[-74.04371,4.76813],[-74.05554,4.77138],[-74.05752,4.77087],[-74.05919,4.76945],[-74.06282,4.77208],[-74.06327,4.77114],[-74.06429,4.77157],[-74.0654,4.77039],[-74.06765,4.76933],[-74.06713,4.76886],[-74.07288,4.7611],[-74.07098,4.76223],[-74.06883,4.76262],[-74.05988,4.75606],[-74.05744,4.75373],[-74.04668,4.75134],[-74.04371,4.76813]]]}},{"type":"Feature","properties":{"cod":"UPZ18","nombre":"Britalia","localidad":11},"geometry":{"type":"Polygon","coordinates":[[[-74.04668,4.75134],[-74.05744,4.75373],[-74.05988,4.75606],[-74.06581,4.76046],[-74.06633,4.75945],[-74.06506,4.751],[-74.0651,4.74247],[-74.0642,4.74188],[-74.06046,4.74053],[-74.04869,4.73778],[-74.04668,4.75134]]]}},{"type":"Feature","properties":{"cod":"UPZ26","nombre":"Las Ferias","localidad":10},"geometry":{"type":"Polygon","coordinates":[[[-74.07733,4.68536],[-74.08028,4.69056],[-74.08038,4.69181],[-74.08109,4.69326],[-74.08467,4.69437],[-74.08543,4.69653],[-74.08934,4.69537],[-74.09069,4.69435],[-74.09262,4.69073],[-74.10389,4.67466],[-74.10228,4.67323],[-74.10099,4.67064],[-74.09372,4.66607],[-74.08935,4.67171],[-74.08518,4.67894],[-74.07733,4.68536]]]}},{"type":"Feature","properties":{"cod":"UPZ115","nombre":"Capellania","localidad":9},"geometry":{"type":"Polygon","coordinates":[[[-74.12248,4.68297],[-74.13308,4.69118],[-74.13712,4.68617],[-74.13495,4.68455],[-74.136,4.68322],[-74.13039,4.67759],[-74.13338,4.67467],[-74.1351,4.67063],[-74.13464,4.67016],[-74.13183,4.67251],[-74.1309,4.67131],[-74.12797,4.67022],[-74.12681,4.67052],[-74.12121,4.67741],[-74.11905,4.67313],[-74.11218,4.66575],[-74.11163,4.6664],[-74.1209,4.68101],[-74.12248,4.68297]]]}},{"type":"Feature","properties":{"cod":"UPZ71","nombre":"Tibabuyes","localidad":11},"geometry":{"type":"Polygon","coordinates":[[[-74.10574,4.76278],[-74.10499,4.76506],[-74.10517,4.76585],[-74.10562,4.76599],[-74.10751,4.76305],[-74.10701,4.76259],[-74.10779,4.76272],[-74.10809,4.76231],[-74.10796,4.76188],[-74.10733,4.76196],[-74.10761,4.76139],[-74.11029,4.75966],[-74.11143,4.75964],[-74.11625,4.76379],[-74.11683,4.76179],[-74.12013,4.76115],[-74.12124,4.75982],[-74.12024,4.7544],[-74.12524,4.75397],[-74.12542,4.75346],[-74.12376,4.7512],[-74.1225,4.74775],[-74.12268,4.74726],[-74.12338,4.74742],[-74.12428,4.75004],[-74.12605,4.75074],[-74.12725,4.75064],[-74.12758,4.74931],[-74.12586,4.74926],[-74.12545,4.74831],[-74.12557,4.74706],[-74.12741,4.74615],[-74.12908,4.74634],[-74.13007,4.74592],[-74.13073,4.74311],[-74.13199,4.74028],[-74.13168,4.73975],[-74.12965,4.73899],[-74.12944,4.73783],[-74.1288,4.73735],[-74.12738,4.73731],[-74.12742,4.73885],[-74.12613,4.74002],[-74.12069,4.73944],[-74.1206,4.73788],[-74.11965,4.73682],[-74.11693,4.73602],[-74.11601,4.73502],[-74.1146,4.73469],[-74.11403,4.73205],[-74.11331,4.7318],[-74.11131,4.72971],[-74.10999,4.72934],[-74.10868,4.72743],[-74.1066,4.72587],[-74.10486,4.7261],[-74.10409,4.72582],[-74.10407,4.72401],[-74.10344,4.72331],[-74.10313,4.72702],[-74.10586,4.7434],[-74.10613,4.74779],[-74.10482,4.75618],[-74.10276,4.76243],[-74.10354,4.76246],[-74.10456,4.76339],[-74.10497,4.76277],[-74.10574,4.76278]]]}},{"type":"Feature","properties":{"cod":"UPZ29","nombre":"Minuto de Dios","localidad":10},"geometry":{"type":"Polygon","coordinates":[[[-74.09344,4.71289],[-74.09478,4.71449],[-74.09535,4.71599],[-74.09668,4.71738],[-74.09886,4.71746],[-74.09984,4.718],[-74.10037,4.71895],[-74.10056,4.72156],[-74.10214,4.7221],[-74.10343,4.72331],[-74.10551,4.71757],[-74.11009,4.70791],[-74.10776,4.70617],[-74.10087,4.70305],[-74.09582,4.6991],[-74.08916,4.69544],[-74.08543,4.69653],[-74.08589,4.69734],[-74.08776,4.69858],[-74.08837,4.69853],[-74.08799,4.70565],[-74.08974,4.70702],[-74.08968,4.70842],[-74.09049,4.70865],[-74.09047,4.70969],[-74.09104,4.71068],[-74.09225,4.7104],[-74.09335,4.71136],[-74.09344,4.71289]]]}},{"type":"Feature","properties":{"cod":"UPZ76","nombre":"Fontibon San Pablo","localidad":9},"geometry":{"type":"Polygon","coordinates":[[[-74.1456,4.69045],[-74.16528,4.70541],[-74.16781,4.70446],[-74.1712,4.70465],[-74.177,4.70278],[-74.17676,4.70176],[-74.17453,4.70061],[-74.16939,4.70105],[-74.16927,4.69932],[-74.1724,4.696],[-74.17024,4.69549],[-74.15973,4.68699],[-74.15823,4.68541],[-74.15644,4.68251],[-74.1456,4.69045]]]}},{"type":"Feature","properties":{"cod":"UPZ3","nombre":"Guaymaral","localidad":11},"geometry":{"type":"Polygon","coordinates":[[[-74.04078,4.8265],[-74.04115,4.82888],[-74.04245,4.83066],[-74.04368,4.82844],[-74.04569,4.82743],[-74.05084,4.82781],[-74.05238,4.82863],[-74.05275,4.82822],[-74.05391,4.81831],[-74.05582,4.81853],[-74.05544,4.82178],[-74.05756,4.82194],[-74.05853,4.81519],[-74.0565,4.81306],[-74.04438,4.80841],[-74.04069,4.81005],[-74.04009,4.80947],[-74.0408,4.80711],[-74.03988,4.80564],[-74.03987,4.80462],[-74.03925,4.8043],[-74.03948,4.80263],[-74.04017,4.80203],[-74.04014,4.80139],[-74.03952,4.79972],[-74.03849,4.79952],[-74.03508,4.8205],[-74.03553,4.82069],[-74.03553,4.82207],[-74.03501,4.82553],[-74.04078,4.8265]]]}},{"type":"Feature","properties":{"cod":"UPZ80","nombre":"Corabastos","localidad":8},"geometry":{"type":"Polygon","coordinates":[[[-74.15509,4.63183],[-74.15542,4.63367],[-74.15386,4.63542],[-74.1563,4.64032],[-74.16787,4.63027],[-74.17064,4.62827],[-74.16881,4.62483],[-74.16767,4.62387],[-74.166,4.62104],[-74.16197,4.62326],[-74.15542,4.63046],[-74.15509,4.63183]]]}},{"type":"Feature","properties":{"cod":"UPZ67","nombre":"Lucero","localidad":19},"geometry":{"type":"Polygon","coordinates":[[[-74.13413,4.55646],[-74.1347,4.55642],[-74.13526,4.55714],[-74.13399,4.55746],[-74.1342,4.55889],[-74.13388,4.56071],[-74.13747,4.56235],[-74.13835,4.56363],[-74.1387,4.56367],[-74.13897,4.56189],[-74.141,4.55988],[-74.14134,4.56014],[-74.14339,4.55885],[-74.1426,4.55764],[-74.14312,4.55742],[-74.14268,4.5565],[-74.14323,4.55708],[-74.14507,4.55718],[-74.14519,4.55762],[-74.14582,4.55768],[-74.1463,4.55886],[-74.14752,4.55878],[-74.14916,4.55969],[-74.1521,4.55674],[-74.15299,4.55922],[-74.15608,4.55897],[-74.15704,4.55697],[-74.15995,4.55511],[-74.16606,4.55],[-74.16565,4.54928],[-74.16304,4.54927],[-74.15845,4.54757],[-74.1588,4.54715],[-74.16206,4.54671],[-74.16334,4.54509],[-74.16469,4.54189],[-74.16247,4.53998],[-74.16113,4.54019],[-74.16035,4.53979],[-74.15942,4.5383],[-74.15483,4.53854],[-74.15132,4.53767],[-74.15159,4.53866],[-74.15114,4.53864],[-74.15115,4.53896],[-74.14906,4.53884],[-74.14806,4.54015],[-74.14852,4.54048],[-74.1477,4.54144],[-74.14343,4.54169],[-74.14321,4.54385],[-74.14108,4.54566],[-74.13779,4.5457],[-74.13654,4.55016],[-74.1367,4.55211],[-74.13512,4.55235],[-74.13415,4.55499],[-74.13413,4.55646]]]}},{"type":"Feature","properties":{"cod":"UPZ63","nombre":"El Mochuelo","localidad":19},"geometry":{"type":"Polygon","coordinates":[[[-74.12485,4.54408],[-74.12681,4.54552],[-74.12838,4.54502],[-74.12998,4.54604],[-74.12939,4.54679],[-74.12694,4.54722],[-74.1263,4.54612],[-74.12536,4.54751],[-74.1271,4.54962],[-74.12784,4.54975],[-74.12881,4.54934],[-74.12984,4.54971],[-74.13197,4.54955],[-74.13238,4.55048],[-74.13197,4.55264],[-74.13389,4.55519],[-74.13325,4.55632],[-74.13413,4.55646],[-74.13415,4.55499],[-74.13512,4.55235],[-74.1367,4.55211],[-74.13649,4.55062],[-74.13705,4.54772],[-74.13669,4.54634],[-74.1335,4.5402],[-74.13056,4.53775],[-74.13378,4.53635],[-74.13493,4.53298],[-74.13477,4.53129],[-74.13552,4.52909],[-74.13334,4.5271],[-74.13267,4.52391],[-74.1291,4.52431],[-74.12886,4.52472],[-74.12551,4.52605],[-74.12479,4.52759],[-74.12321,4.52746],[-74.12307,4.53234],[-74.12413,4.53473],[-74.1239,4.53616],[-74.12466,4.5375],[-74.12534,4.54266],[-74.12485,4.54408]]]}},{"type":"Feature","properties":{"cod":"UPZ55","nombre":"Diana Turbay","localidad":18},"geometry":{"type":"Polygon","coordinates":[[[-74.10558,4.55287],[-74.10797,4.55305],[-74.10853,4.55235],[-74.11015,4.55252],[-74.11419,4.54934],[-74.11445,4.54711],[-74.11486,4.54654],[-74.11876,4.54446],[-74.12013,4.54431],[-74.11893,4.54273],[-74.11726,4.54194],[-74.11633,4.54064],[-74.11257,4.54038],[-74.1127,4.54132],[-74.11238,4.54168],[-74.1088,4.53936],[-74.10663,4.53948],[-74.10514,4.53762],[-74.10293,4.53651],[-74.10155,4.53715],[-74.10107,4.53645],[-74.10071,4.53693],[-74.10009,4.53686],[-74.09897,4.53531],[-74.09815,4.53495],[-74.09884,4.53721],[-74.09989,4.5379],[-74.1008,4.54042],[-74.10135,4.54071],[-74.10119,4.54096],[-74.10315,4.54393],[-74.10371,4.54552],[-74.1023,4.54597],[-74.10371,4.54792],[-74.10343,4.5487],[-74.10386,4.55],[-74.10463,4.55],[-74.1055,4.55162],[-74.10558,4.55287]]]}},{"type":"Feature","properties":{"cod":"UPZ9","nombre":"Verbenal","localidad":1},"geometry":{"type":"MultiPolygon","coordinates":[[[[-74.03995,4.7706],[-74.04319,4.77107],[-74.04554,4.75777],[-74.04061,4.76026],[-74.04044,4.75714],[-74.02764,4.75618],[-74.02463,4.75614],[-74.02367,4.75655],[-74.02313,4.75535],[-74.02269,4.75541],[-74.02308,4.75654],[-74.02253,4.75662],[-74.02266,4.75693],[-74.0211,4.75705],[-74.02135,4.758],[-74.02171,4.75805],[-74.02116,4.76018],[-74.02299,4.7603],[-74.02311,4.76284],[-74.0226,4.76453],[-74.02296,4.7673],[-74.02272,4.76895],[-74.02772,4.76993],[-74.03114,4.77001],[-74.03117,4.76946],[-74.0344,4.77053],[-74.03995,4.7706]]],[[[-74.02249,4.7645],[-74.02004,4.76484],[-74.02253,4.76466],[-74.02249,4.7645]]]]}},{"type":"Feature","properties":{"cod":"UPZ50","nombre":"La Gloria","localidad":4},"geometry":{"type":"Polygon","coordinates":[[[-74.09045,4.55307],[-74.09339,4.55536],[-74.09506,4.55579],[-74.09673,4.55749],[-74.09826,4.55789],[-74.09977,4.55997],[-74.10215,4.56096],[-74.1048,4.56451],[-74.10627,4.5639],[-74.10418,4.56114],[-74.10176,4.55591],[-74.10318,4.54693],[-74.10263,4.54642],[-74.10116,4.54881],[-74.10024,4.54775],[-74.09746,4.54724],[-74.09714,4.54662],[-74.0921,4.54371],[-74.09167,4.54312],[-74.08826,4.54166],[-74.08614,4.53972],[-74.08582,4.53896],[-74.08374,4.5373],[-74.084,4.53463],[-74.08132,4.53236],[-74.08234,4.52991],[-74.08184,4.52948],[-74.08165,4.53032],[-74.08055,4.53028],[-74.08046,4.53086],[-74.07988,4.53088],[-74.07962,4.53314],[-74.07846,4.53315],[-74.07721,4.53438],[-74.07759,4.53714],[-74.07709,4.53876],[-74.0757,4.54055],[-74.07654,4.54212],[-74.07552,4.54532],[-74.07546,4.54762],[-74.07592,4.54839],[-74.07864,4.54765],[-74.08351,4.54747],[-74.0843,4.54882],[-74.08636,4.54952],[-74.08647,4.55151],[-74.08688,4.55184],[-74.08802,4.54942],[-74.0879,4.5481],[-74.08857,4.54779],[-74.09007,4.54961],[-74.09045,4.55307]]]}},{"type":"Feature","properties":{"cod":"UPZ20","nombre":"La Alhambra","localidad":11},"geometry":{"type":"Polygon","coordinates":[[[-74.0539,4.70674],[-74.06121,4.70795],[-74.0645,4.70912],[-74.06531,4.70443],[-74.06594,4.7031],[-74.06826,4.70146],[-74.07038,4.70104],[-74.06876,4.69597],[-74.066,4.69132],[-74.06516,4.68902],[-74.05725,4.68684],[-74.0539,4.70674]]]}},{"type":"Feature","properties":{"cod":"UPZ79","nombre":"Calandaima","localidad":8},"geometry":{"type":"Polygon","coordinates":[[[-74.17124,4.65705],[-74.17237,4.65718],[-74.17413,4.65596],[-74.17458,4.65441],[-74.17658,4.65471],[-74.17751,4.65424],[-74.16689,4.63989],[-74.16034,4.64555],[-74.15748,4.64244],[-74.15631,4.64059],[-74.14699,4.64911],[-74.1545,4.65622],[-74.1587,4.65187],[-74.15927,4.65283],[-74.1646,4.64985],[-74.17124,4.65705]]]}},{"type":"Feature","properties":{"cod":"UPZ61","nombre":"Ciudad Usme","localidad":5},"geometry":{"type":"MultiPolygon","coordinates":[[[[-74.09418,4.51033],[-74.09611,4.50963],[-74.09611,4.50907],[-74.09662,4.5091],[-74.09667,4.5087],[-74.09736,4.50908],[-74.09819,4.50889],[-74.09848,4.50769],[-74.09803,4.50488],[-74.099,4.50385],[-74.0983,4.50325],[-74.09842,4.50229],[-74.09728,4.50249],[-74.09728,4.50162],[-74.09509,4.50205],[-74.09485,4.50148],[-74.09463,4.49903],[-74.096,4.49853],[-74.09568,4.49727],[-74.0973,4.49603],[-74.09906,4.49574],[-74.09953,4.49511],[-74.09877,4.49385],[-74.09964,4.49288],[-74.09872,4.49265],[-74.09811,4.49185],[-74.09814,4.4914],[-74.0992,4.4907],[-74.09865,4.48995],[-74.09719,4.49093],[-74.09678,4.49032],[-74.09613,4.48761],[-74.09641,4.48696],[-74.09614,4.48563],[-74.09874,4.48465],[-74.10668,4.48731],[-74.10985,4.49064],[-74.11147,4.49],[-74.11308,4.49012],[-74.11233,4.48917],[-74.11285,4.48802],[-74.11408,4.48733],[-74.11597,4.48781],[-74.11638,4.48747],[-74.11979,4.48773],[-74.12018,4.48734],[-74.12114,4.48853],[-74.12043,4.48992],[-74.12049,4.49058],[-74.12165,4.48818],[-74.12129,4.48575],[-74.12177,4.48423],[-74.12262,4.48234],[-74.1235,4.48157],[-74.12453,4.47911],[-74.12698,4.47756],[-74.12842,4.47529],[-74.12979,4.47639],[-74.13031,4.47637],[-74.13059,4.47542],[-74.13245,4.4732],[-74.13307,4.47186],[-74.1328,4.47041],[-74.13139,4.46815],[-74.13085,4.46632],[-74.13095,4.46499],[-74.12961,4.46401],[-74.12933,4.46252],[-74.12996,4.46149],[-74.12905,4.46072],[-74.12942,4.45928],[-74.12904,4.4586],[-74.12658,4.45849],[-74.12504,4.45786],[-74.12223,4.46179],[-74.11703,4.463],[-74.11479,4.46669],[-74.11351,4.46775],[-74.11299,4.46872],[-74.1104,4.46939],[-74.10919,4.4714],[-74.1083,4.47206],[-74.10887,4.47431],[-74.10849,4.47494],[-74.10791,4.4753],[-74.10712,4.47473],[-74.10648,4.47549],[-74.10417,4.47639],[-74.10363,4.47761],[-74.09973,4.47802],[-74.09694,4.47596],[-74.09297,4.47628],[-74.09586,4.48099],[-74.09588,4.48155],[-74.0953,4.48305],[-74.09551,4.48458],[-74.09458,4.48693],[-74.09503,4.48768],[-74.09351,4.48923],[-74.09385,4.48997],[-74.09338,4.49102],[-74.09268,4.49127],[-74.09236,4.49307],[-74.09053,4.49382],[-74.0886,4.49392],[-74.0848,4.49283],[-74.08265,4.49322],[-74.08237,4.49295],[-74.08186,4.49383],[-74.08274,4.49418],[-74.08228,4.49488],[-74.08319,4.49555],[-74.0831,4.49622],[-74.08424,4.49718],[-74.08428,4.49764],[-74.08943,4.49756],[-74.09193,4.5],[-74.0938,4.50314],[-74.09339,4.50453],[-74.09404,4.50522],[-74.09342,4.50665],[-74.09445,4.50995],[-74.09419,4.50984],[-74.09418,4.51033]]],[[[-74.08045,4.47115],[-74.07893,4.47245],[-74.07928,4.47301],[-74.07878,4.47323],[-74.07934,4.47505],[-74.08035,4.47484],[-74.08035,4.47428],[-74.08129,4.47428],[-74.08192,4.47311],[-74.08339,4.47308],[-74.08133,4.47129],[-74.08045,4.47115]]]]}},{"type":"Feature","properties":{"cod":"UPZ12","nombre":"Toberin","localidad":1},"geometry":{"type":"Polygon","coordinates":[[[-74.03211,4.73114],[-74.03157,4.74832],[-74.04668,4.75134],[-74.04869,4.73778],[-74.04282,4.7365],[-74.03211,4.73114]]]}},{"type":"Feature","properties":{"cod":"UPZ10","nombre":"La Uribe","localidad":1},"geometry":{"type":"Polygon","coordinates":[[[-74.0211,4.75705],[-74.02266,4.75693],[-74.02253,4.75662],[-74.02308,4.75654],[-74.02269,4.75541],[-74.02313,4.75535],[-74.02367,4.75655],[-74.02463,4.75614],[-74.02764,4.75618],[-74.04044,4.75714],[-74.04082,4.76026],[-74.04554,4.75777],[-74.04668,4.75134],[-74.03157,4.74832],[-74.0317,4.7429],[-74.02247,4.74101],[-74.02246,4.74651],[-74.02025,4.7468],[-74.01999,4.74631],[-74.01969,4.7468],[-74.01767,4.746],[-74.01757,4.74699],[-74.01815,4.7474],[-74.01807,4.74775],[-74.01662,4.74791],[-74.01945,4.74932],[-74.01932,4.75063],[-74.01868,4.75069],[-74.01838,4.75144],[-74.01756,4.75178],[-74.01869,4.7519],[-74.02003,4.75355],[-74.0186,4.75545],[-74.01949,4.75533],[-74.02014,4.75609],[-74.02072,4.75607],[-74.0211,4.75705]]]}},{"type":"Feature","properties":{"cod":"UPZ34","nombre":"20 de Julio","localidad":4},"geometry":{"type":"Polygon","coordinates":[[[-74.08531,4.56958],[-74.08677,4.56947],[-74.09046,4.57167],[-74.09458,4.5758],[-74.10476,4.56423],[-74.10229,4.56108],[-74.09965,4.55989],[-74.09828,4.55791],[-74.09673,4.55749],[-74.09506,4.55579],[-74.09339,4.55536],[-74.09197,4.55433],[-74.0906,4.55629],[-74.09095,4.55757],[-74.09053,4.55902],[-74.08983,4.55989],[-74.08858,4.56342],[-74.08716,4.56436],[-74.08647,4.56757],[-74.08531,4.56958]]]}},{"type":"Feature","properties":{"cod":"UPZ47","nombre":"Kennedy Central","localidad":8},"geometry":{"type":"Polygon","coordinates":[[[-74.14841,4.63142],[-74.15509,4.63183],[-74.15542,4.63046],[-74.16197,4.62326],[-74.16717,4.62035],[-74.17471,4.61452],[-74.17351,4.61359],[-74.17191,4.61339],[-74.16441,4.61452],[-74.16083,4.61563],[-74.14935,4.61768],[-74.14321,4.6193],[-74.14186,4.61913],[-74.14199,4.62009],[-74.14636,4.62408],[-74.14511,4.62548],[-74.14528,4.62672],[-74.14805,4.62956],[-74.14841,4.63142]]]}},{"type":"Feature","properties":{"cod":"UPZ48","nombre":"Timiza","localidad":8},"geometry":{"type":"Polygon","coordinates":[[[-74.15216,4.59976],[-74.14671,4.60205],[-74.14564,4.60627],[-74.15298,4.61704],[-74.16083,4.61563],[-74.16441,4.61452],[-74.17191,4.61339],[-74.17351,4.61359],[-74.17471,4.61452],[-74.17836,4.61121],[-74.17729,4.60962],[-74.17784,4.60809],[-74.17738,4.60639],[-74.17847,4.60609],[-74.17861,4.60526],[-74.17799,4.6049],[-74.17658,4.60533],[-74.17611,4.6044],[-74.17623,4.60322],[-74.1777,4.60208],[-74.17757,4.60096],[-74.17595,4.60124],[-74.17591,4.60294],[-74.17554,4.60342],[-74.17289,4.60315],[-74.17312,4.60236],[-74.17453,4.60135],[-74.17401,4.60017],[-74.17177,4.60084],[-74.17008,4.60056],[-74.17006,4.60206],[-74.1691,4.60234],[-74.16859,4.60425],[-74.16744,4.60441],[-74.16314,4.60634],[-74.15954,4.6055],[-74.15698,4.60408],[-74.15658,4.60307],[-74.15512,4.60277],[-74.15349,4.60098],[-74.15247,4.60089],[-74.15216,4.59976]]]}},{"type":"Feature","properties":{"cod":"UPZ113","nombre":"Bavaria","localidad":8},"geometry":{"type":"Polygon","coordinates":[[[-74.12566,4.64524],[-74.12857,4.64773],[-74.13229,4.64434],[-74.13599,4.63901],[-74.13718,4.63556],[-74.13777,4.63048],[-74.12241,4.62903],[-74.11952,4.63611],[-74.1183,4.63741],[-74.1231,4.64103],[-74.12381,4.64087],[-74.12444,4.64172],[-74.12566,4.64524]]]}},{"type":"Feature","properties":{"cod":"UPZ44","nombre":"Americas","localidad":8},"geometry":{"type":"Polygon","coordinates":[[[-74.12241,4.62903],[-74.14841,4.63142],[-74.14805,4.62956],[-74.14528,4.62672],[-74.14511,4.62548],[-74.14636,4.62408],[-74.14199,4.62009],[-74.14186,4.61913],[-74.13926,4.6185],[-74.13382,4.61226],[-74.12906,4.60933],[-74.1245,4.62392],[-74.12241,4.62903]]]}},{"type":"Feature","properties":{"cod":"UPZ13","nombre":"Los Cedros","localidad":1},"geometry":{"type":"Polygon","coordinates":[[[-74.02461,4.72758],[-74.04282,4.7365],[-74.04869,4.73778],[-74.05185,4.71899],[-74.04977,4.71866],[-74.02916,4.71161],[-74.02309,4.71157],[-74.02371,4.71244],[-74.02304,4.71376],[-74.02308,4.71482],[-74.02153,4.71436],[-74.02094,4.71494],[-74.02009,4.71445],[-74.01975,4.71473],[-74.02145,4.71574],[-74.02163,4.71732],[-74.0207,4.71778],[-74.02241,4.71862],[-74.02259,4.71942],[-74.02208,4.72019],[-74.02238,4.72114],[-74.02171,4.72205],[-74.02032,4.7219],[-74.02026,4.72243],[-74.01955,4.72229],[-74.01812,4.72375],[-74.01893,4.72365],[-74.01957,4.72452],[-74.01939,4.72504],[-74.01994,4.72583],[-74.01937,4.7261],[-74.02143,4.72673],[-74.02145,4.72854],[-74.02059,4.72962],[-74.02315,4.73031],[-74.02335,4.73098],[-74.02397,4.73119],[-74.02461,4.72758]]]}},{"type":"Feature","properties":{"cod":"UPZ11","nombre":"San Cristobal Norte","localidad":1},"geometry":{"type":"Polygon","coordinates":[[[-74.01969,4.7468],[-74.01999,4.74631],[-74.02025,4.7468],[-74.02246,4.74651],[-74.02247,4.74101],[-74.03181,4.7429],[-74.03211,4.73114],[-74.02461,4.72758],[-74.02397,4.73119],[-74.02335,4.73098],[-74.02315,4.73031],[-74.02049,4.7295],[-74.02064,4.73019],[-74.02017,4.73136],[-74.02116,4.73242],[-74.02107,4.73318],[-74.01593,4.72945],[-74.01363,4.72872],[-74.01371,4.72935],[-74.0129,4.73017],[-74.01243,4.72988],[-74.01154,4.73094],[-74.01345,4.73163],[-74.01258,4.73321],[-74.01249,4.73484],[-74.01824,4.73685],[-74.01739,4.73771],[-74.01798,4.73815],[-74.01753,4.73912],[-74.01894,4.74077],[-74.01885,4.74214],[-74.01563,4.74154],[-74.0147,4.74242],[-74.01552,4.74266],[-74.01575,4.74318],[-74.01686,4.74311],[-74.01697,4.74401],[-74.01796,4.74422],[-74.01797,4.74382],[-74.01828,4.74366],[-74.01764,4.74595],[-74.01969,4.7468]]]}},{"type":"Feature","properties":{"cod":"UPZ14","nombre":"Usaquen","localidad":1},"geometry":{"type":"Polygon","coordinates":[[[-74.02916,4.71161],[-74.03262,4.71274],[-74.03304,4.69786],[-74.03538,4.6925],[-74.0482,4.6849],[-74.0349,4.67847],[-74.03369,4.67955],[-74.02946,4.68031],[-74.02956,4.68136],[-74.02922,4.68176],[-74.02805,4.68111],[-74.02782,4.68005],[-74.02717,4.68052],[-74.0258,4.67995],[-74.0252,4.68043],[-74.02574,4.68071],[-74.02525,4.68187],[-74.02307,4.68272],[-74.02592,4.68367],[-74.02673,4.68356],[-74.02622,4.68417],[-74.02551,4.6842],[-74.02537,4.6857],[-74.02281,4.68687],[-74.02465,4.68682],[-74.02482,4.68733],[-74.02397,4.68913],[-74.02402,4.69145],[-74.02344,4.69185],[-74.02232,4.69159],[-74.02277,4.69323],[-74.02205,4.69353],[-74.02453,4.69465],[-74.02398,4.69587],[-74.02541,4.69769],[-74.0255,4.69869],[-74.02606,4.69944],[-74.0252,4.70058],[-74.02541,4.70208],[-74.02504,4.70303],[-74.02435,4.70327],[-74.024,4.70277],[-74.02315,4.70296],[-74.02283,4.70264],[-74.02067,4.70543],[-74.02142,4.70527],[-74.02175,4.70694],[-74.02232,4.70667],[-74.02266,4.70715],[-74.0249,4.70734],[-74.0244,4.70959],[-74.02403,4.70984],[-74.02409,4.71124],[-74.02361,4.71154],[-74.02431,4.7118],[-74.02916,4.71161]]]}},{"type":"Feature","properties":{"cod":"UPZ70","nombre":"Jerusalem","localidad":19},"geometry":{"type":"Polygon","coordinates":[[[-74.15397,4.57449],[-74.15738,4.58045],[-74.1606,4.5801],[-74.15981,4.57889],[-74.16923,4.57096],[-74.16984,4.57162],[-74.17162,4.57202],[-74.17329,4.57128],[-74.17511,4.57192],[-74.17852,4.57017],[-74.17782,4.56811],[-74.1778,4.56385],[-74.17741,4.56221],[-74.17638,4.56049],[-74.17645,4.55887],[-74.17697,4.55805],[-74.17646,4.55639],[-74.17706,4.55431],[-74.17691,4.55351],[-74.17471,4.55317],[-74.17417,4.55244],[-74.17119,4.5535],[-74.16925,4.55299],[-74.16482,4.55487],[-74.16618,4.55778],[-74.16282,4.55918],[-74.16234,4.56202],[-74.16092,4.56309],[-74.16032,4.56291],[-74.15953,4.56175],[-74.15891,4.55858],[-74.15795,4.55725],[-74.15903,4.55554],[-74.15704,4.55697],[-74.15608,4.55897],[-74.15185,4.55934],[-74.15149,4.55988],[-74.15404,4.56287],[-74.15501,4.56369],[-74.15516,4.56333],[-74.15601,4.56364],[-74.15606,4.56438],[-74.15656,4.56479],[-74.15605,4.56551],[-74.15106,4.5662],[-74.15119,4.56884],[-74.1518,4.5689],[-74.15263,4.57051],[-74.15306,4.5701],[-74.15479,4.57392],[-74.15397,4.57449]]]}},{"type":"Feature","properties":{"cod":"UPZ36","nombre":"San Jose","localidad":18},"geometry":{"type":"Polygon","coordinates":[[[-74.09458,4.5758],[-74.10249,4.58126],[-74.10805,4.57866],[-74.115,4.57665],[-74.11489,4.57614],[-74.11387,4.57558],[-74.11266,4.57418],[-74.11138,4.57444],[-74.10978,4.57341],[-74.11091,4.57211],[-74.11029,4.57155],[-74.10955,4.56903],[-74.10714,4.56574],[-74.10613,4.56579],[-74.10459,4.56467],[-74.09458,4.5758]]]}},{"type":"Feature","properties":{"cod":"UPZ66","nombre":"San Francisco","localidad":19},"geometry":{"type":"Polygon","coordinates":[[[-74.14325,4.56682],[-74.15397,4.57449],[-74.15479,4.57392],[-74.15306,4.5701],[-74.15263,4.57051],[-74.1518,4.5689],[-74.15119,4.56884],[-74.15106,4.5662],[-74.15605,4.56551],[-74.15656,4.56479],[-74.15606,4.56438],[-74.15601,4.56364],[-74.1547,4.56347],[-74.15149,4.55988],[-74.15202,4.55926],[-74.15299,4.55922],[-74.1521,4.55674],[-74.14916,4.55969],[-74.14752,4.55878],[-74.1463,4.55886],[-74.14582,4.55768],[-74.14519,4.55762],[-74.14507,4.55718],[-74.14323,4.55708],[-74.14268,4.5565],[-74.14312,4.55742],[-74.1426,4.55764],[-74.14339,4.55885],[-74.14134,4.56014],[-74.141,4.55988],[-74.1392,4.56162],[-74.1387,4.56367],[-74.13934,4.56379],[-74.14045,4.56496],[-74.14063,4.567],[-74.14325,4.56682]]]}},{"type":"Feature","properties":{"cod":"UPZ57","nombre":"Gran Yomasa","localidad":5},"geometry":{"type":"Polygon","coordinates":[[[-74.10923,4.52896],[-74.11209,4.5295],[-74.11196,4.52812],[-74.11256,4.52758],[-74.11335,4.52769],[-74.11345,4.52649],[-74.11418,4.52721],[-74.11426,4.52692],[-74.11975,4.52693],[-74.1214,4.5292],[-74.12149,4.53132],[-74.12111,4.53205],[-74.12231,4.53183],[-74.12279,4.53135],[-74.12321,4.52746],[-74.12479,4.52759],[-74.12551,4.52605],[-74.12648,4.52564],[-74.12567,4.52387],[-74.12237,4.51997],[-74.12154,4.51507],[-74.12189,4.51202],[-74.1214,4.51133],[-74.11574,4.50903],[-74.11356,4.50704],[-74.11202,4.50667],[-74.10498,4.50641],[-74.10435,4.50559],[-74.10328,4.50519],[-74.10173,4.50291],[-74.10038,4.50215],[-74.1007,4.50171],[-74.09892,4.50052],[-74.0987,4.49993],[-74.09763,4.5],[-74.09562,4.49931],[-74.09479,4.49991],[-74.09509,4.50205],[-74.09728,4.50162],[-74.09728,4.50249],[-74.09842,4.50229],[-74.0983,4.50325],[-74.099,4.50385],[-74.09803,4.50488],[-74.09848,4.50769],[-74.09819,4.50889],[-74.09736,4.50908],[-74.09667,4.5087],[-74.09662,4.5091],[-74.09611,4.50907],[-74.09611,4.50963],[-74.09418,4.51033],[-74.09452,4.51408],[-74.09478,4.51424],[-74.09527,4.51372],[-74.09708,4.51446],[-74.10107,4.5143],[-74.10315,4.51299],[-74.1054,4.51223],[-74.10543,4.51283],[-74.10469,4.51333],[-74.10331,4.51342],[-74.10297,4.51399],[-74.10296,4.51665],[-74.10512,4.51845],[-74.10687,4.51751],[-74.10734,4.51639],[-74.10792,4.51653],[-74.10711,4.5186],[-74.10745,4.51973],[-74.107,4.52181],[-74.10768,4.52435],[-74.10869,4.52596],[-74.10923,4.52896]]]}},{"type":"Feature","properties":{"cod":"UPZ52","nombre":"La Flora","localidad":5},"geometry":{"type":"MultiPolygon","coordinates":[[[[-74.08714,4.51655],[-74.08758,4.5175],[-74.08901,4.5178],[-74.08941,4.51694],[-74.09446,4.51695],[-74.09428,4.51728],[-74.09517,4.517],[-74.09481,4.51422],[-74.09452,4.51408],[-74.09419,4.50984],[-74.09445,4.50995],[-74.09342,4.50665],[-74.09404,4.50522],[-74.09339,4.50453],[-74.0938,4.50314],[-74.09089,4.49865],[-74.0889,4.49747],[-74.0851,4.49758],[-74.08527,4.49808],[-74.08448,4.49812],[-74.08571,4.49999],[-74.07859,4.50251],[-74.07881,4.50342],[-74.07967,4.50315],[-74.08043,4.50383],[-74.08512,4.5027],[-74.08641,4.50175],[-74.08655,4.50258],[-74.08689,4.50256],[-74.08808,4.50448],[-74.08813,4.50498],[-74.08571,4.50546],[-74.08602,4.50657],[-74.08255,4.50745],[-74.08314,4.50908],[-74.08546,4.5083],[-74.08852,4.5087],[-74.0881,4.51293],[-74.08884,4.51619],[-74.08788,4.51671],[-74.08714,4.51655]]],[[[-74.08011,4.5007],[-74.08127,4.50028],[-74.08109,4.5],[-74.08178,4.49944],[-74.08309,4.49909],[-74.08257,4.49775],[-74.07886,4.49912],[-74.07949,4.50041],[-74.07988,4.50029],[-74.08011,4.5007]]]]}},{"type":"Feature","properties":{"cod":"UPZ73","nombre":"Garces Navas","localidad":10},"geometry":{"type":"Polygon","coordinates":[[[-74.12694,4.72862],[-74.12893,4.72677],[-74.12965,4.7284],[-74.12954,4.73033],[-74.13098,4.73088],[-74.13244,4.72934],[-74.135,4.72832],[-74.13619,4.7284],[-74.13692,4.73046],[-74.13739,4.73073],[-74.14411,4.72824],[-74.13948,4.72548],[-74.13619,4.72284],[-74.13512,4.72012],[-74.13341,4.71868],[-74.13133,4.71802],[-74.13044,4.71714],[-74.13005,4.71632],[-74.13096,4.71579],[-74.13147,4.71494],[-74.13141,4.71413],[-74.13006,4.71325],[-74.12934,4.71208],[-74.12934,4.71123],[-74.12732,4.71107],[-74.12631,4.70999],[-74.12883,4.70515],[-74.12803,4.70358],[-74.12488,4.7034],[-74.12243,4.70192],[-74.12207,4.70113],[-74.12241,4.70055],[-74.12174,4.69964],[-74.12271,4.69771],[-74.11759,4.69473],[-74.11601,4.69694],[-74.11009,4.70791],[-74.1145,4.71232],[-74.12107,4.72154],[-74.12694,4.72862]]]}},{"type":"Feature","properties":{"cod":"UPZ74","nombre":"Engativa","localidad":10},"geometry":{"type":"Polygon","coordinates":[[[-74.13619,4.72284],[-74.13948,4.72548],[-74.14411,4.72824],[-74.14924,4.72546],[-74.1511,4.72273],[-74.15653,4.72347],[-74.15749,4.72416],[-74.15689,4.72547],[-74.15794,4.72553],[-74.15977,4.72384],[-74.16048,4.72097],[-74.16012,4.71997],[-74.1587,4.71939],[-74.15678,4.71745],[-74.15635,4.71718],[-74.15598,4.71819],[-74.15478,4.71764],[-74.12468,4.69494],[-74.12277,4.6974],[-74.12188,4.69923],[-74.1218,4.7],[-74.12241,4.70055],[-74.12213,4.70161],[-74.12488,4.7034],[-74.12803,4.70358],[-74.12883,4.70515],[-74.12635,4.7096],[-74.12638,4.71023],[-74.12746,4.71112],[-74.12934,4.71123],[-74.12934,4.71208],[-74.13006,4.71325],[-74.13141,4.71413],[-74.1315,4.71467],[-74.13096,4.71579],[-74.13005,4.71632],[-74.1301,4.71667],[-74.13133,4.71802],[-74.13341,4.71868],[-74.13512,4.72012],[-74.13619,4.72284]]]}},{"type":"Feature","properties":{"cod":"UPZ30","nombre":"Boyaca Real","localidad":10},"geometry":{"type":"Polygon","coordinates":[[[-74.08916,4.69544],[-74.09582,4.6991],[-74.10087,4.70305],[-74.10776,4.70617],[-74.11009,4.70791],[-74.11601,4.69694],[-74.11759,4.69472],[-74.10783,4.68891],[-74.10462,4.68537],[-74.09942,4.68105],[-74.09252,4.69087],[-74.09069,4.69435],[-74.08916,4.69544]]]}},{"type":"Feature","properties":{"cod":"UPZ116","nombre":"Alamos","localidad":10},"geometry":{"type":"Polygon","coordinates":[[[-74.10921,4.68974],[-74.12271,4.69771],[-74.12468,4.69494],[-74.12038,4.69222],[-74.1184,4.68865],[-74.12145,4.68666],[-74.12405,4.68554],[-74.12465,4.6848],[-74.12168,4.68211],[-74.11297,4.6685],[-74.11345,4.67667],[-74.11669,4.68166],[-74.10921,4.68974]]]}},{"type":"Feature","properties":{"cod":"UPZ38","nombre":"Restrepo","localidad":15},"geometry":{"type":"Polygon","coordinates":[[[-74.089,4.59182],[-74.09908,4.59492],[-74.1032,4.59466],[-74.10403,4.59584],[-74.10707,4.59824],[-74.1091,4.59783],[-74.11463,4.59538],[-74.1209,4.59378],[-74.12635,4.59325],[-74.13075,4.59335],[-74.12803,4.59254],[-74.12447,4.58996],[-74.11686,4.58845],[-74.11007,4.58866],[-74.10888,4.58923],[-74.10249,4.58126],[-74.09444,4.58578],[-74.08975,4.59148],[-74.089,4.59182]]]}},{"type":"Feature","properties":{"cod":"UPZ41","nombre":"Muzu","localidad":16},"geometry":{"type":"Polygon","coordinates":[[[-74.11327,4.59588],[-74.11819,4.60058],[-74.12452,4.60475],[-74.12906,4.60933],[-74.13731,4.59621],[-74.13777,4.59489],[-74.13075,4.59335],[-74.12635,4.59325],[-74.1209,4.59378],[-74.11327,4.59588]]]}},{"type":"Feature","properties":{"cod":"UPZ40","nombre":"Ciudad Montes","localidad":16},"geometry":{"type":"Polygon","coordinates":[[[-74.09788,4.60655],[-74.10121,4.60906],[-74.10332,4.61135],[-74.10521,4.61531],[-74.10582,4.61845],[-74.12906,4.60933],[-74.12452,4.60475],[-74.11819,4.60058],[-74.11327,4.59588],[-74.1091,4.59783],[-74.10707,4.59824],[-74.10211,4.60201],[-74.09788,4.60655]]]}},{"type":"Feature","properties":{"cod":"UPZ84","nombre":"Bosa Occidental","localidad":7},"geometry":{"type":"Polygon","coordinates":[[[-74.17656,4.62402],[-74.1778,4.62968],[-74.17995,4.63461],[-74.1955,4.62841],[-74.19575,4.62887],[-74.20788,4.62364],[-74.20665,4.62082],[-74.20445,4.62235],[-74.2037,4.61919],[-74.20465,4.61677],[-74.20356,4.61688],[-74.20281,4.61745],[-74.20274,4.61855],[-74.20188,4.61934],[-74.2013,4.61896],[-74.20036,4.6172],[-74.19855,4.61735],[-74.19868,4.61864],[-74.19808,4.61978],[-74.19744,4.61943],[-74.19796,4.61866],[-74.19667,4.61745],[-74.19583,4.61771],[-74.19523,4.61867],[-74.19467,4.61885],[-74.19365,4.61789],[-74.19263,4.6184],[-74.19159,4.61831],[-74.19119,4.61804],[-74.19217,4.61452],[-74.18831,4.61276],[-74.1874,4.61366],[-74.1861,4.61393],[-74.18576,4.6151],[-74.18479,4.61563],[-74.18513,4.61578],[-74.18523,4.61886],[-74.18102,4.61903],[-74.1801,4.61849],[-74.17915,4.61924],[-74.17969,4.62013],[-74.17724,4.62235],[-74.17773,4.62321],[-74.17656,4.62402]]]}},{"type":"Feature","properties":{"cod":"UPZ62","nombre":"Tunjuelito","localidad":6},"geometry":{"type":"Polygon","coordinates":[[[-74.12775,4.57026],[-74.12973,4.57055],[-74.13726,4.56752],[-74.14063,4.567],[-74.14051,4.56507],[-74.1392,4.5637],[-74.13792,4.56344],[-74.13747,4.56235],[-74.13388,4.56071],[-74.1342,4.55889],[-74.13399,4.55746],[-74.13526,4.55714],[-74.13457,4.55635],[-74.13319,4.55622],[-74.13389,4.55519],[-74.13197,4.55264],[-74.13238,4.55048],[-74.13197,4.54955],[-74.12984,4.54971],[-74.12881,4.54934],[-74.12784,4.54975],[-74.1271,4.54962],[-74.12536,4.54751],[-74.1263,4.54612],[-74.12694,4.54722],[-74.12939,4.54679],[-74.12998,4.54604],[-74.12838,4.54502],[-74.12681,4.54552],[-74.12609,4.54482],[-74.12387,4.54449],[-74.12115,4.54543],[-74.12147,4.55563],[-74.12217,4.5577],[-74.12373,4.55974],[-74.12485,4.5622],[-74.12507,4.56369],[-74.12663,4.56649],[-74.12546,4.56902],[-74.12775,4.57026]]]}},{"type":"Feature","properties":{"cod":"UPZ53","nombre":"Marco Fidel Suarez","localidad":18},"geometry":{"type":"Polygon","coordinates":[[[-74.10459,4.56467],[-74.10613,4.56579],[-74.10714,4.56574],[-74.10955,4.56903],[-74.11029,4.57155],[-74.11091,4.57211],[-74.10978,4.57341],[-74.11138,4.57444],[-74.11266,4.57418],[-74.11387,4.57558],[-74.11489,4.57614],[-74.115,4.57665],[-74.12297,4.57494],[-74.1237,4.57394],[-74.12544,4.56908],[-74.12259,4.56778],[-74.11565,4.56607],[-74.10978,4.56252],[-74.1085,4.56337],[-74.10459,4.56467]]]}},{"type":"Feature","properties":{"cod":"UPZ69","nombre":"Ismael Perdomo","localidad":19},"geometry":{"type":"Polygon","coordinates":[[[-74.17743,4.59692],[-74.18187,4.59684],[-74.1838,4.5964],[-74.18265,4.59156],[-74.18092,4.58788],[-74.17939,4.57698],[-74.17784,4.57774],[-74.17611,4.57629],[-74.17596,4.57545],[-74.1753,4.57539],[-74.1756,4.5717],[-74.1746,4.57189],[-74.17329,4.57128],[-74.17162,4.57202],[-74.16984,4.57162],[-74.16923,4.57096],[-74.15981,4.57889],[-74.1606,4.5801],[-74.15738,4.58045],[-74.16112,4.58815],[-74.16197,4.59562],[-74.16068,4.59619],[-74.16331,4.59572],[-74.16701,4.5957],[-74.17743,4.59692]]]}},{"type":"Feature","properties":{"cod":"UPZ85","nombre":"Bosa Central","localidad":7},"geometry":{"type":"Polygon","coordinates":[[[-74.19667,4.61745],[-74.19796,4.61866],[-74.19744,4.61943],[-74.1977,4.61975],[-74.19854,4.61936],[-74.19855,4.61735],[-74.20054,4.61727],[-74.2013,4.61896],[-74.20188,4.61934],[-74.20274,4.61855],[-74.20281,4.61745],[-74.20356,4.61688],[-74.20465,4.61677],[-74.20539,4.61548],[-74.20557,4.61393],[-74.2062,4.61429],[-74.20669,4.6164],[-74.20727,4.6167],[-74.20838,4.6149],[-74.20891,4.61483],[-74.20876,4.61581],[-74.20933,4.61629],[-74.21179,4.61507],[-74.21221,4.61585],[-74.21184,4.61729],[-74.21216,4.61762],[-74.21334,4.61759],[-74.21376,4.61654],[-74.21419,4.61638],[-74.21515,4.61681],[-74.2159,4.61647],[-74.21682,4.61685],[-74.21712,4.61608],[-74.21591,4.61409],[-74.20427,4.59944],[-74.20406,4.60077],[-74.18394,4.59639],[-74.18187,4.59684],[-74.17743,4.59692],[-74.17742,4.59846],[-74.17884,4.60186],[-74.17792,4.60184],[-74.17612,4.60352],[-74.17658,4.60533],[-74.17799,4.6049],[-74.17866,4.60546],[-74.17847,4.60609],[-74.17738,4.60639],[-74.17784,4.60809],[-74.17729,4.60962],[-74.17805,4.61096],[-74.18119,4.61296],[-74.1819,4.61426],[-74.17994,4.61511],[-74.1794,4.61614],[-74.17986,4.61691],[-74.18021,4.61692],[-74.18159,4.6148],[-74.18203,4.61466],[-74.18298,4.61537],[-74.18243,4.61679],[-74.18339,4.61713],[-74.18495,4.61533],[-74.18576,4.6151],[-74.1861,4.61393],[-74.1874,4.61366],[-74.18831,4.61276],[-74.19217,4.61452],[-74.19125,4.61821],[-74.19263,4.6184],[-74.19365,4.61789],[-74.19467,4.61885],[-74.19523,4.61867],[-74.19583,4.61771],[-74.19667,4.61745]]]}},{"type":"Feature","properties":{"cod":"UPZ32","nombre":"San Blas","localidad":4},"geometry":{"type":"Polygon","coordinates":[[[-74.0789,4.58247],[-74.08061,4.58165],[-74.08092,4.58092],[-74.08058,4.57987],[-74.07951,4.57906],[-74.07936,4.57669],[-74.07802,4.57528],[-74.07802,4.57346],[-74.0784,4.57323],[-74.07867,4.57352],[-74.07983,4.57156],[-74.08092,4.57183],[-74.08118,4.57141],[-74.08559,4.56931],[-74.08647,4.56757],[-74.08716,4.56436],[-74.08858,4.56342],[-74.08983,4.55989],[-74.09053,4.55902],[-74.09095,4.55757],[-74.0906,4.55629],[-74.09197,4.55433],[-74.09045,4.55307],[-74.09007,4.54961],[-74.08855,4.54778],[-74.0879,4.54811],[-74.08802,4.54942],[-74.08691,4.55184],[-74.08647,4.55151],[-74.08636,4.54952],[-74.0843,4.54882],[-74.08351,4.54747],[-74.07864,4.54765],[-74.07592,4.54839],[-74.0761,4.54906],[-74.08113,4.55264],[-74.07996,4.55466],[-74.08112,4.55778],[-74.0805,4.55722],[-74.07914,4.55708],[-74.0779,4.55995],[-74.07693,4.56112],[-74.07751,4.5627],[-74.07703,4.56365],[-74.07647,4.56364],[-74.07532,4.56246],[-74.07794,4.56612],[-74.07761,4.56796],[-74.07702,4.56812],[-74.07535,4.56746],[-74.0749,4.5663],[-74.07447,4.56194],[-74.0738,4.56279],[-74.07369,4.56368],[-74.07303,4.56404],[-74.07253,4.5656],[-74.07179,4.56366],[-74.07065,4.56369],[-74.06982,4.56439],[-74.06934,4.56348],[-74.06915,4.56407],[-74.0683,4.56472],[-74.06806,4.56455],[-74.06813,4.56546],[-74.06907,4.56647],[-74.06843,4.56789],[-74.06947,4.56875],[-74.0709,4.5692],[-74.07074,4.56953],[-74.07017,4.56923],[-74.07009,4.57014],[-74.07173,4.57072],[-74.07305,4.57039],[-74.07355,4.57],[-74.07354,4.56943],[-74.07433,4.56936],[-74.07418,4.57033],[-74.07532,4.57083],[-74.07582,4.57261],[-74.07533,4.57337],[-74.07614,4.57402],[-74.07529,4.57506],[-74.07473,4.57442],[-74.07423,4.57544],[-74.0728,4.5768],[-74.07289,4.57753],[-74.07401,4.57627],[-74.07473,4.5766],[-74.07557,4.57742],[-74.07543,4.57864],[-74.07721,4.5795],[-74.0778,4.58038],[-74.0776,4.58086],[-74.07836,4.5812],[-74.0789,4.58247]]]}},{"type":"Feature","properties":{"cod":"UPZ95","nombre":"Las Cruces","localidad":3},"geometry":{"type":"Polygon","coordinates":[[[-74.08114,4.59507],[-74.08317,4.59582],[-74.0847,4.59706],[-74.089,4.59182],[-74.08346,4.58833],[-74.08294,4.58742],[-74.08106,4.58603],[-74.0789,4.58247],[-74.07801,4.58303],[-74.07714,4.58567],[-74.07754,4.58792],[-74.07643,4.5902],[-74.07807,4.59113],[-74.07938,4.591],[-74.08058,4.59163],[-74.08145,4.59455],[-74.08114,4.59507]]]}},{"type":"Feature","properties":{"cod":"UPZ87","nombre":"Tintal Sur","localidad":7},"geometry":{"type":"Polygon","coordinates":[[[-74.20493,4.64595],[-74.2061,4.64665],[-74.20711,4.64618],[-74.20576,4.64359],[-74.20549,4.64227],[-74.20569,4.64163],[-74.20702,4.64065],[-74.20817,4.64049],[-74.21396,4.64059],[-74.21468,4.64373],[-74.21556,4.64434],[-74.22129,4.64406],[-74.22106,4.64275],[-74.22002,4.64168],[-74.21576,4.64002],[-74.2147,4.63727],[-74.21508,4.6363],[-74.21714,4.63558],[-74.21751,4.63507],[-74.21733,4.634],[-74.2158,4.63134],[-74.21585,4.63022],[-74.21668,4.62952],[-74.21766,4.62935],[-74.22135,4.63009],[-74.22243,4.62912],[-74.22217,4.62851],[-74.22358,4.62547],[-74.22315,4.62428],[-74.22067,4.62307],[-74.22128,4.6212],[-74.2224,4.62114],[-74.22081,4.61997],[-74.22174,4.61892],[-74.22129,4.61865],[-74.22006,4.61888],[-74.21965,4.61746],[-74.21887,4.61803],[-74.21841,4.61785],[-74.21843,4.61649],[-74.21794,4.61589],[-74.21708,4.6159],[-74.21682,4.61685],[-74.2159,4.61647],[-74.21515,4.61681],[-74.21419,4.61638],[-74.21376,4.61654],[-74.21334,4.61759],[-74.21216,4.61762],[-74.21184,4.61729],[-74.21221,4.61585],[-74.21179,4.61507],[-74.20933,4.61629],[-74.20876,4.61581],[-74.20891,4.61483],[-74.20838,4.6149],[-74.20727,4.6167],[-74.20669,4.6164],[-74.2062,4.61429],[-74.20557,4.61393],[-74.20539,4.61548],[-74.20387,4.61851],[-74.20375,4.6198],[-74.20445,4.62235],[-74.20665,4.62082],[-74.20788,4.62364],[-74.19575,4.62887],[-74.20493,4.64595]]]}},{"type":"Feature","properties":{"cod":"UPZ25","nombre":"La Floresta","localidad":11},"geometry":{"type":"Polygon","coordinates":[[[-74.08972,4.71667],[-74.09196,4.71725],[-74.09228,4.71671],[-74.0928,4.71706],[-74.09263,4.71607],[-74.09361,4.71198],[-74.09225,4.7104],[-74.09087,4.7105],[-74.09049,4.70865],[-74.08968,4.70842],[-74.08974,4.70702],[-74.08799,4.70565],[-74.08837,4.69853],[-74.08776,4.69858],[-74.08589,4.69734],[-74.08467,4.69437],[-74.08095,4.69314],[-74.08028,4.69056],[-74.07733,4.68536],[-74.07393,4.68806],[-74.07116,4.68936],[-74.06909,4.68966],[-74.06516,4.68902],[-74.066,4.69132],[-74.06876,4.69597],[-74.07054,4.70156],[-74.07278,4.70138],[-74.07486,4.70194],[-74.07579,4.70182],[-74.0812,4.70372],[-74.08162,4.70501],[-74.08481,4.70797],[-74.08476,4.70835],[-74.08322,4.70894],[-74.08076,4.71073],[-74.08224,4.71117],[-74.08223,4.71151],[-74.08292,4.71133],[-74.08418,4.71189],[-74.0866,4.71372],[-74.08921,4.71447],[-74.08972,4.71667]]]}},{"type":"Feature","properties":{"cod":"UPZ97","nombre":"Chico Lago","localidad":2},"geometry":{"type":"Polygon","coordinates":[[[-74.0482,4.6849],[-74.05725,4.68684],[-74.06251,4.65573],[-74.06353,4.6541],[-74.05815,4.65071],[-74.05708,4.65188],[-74.05293,4.65882],[-74.05621,4.66095],[-74.04946,4.67083],[-74.0444,4.68064],[-74.03964,4.67816],[-74.03815,4.67992],[-74.0482,4.6849]]]}},{"type":"Feature","properties":{"cod":"UPZ98","nombre":"Los Alcazares","localidad":12},"geometry":{"type":"Polygon","coordinates":[[[-74.06251,4.65573],[-74.05859,4.67892],[-74.06828,4.67327],[-74.07006,4.67168],[-74.07526,4.66556],[-74.07627,4.66368],[-74.07715,4.6601],[-74.07832,4.65199],[-74.06463,4.64965],[-74.06383,4.65331],[-74.06251,4.65573]]]}},{"type":"Feature","properties":{"cod":"UPZ96","nombre":"Lourdes","localidad":3},"geometry":{"type":"Polygon","coordinates":[[[-74.06515,4.59709],[-74.06599,4.59754],[-74.06669,4.59693],[-74.06732,4.5949],[-74.06829,4.59358],[-74.06781,4.5923],[-74.0682,4.59193],[-74.06828,4.59101],[-74.06798,4.59082],[-74.06832,4.58994],[-74.07058,4.59146],[-74.07126,4.58999],[-74.07252,4.58899],[-74.07418,4.58992],[-74.07562,4.58979],[-74.07643,4.5902],[-74.07754,4.58792],[-74.07711,4.58575],[-74.07801,4.58303],[-74.0789,4.58247],[-74.07836,4.5812],[-74.0776,4.58086],[-74.0778,4.58038],[-74.07721,4.5795],[-74.07543,4.57864],[-74.07551,4.5773],[-74.07401,4.57627],[-74.07289,4.57753],[-74.0728,4.5768],[-74.07213,4.57774],[-74.07158,4.57654],[-74.07046,4.57776],[-74.07,4.57697],[-74.06922,4.57841],[-74.06942,4.57939],[-74.06829,4.58089],[-74.06746,4.5808],[-74.06693,4.58129],[-74.06702,4.5823],[-74.06731,4.58211],[-74.06756,4.58222],[-74.06647,4.58262],[-74.06637,4.58352],[-74.06566,4.58344],[-74.0652,4.58432],[-74.06514,4.58524],[-74.06605,4.5863],[-74.06591,4.58675],[-74.06463,4.58666],[-74.06431,4.58616],[-74.06362,4.58615],[-74.06335,4.58663],[-74.0629,4.58796],[-74.06334,4.58838],[-74.06435,4.59163],[-74.06398,4.59232],[-74.06481,4.59358],[-74.06395,4.59451],[-74.06394,4.59547],[-74.06463,4.5945],[-74.06587,4.59372],[-74.06572,4.59255],[-74.06617,4.59351],[-74.06555,4.59514],[-74.06638,4.59646],[-74.06602,4.59718],[-74.06515,4.59709]]]}},{"type":"Feature","properties":{"cod":"UPZ92","nombre":"La Macarena","localidad":3},"geometry":{"type":"Polygon","coordinates":[[[-74.06088,4.61756],[-74.06274,4.61773],[-74.06524,4.62006],[-74.06796,4.61012],[-74.0661,4.60843],[-74.06586,4.60717],[-74.06823,4.60311],[-74.06738,4.6025],[-74.0653,4.60338],[-74.06406,4.60304],[-74.06231,4.60326],[-74.05926,4.60162],[-74.05967,4.60087],[-74.06091,4.60057],[-74.06145,4.60006],[-74.06218,4.60024],[-74.06345,4.59919],[-74.06443,4.59964],[-74.06509,4.59897],[-74.06468,4.59752],[-74.06515,4.59709],[-74.06452,4.5974],[-74.0649,4.59891],[-74.06431,4.59946],[-74.06346,4.599],[-74.06211,4.60006],[-74.06134,4.59991],[-74.05976,4.60061],[-74.05909,4.60132],[-74.05929,4.60201],[-74.0611,4.60296],[-74.06208,4.6051],[-74.06342,4.60605],[-74.06372,4.60742],[-74.06313,4.60843],[-74.06333,4.61014],[-74.06292,4.61076],[-74.06229,4.61533],[-74.06153,4.61586],[-74.06088,4.61756]]]}},{"type":"Feature","properties":{"cod":"UPZ94","nombre":"La Candelaria","localidad":17},"geometry":{"type":"Polygon","coordinates":[[[-74.05941,4.60187],[-74.06231,4.60326],[-74.06405,4.60304],[-74.06566,4.60331],[-74.06706,4.6028],[-74.06866,4.60109],[-74.0711,4.60061],[-74.07263,4.60095],[-74.07482,4.60223],[-74.07666,4.60213],[-74.08144,4.59459],[-74.08071,4.59182],[-74.07952,4.59103],[-74.07806,4.59113],[-74.0757,4.5898],[-74.07411,4.5899],[-74.07279,4.58899],[-74.0713,4.58995],[-74.07058,4.59146],[-74.06838,4.58989],[-74.06798,4.59082],[-74.06828,4.59101],[-74.0682,4.59193],[-74.06781,4.5923],[-74.06829,4.59357],[-74.06734,4.59487],[-74.06637,4.59728],[-74.06471,4.59741],[-74.06504,4.59906],[-74.0643,4.5997],[-74.06346,4.59919],[-74.06219,4.60023],[-74.0614,4.60007],[-74.05933,4.6012],[-74.05941,4.60187]]]}},{"type":"Feature","properties":{"cod":"UPZ35","nombre":"Ciudad Jardin","localidad":15},"geometry":{"type":"Polygon","coordinates":[[[-74.08493,4.58932],[-74.089,4.59182],[-74.08948,4.59168],[-74.09444,4.58578],[-74.10249,4.58126],[-74.09458,4.5758],[-74.08493,4.58932]]]}},{"type":"Feature","properties":{"cod":"UPZ1","nombre":"Paseo de los Libertadores","localidad":1},"geometry":{"type":"Polygon","coordinates":[[[-74.02982,4.82316],[-74.03138,4.82346],[-74.03128,4.82069],[-74.03508,4.82069],[-74.04319,4.77107],[-74.03995,4.7706],[-74.0344,4.77053],[-74.03117,4.76946],[-74.03114,4.77001],[-74.02714,4.76985],[-74.02745,4.77189],[-74.02635,4.77435],[-74.0262,4.77775],[-74.0273,4.78236],[-74.0282,4.78411],[-74.02785,4.78666],[-74.0284,4.78811],[-74.0283,4.79062],[-74.03089,4.79432],[-74.03127,4.79626],[-74.03441,4.79673],[-74.0324,4.80904],[-74.03018,4.80866],[-74.02284,4.80849],[-74.02385,4.81341],[-74.02774,4.81354],[-74.02843,4.81148],[-74.03104,4.81245],[-74.03091,4.81891],[-74.02636,4.81909],[-74.02653,4.82179],[-74.02497,4.82213],[-74.0257,4.82312],[-74.02982,4.82316]]]}},{"type":"Feature","properties":{"cod":"UPZ46","nombre":"Castilla","localidad":8},"geometry":{"type":"Polygon","coordinates":[[[-74.12961,4.64869],[-74.13232,4.64889],[-74.13612,4.65716],[-74.13711,4.65807],[-74.14175,4.65426],[-74.15631,4.64059],[-74.15386,4.63542],[-74.15542,4.63367],[-74.15514,4.63183],[-74.13777,4.63048],[-74.13718,4.63556],[-74.13599,4.63901],[-74.13229,4.64434],[-74.12857,4.64773],[-74.12961,4.64869]]]}},{"type":"Feature","properties":{"cod":"UPZ112","nombre":"Granjas de Techo","localidad":9},"geometry":{"type":"Polygon","coordinates":[[[-74.11045,4.64514],[-74.1351,4.67063],[-74.14079,4.66266],[-74.13988,4.66147],[-74.13974,4.66061],[-74.13708,4.65879],[-74.13719,4.65821],[-74.13612,4.65716],[-74.13232,4.64889],[-74.13102,4.649],[-74.12917,4.64853],[-74.12566,4.64524],[-74.12444,4.64172],[-74.12381,4.64087],[-74.1231,4.64103],[-74.1183,4.63741],[-74.11045,4.64514]]]}},{"type":"Feature","properties":{"cod":"UPZ78","nombre":"Tintal Norte","localidad":8},"geometry":{"type":"Polygon","coordinates":[[[-74.15401,4.66395],[-74.15456,4.66427],[-74.15507,4.66309],[-74.15582,4.66292],[-74.15708,4.66153],[-74.15857,4.66274],[-74.16254,4.66299],[-74.16348,4.65876],[-74.16471,4.65868],[-74.16633,4.65979],[-74.16706,4.65683],[-74.16748,4.65641],[-74.16937,4.65626],[-74.17124,4.65705],[-74.1646,4.64985],[-74.15927,4.65283],[-74.1587,4.65187],[-74.1545,4.65622],[-74.14699,4.64911],[-74.14175,4.65426],[-74.13711,4.65807],[-74.13712,4.65885],[-74.13974,4.66061],[-74.13988,4.66147],[-74.14127,4.663],[-74.14255,4.66267],[-74.1435,4.66184],[-74.14436,4.66178],[-74.1448,4.66123],[-74.1453,4.66194],[-74.14592,4.66176],[-74.14755,4.66227],[-74.15113,4.66417],[-74.15401,4.66395]]]}},{"type":"Feature","properties":{"cod":"UPZ117","nombre":"Aeropuerto el Dorado","localidad":9},"geometry":{"type":"Polygon","coordinates":[[[-74.12295,4.69362],[-74.15547,4.71798],[-74.15555,4.71594],[-74.15475,4.71214],[-74.15481,4.71046],[-74.15542,4.7087],[-74.15653,4.70789],[-74.15903,4.7083],[-74.16087,4.70802],[-74.16215,4.7073],[-74.16158,4.706],[-74.16528,4.70541],[-74.136,4.68322],[-74.13495,4.68455],[-74.13712,4.68617],[-74.13308,4.69118],[-74.12465,4.6848],[-74.12405,4.68554],[-74.12145,4.68666],[-74.1184,4.68865],[-74.12038,4.69222],[-74.12295,4.69362]]]}},{"type":"Feature","properties":{"cod":"UPZ77","nombre":"Zona Franca","localidad":0},"geometry":{"type":"Polygon","coordinates":[[[-74.15688,4.68325],[-74.15973,4.68699],[-74.17024,4.69549],[-74.1724,4.696],[-74.17222,4.69395],[-74.17127,4.6931],[-74.17013,4.68988],[-74.16825,4.68882],[-74.16764,4.68802],[-74.17109,4.68413],[-74.17369,4.68261],[-74.17501,4.67738],[-74.17485,4.67657],[-74.17151,4.67434],[-74.17111,4.67477],[-74.171,4.67718],[-74.17055,4.67721],[-74.1699,4.67539],[-74.16951,4.67536],[-74.16718,4.67761],[-74.16588,4.67818],[-74.16534,4.67578],[-74.16455,4.67567],[-74.16023,4.67831],[-74.16023,4.67882],[-74.16197,4.6802],[-74.16225,4.68101],[-74.16006,4.68296],[-74.15926,4.68284],[-74.15843,4.68199],[-74.15713,4.67984],[-74.15686,4.6784],[-74.15809,4.6771],[-74.16133,4.6761],[-74.16242,4.67529],[-74.1637,4.67183],[-74.16445,4.67111],[-74.16502,4.67128],[-74.1654,4.67263],[-74.16611,4.67327],[-74.16933,4.67214],[-74.17059,4.67074],[-74.17017,4.66926],[-74.16412,4.6673],[-74.16068,4.66712],[-74.16038,4.66662],[-74.16106,4.66473],[-74.15852,4.66365],[-74.15857,4.66274],[-74.15708,4.66153],[-74.15582,4.66292],[-74.15507,4.66309],[-74.15456,4.66427],[-74.15364,4.6639],[-74.15113,4.66417],[-74.14755,4.66227],[-74.14592,4.66176],[-74.1453,4.66194],[-74.1448,4.66123],[-74.14448,4.66171],[-74.14341,4.66188],[-74.14189,4.66297],[-74.14079,4.66266],[-74.14032,4.66366],[-74.15112,4.66799],[-74.154,4.6778],[-74.15688,4.68325]]]}},{"type":"Feature","properties":{"cod":"UPZ54","nombre":"Marruecos","localidad":18},"geometry":{"type":"Polygon","coordinates":[[[-74.10627,4.5639],[-74.11003,4.56259],[-74.11565,4.56607],[-74.12259,4.56778],[-74.12544,4.56908],[-74.12668,4.56667],[-74.12507,4.56369],[-74.12485,4.5622],[-74.1237,4.55968],[-74.12166,4.55649],[-74.12115,4.54543],[-74.12013,4.54431],[-74.11876,4.54446],[-74.11486,4.54654],[-74.11445,4.54711],[-74.11419,4.54934],[-74.11015,4.55252],[-74.10853,4.55235],[-74.10797,4.55305],[-74.10558,4.55287],[-74.10552,4.55345],[-74.10492,4.55355],[-74.10465,4.55674],[-74.10524,4.56012],[-74.10488,4.56197],[-74.10627,4.5639]]]}},{"type":"Feature","properties":{"cod":"UPZ39","nombre":"Quiroga","localidad":18},"geometry":{"type":"Polygon","coordinates":[[[-74.12526,4.56957],[-74.1237,4.57394],[-74.12297,4.57494],[-74.1146,4.57671],[-74.10961,4.57818],[-74.10249,4.58126],[-74.10888,4.58923],[-74.11007,4.58866],[-74.11686,4.58845],[-74.12447,4.58996],[-74.12829,4.59265],[-74.12861,4.58664],[-74.13088,4.5859],[-74.12942,4.58008],[-74.12828,4.58019],[-74.12526,4.56957]]]}},{"type":"Feature","properties":{"cod":"UPZ42","nombre":"Venecia","localidad":6},"geometry":{"type":"Polygon","coordinates":[[[-74.14694,4.59496],[-74.15226,4.59569],[-74.15282,4.59447],[-74.15413,4.59346],[-74.15419,4.59286],[-74.15332,4.59218],[-74.15205,4.59304],[-74.15122,4.59199],[-74.15139,4.5914],[-74.15282,4.59146],[-74.15336,4.59087],[-74.15426,4.59126],[-74.15482,4.59054],[-74.1565,4.59002],[-74.15696,4.5887],[-74.15504,4.58793],[-74.15332,4.5879],[-74.15305,4.58744],[-74.15339,4.58672],[-74.15307,4.58638],[-74.15222,4.58669],[-74.15176,4.58742],[-74.15265,4.5887],[-74.15138,4.58896],[-74.15049,4.58799],[-74.15119,4.58618],[-74.15192,4.58594],[-74.15216,4.58541],[-74.15059,4.58452],[-74.15139,4.58378],[-74.15148,4.58306],[-74.15111,4.58257],[-74.14842,4.58331],[-74.14722,4.58195],[-74.14761,4.58129],[-74.14877,4.58178],[-74.14931,4.58145],[-74.14965,4.58035],[-74.14943,4.57944],[-74.14999,4.57833],[-74.14872,4.57647],[-74.14836,4.57693],[-74.14878,4.57766],[-74.14836,4.57808],[-74.14706,4.57649],[-74.14772,4.57532],[-74.1477,4.57399],[-74.14706,4.57379],[-74.14674,4.57472],[-74.14637,4.57475],[-74.14561,4.57344],[-74.14484,4.57301],[-74.14369,4.57431],[-74.14385,4.57514],[-74.14304,4.57576],[-74.14285,4.57713],[-74.142,4.5772],[-74.14083,4.57542],[-74.14198,4.57429],[-74.14282,4.57415],[-74.14325,4.57283],[-74.14257,4.57186],[-74.1418,4.57172],[-74.142,4.57075],[-74.14046,4.57047],[-74.14049,4.56928],[-74.14171,4.56885],[-74.14046,4.56833],[-74.14063,4.567],[-74.13726,4.56752],[-74.12973,4.57055],[-74.12793,4.57034],[-74.12546,4.56902],[-74.12526,4.56957],[-74.12828,4.58019],[-74.12942,4.58008],[-74.13088,4.5859],[-74.12861,4.58664],[-74.12829,4.59265],[-74.14043,4.59536],[-74.14694,4.59496]]]}},{"type":"Feature","properties":{"cod":"UPR3","nombre":"Upr Rio Tunjuelo","localidad":19},"geometry":{"type":"Polygon","coordinates":[[[-74.15921,4.55563],[-74.15795,4.55725],[-74.15891,4.55858],[-74.15953,4.56175],[-74.16032,4.56291],[-74.16092,4.56309],[-74.16234,4.56202],[-74.16282,4.55918],[-74.16618,4.55778],[-74.16471,4.55495],[-74.16925,4.55299],[-74.17119,4.5535],[-74.17402,4.55249],[-74.17394,4.54945],[-74.17638,4.54579],[-74.17522,4.54415],[-74.17408,4.54367],[-74.17326,4.54211],[-74.17322,4.54105],[-74.17376,4.54006],[-74.1767,4.53829],[-74.17773,4.53719],[-74.18117,4.53612],[-74.18351,4.53585],[-74.18808,4.53296],[-74.18325,4.52747],[-74.18368,4.52147],[-74.18308,4.51915],[-74.1833,4.51728],[-74.18278,4.51664],[-74.18286,4.51512],[-74.18223,4.51296],[-74.18148,4.51224],[-74.17916,4.51299],[-74.17771,4.51302],[-74.17617,4.51251],[-74.17559,4.51211],[-74.17339,4.50785],[-74.17497,4.50677],[-74.17825,4.50585],[-74.18153,4.5041],[-74.17878,4.49651],[-74.17893,4.49444],[-74.17929,4.49399],[-74.17895,4.49102],[-74.17926,4.49025],[-74.17803,4.48641],[-74.17842,4.48534],[-74.17942,4.48467],[-74.18035,4.4829],[-74.18114,4.48198],[-74.18171,4.48187],[-74.18258,4.48001],[-74.1822,4.47568],[-74.18315,4.47502],[-74.18361,4.47293],[-74.18287,4.47101],[-74.18363,4.46866],[-74.18309,4.46678],[-74.18349,4.46469],[-74.18518,4.46202],[-74.18645,4.45845],[-74.18692,4.45452],[-74.18622,4.45273],[-74.18743,4.45013],[-74.19051,4.44721],[-74.19097,4.44546],[-74.1909,4.4427],[-74.19198,4.4409],[-74.19343,4.43676],[-74.19475,4.43477],[-74.19503,4.43328],[-74.19402,4.42985],[-74.19424,4.42677],[-74.19471,4.42644],[-74.19817,4.42673],[-74.19884,4.42641],[-74.20061,4.42205],[-74.20342,4.41938],[-74.20398,4.41826],[-74.20408,4.41444],[-74.20624,4.41174],[-74.20818,4.40789],[-74.20778,4.40526],[-74.2104,4.3991],[-74.21296,4.39616],[-74.21289,4.39477],[-74.21147,4.39092],[-74.21143,4.38821],[-74.21051,4.38542],[-74.21078,4.38208],[-74.21421,4.37637],[-74.2137,4.37548],[-74.2122,4.37463],[-74.2122,4.37425],[-74.21457,4.37136],[-74.2172,4.36699],[-74.2211,4.36456],[-74.22019,4.35882],[-74.22072,4.35362],[-74.22059,4.34893],[-74.21954,4.34303],[-74.2198,4.34024],[-74.21798,4.33523],[-74.21845,4.32729],[-74.21615,4.31804],[-74.21573,4.31277],[-74.21432,4.30397],[-74.21544,4.29802],[-74.21501,4.296],[-74.21502,4.29193],[-74.21593,4.28939],[-74.21612,4.28685],[-74.21699,4.28552],[-74.22101,4.28267],[-74.22114,4.28217],[-74.21672,4.27678],[-74.2161,4.27487],[-74.21619,4.27306],[-74.21224,4.27346],[-74.20962,4.2722],[-74.20584,4.26966],[-74.20494,4.27607],[-74.20196,4.28283],[-74.20019,4.28541],[-74.19497,4.29012],[-74.19071,4.28659],[-74.18912,4.28477],[-74.18823,4.28294],[-74.18545,4.28193],[-74.17805,4.28182],[-74.17247,4.28269],[-74.1699,4.28233],[-74.16049,4.28372],[-74.15796,4.28535],[-74.14453,4.2988],[-74.13748,4.30425],[-74.1324,4.30612],[-74.13001,4.30574],[-74.12856,4.30584],[-74.12732,4.30652],[-74.1244,4.30666],[-74.1207,4.30945],[-74.11908,4.31139],[-74.11693,4.3128],[-74.1148,4.31335],[-74.11411,4.31533],[-74.11433,4.31814],[-74.11203,4.32029],[-74.11105,4.32381],[-74.10916,4.32397],[-74.10696,4.32504],[-74.1043,4.33282],[-74.1053,4.3358],[-74.10528,4.33677],[-74.10243,4.33897],[-74.09889,4.34497],[-74.09821,4.34803],[-74.09861,4.35007],[-74.09728,4.35304],[-74.09712,4.35439],[-74.09776,4.35737],[-74.09557,4.36034],[-74.09467,4.36267],[-74.09445,4.36675],[-74.09476,4.36826],[-74.09526,4.36991],[-74.09804,4.3728],[-74.09868,4.37419],[-74.09854,4.37817],[-74.09949,4.37877],[-74.10286,4.37781],[-74.10505,4.37857],[-74.10651,4.38073],[-74.1078,4.38166],[-74.11122,4.38594],[-74.11377,4.3865],[-74.11386,4.38934],[-74.11308,4.39432],[-74.1141,4.3955],[-74.11467,4.39769],[-74.11443,4.39959],[-74.11472,4.4061],[-74.11315,4.40956],[-74.11439,4.41316],[-74.11306,4.41611],[-74.11287,4.41795],[-74.11333,4.4233],[-74.11308,4.4307],[-74.11204,4.43533],[-74.11017,4.43839],[-74.11014,4.44029],[-74.10946,4.44254],[-74.10579,4.44637],[-74.10521,4.44765],[-74.10495,4.45038],[-74.10365,4.45203],[-74.10287,4.4525],[-74.1015,4.45258],[-74.09755,4.455],[-74.09555,4.45574],[-74.09322,4.45603],[-74.09153,4.45824],[-74.09007,4.45912],[-74.08831,4.45894],[-74.08689,4.45757],[-74.08481,4.45668],[-74.08382,4.45749],[-74.08192,4.4579],[-74.0811,4.45861],[-74.07997,4.46145],[-74.08083,4.46202],[-74.08104,4.46373],[-74.08299,4.46682],[-74.08438,4.4678],[-74.08377,4.46819],[-74.08488,4.46921],[-74.08474,4.47068],[-74.08541,4.47123],[-74.08535,4.47169],[-74.08603,4.472],[-74.08576,4.473],[-74.08615,4.47386],[-74.08559,4.47416],[-74.08595,4.47416],[-74.08571,4.47566],[-74.08592,4.47634],[-74.08713,4.47727],[-74.08662,4.47734],[-74.08611,4.47858],[-74.08642,4.47969],[-74.08717,4.48013],[-74.08659,4.48137],[-74.08587,4.48187],[-74.08628,4.48232],[-74.08627,4.48332],[-74.08666,4.48334],[-74.087,4.48417],[-74.08651,4.4845],[-74.08658,4.48537],[-74.08617,4.48559],[-74.08713,4.48626],[-74.08615,4.48702],[-74.0864,4.48805],[-74.08446,4.4886],[-74.08468,4.49035],[-74.08361,4.49019],[-74.08322,4.49164],[-74.08255,4.49161],[-74.08204,4.49257],[-74.08038,4.49348],[-74.08074,4.49356],[-74.08072,4.49419],[-74.08169,4.49539],[-74.08152,4.49582],[-74.08256,4.49591],[-74.08284,4.49704],[-74.08394,4.49745],[-74.08413,4.49829],[-74.08567,4.49994],[-74.08448,4.49812],[-74.08527,4.49808],[-74.0851,4.49758],[-74.08428,4.49764],[-74.08424,4.49718],[-74.08353,4.49688],[-74.0831,4.49622],[-74.08319,4.49555],[-74.08228,4.49488],[-74.08274,4.49418],[-74.08186,4.49383],[-74.08192,4.49336],[-74.08237,4.49295],[-74.08265,4.49322],[-74.0848,4.49283],[-74.0886,4.49392],[-74.09053,4.49382],[-74.09236,4.49307],[-74.09268,4.49127],[-74.09338,4.49102],[-74.09385,4.48997],[-74.09351,4.48923],[-74.09503,4.48768],[-74.09458,4.48693],[-74.09551,4.48458],[-74.0953,4.48305],[-74.09588,4.48155],[-74.09586,4.48099],[-74.09297,4.47628],[-74.09694,4.47596],[-74.09973,4.47802],[-74.10363,4.47761],[-74.10417,4.47639],[-74.10648,4.47549],[-74.10712,4.47473],[-74.10791,4.4753],[-74.10849,4.47494],[-74.10887,4.47431],[-74.1083,4.47206],[-74.10919,4.4714],[-74.1104,4.46939],[-74.11299,4.46872],[-74.11351,4.46775],[-74.11479,4.46669],[-74.11703,4.463],[-74.12223,4.46179],[-74.12504,4.45786],[-74.12653,4.45848],[-74.12911,4.45865],[-74.12942,4.45928],[-74.12904,4.4607],[-74.12996,4.46149],[-74.12933,4.46252],[-74.12961,4.46401],[-74.13093,4.46495],[-74.13085,4.46632],[-74.13141,4.46823],[-74.13312,4.47119],[-74.13257,4.473],[-74.13064,4.47533],[-74.13032,4.47648],[-74.12822,4.4771],[-74.12893,4.48145],[-74.12814,4.48958],[-74.13001,4.49095],[-74.13106,4.49119],[-74.13236,4.49064],[-74.1328,4.4895],[-74.13382,4.48859],[-74.13701,4.48795],[-74.13991,4.48947],[-74.14227,4.48882],[-74.14372,4.489],[-74.14468,4.4896],[-74.14386,4.49119],[-74.14177,4.49098],[-74.14188,4.49277],[-74.14114,4.49348],[-74.14133,4.49391],[-74.14202,4.49426],[-74.14235,4.49346],[-74.14762,4.49318],[-74.14774,4.49427],[-74.14776,4.49546],[-74.14642,4.49547],[-74.14635,4.496],[-74.14751,4.49598],[-74.14725,4.49717],[-74.14782,4.49996],[-74.13949,4.50418],[-74.13835,4.50676],[-74.13611,4.50806],[-74.1365,4.50895],[-74.1349,4.50958],[-74.13491,4.50992],[-74.13677,4.50985],[-74.13658,4.51409],[-74.13422,4.51261],[-74.13295,4.51109],[-74.13244,4.51089],[-74.13195,4.51139],[-74.13175,4.5128],[-74.13214,4.51596],[-74.13172,4.51856],[-74.13248,4.52108],[-74.13268,4.52405],[-74.13334,4.5271],[-74.13552,4.52909],[-74.13477,4.53129],[-74.13485,4.53355],[-74.1397,4.53614],[-74.1412,4.53403],[-74.14176,4.53434],[-74.14191,4.53383],[-74.14402,4.53419],[-74.14425,4.53315],[-74.14496,4.53271],[-74.14476,4.53154],[-74.14503,4.53136],[-74.14661,4.53122],[-74.1469,4.53241],[-74.14751,4.53194],[-74.1478,4.53191],[-74.14773,4.53233],[-74.14847,4.53225],[-74.14852,4.53153],[-74.14979,4.53167],[-74.14969,4.53244],[-74.14915,4.53283],[-74.14938,4.53339],[-74.15034,4.53281],[-74.15072,4.53308],[-74.15098,4.53418],[-74.14967,4.53485],[-74.15026,4.53578],[-74.15064,4.53559],[-74.1513,4.53704],[-74.15117,4.53764],[-74.15483,4.53854],[-74.15942,4.5383],[-74.16035,4.53979],[-74.16113,4.54019],[-74.16247,4.53998],[-74.16427,4.54137],[-74.16469,4.54189],[-74.16445,4.54276],[-74.16334,4.54509],[-74.16206,4.54671],[-74.1588,4.54715],[-74.15845,4.54757],[-74.16304,4.54927],[-74.16565,4.54928],[-74.16606,4.55],[-74.15921,4.55563]],[[-74.14749,4.50593],[-74.14855,4.50602],[-74.14883,4.50658],[-74.15018,4.5073],[-74.14912,4.5084],[-74.14916,4.51072],[-74.14663,4.51021],[-74.14691,4.50914],[-74.14478,4.50945],[-74.14308,4.50873],[-74.1432,4.50685],[-74.14594,4.50609],[-74.14498,4.50775],[-74.14618,4.50702],[-74.14667,4.50751],[-74.14726,4.50747],[-74.14749,4.50593]],[[-74.15463,4.53293],[-74.15458,4.53395],[-74.15146,4.53532],[-74.15106,4.53429],[-74.15463,4.53293]],[[-74.15011,4.53064],[-74.15138,4.53162],[-74.15148,4.5321],[-74.15029,4.53167],[-74.14994,4.53126],[-74.15011,4.53064]]]}},{"type":"Feature","properties":{"cod":"UPR4","nombre":"Upr Rio Blanco","localidad":20},"geometry":{"type":"Polygon","coordinates":[[[-74.21393,4.01288],[-74.21252,4.01321],[-74.20974,4.0115],[-74.2048,4.01421],[-74.20382,4.01431],[-74.20116,4.01351],[-74.19778,4.01545],[-74.19485,4.01578],[-74.19396,4.01543],[-74.19055,4.01208],[-74.18784,4.01117],[-74.18289,4.00826],[-74.17916,4.01144],[-74.17691,4.01465],[-74.17552,4.01598],[-74.17374,4.01629],[-74.16923,4.01533],[-74.15891,4.01772],[-74.15733,4.01532],[-74.15546,4.01494],[-74.15406,4.01366],[-74.15304,4.0121],[-74.15311,4.00841],[-74.15266,4.00655],[-74.15154,4.00507],[-74.15027,4.00478],[-74.14948,4.00652],[-74.14897,4.01025],[-74.14776,4.01167],[-74.1466,4.0165],[-74.14682,4.01832],[-74.14578,4.01985],[-74.14314,4.02066],[-74.13792,4.02741],[-74.13793,4.03009],[-74.13746,4.03094],[-74.1368,4.03156],[-74.13502,4.03217],[-74.13281,4.03531],[-74.132,4.03694],[-74.132,4.03787],[-74.12995,4.041],[-74.12813,4.04531],[-74.12616,4.05166],[-74.12639,4.05457],[-74.12528,4.05528],[-74.12474,4.0571],[-74.12489,4.06081],[-74.12565,4.06349],[-74.12571,4.0681],[-74.12606,4.06923],[-74.12694,4.06924],[-74.12753,4.06999],[-74.12787,4.07294],[-74.12875,4.07294],[-74.13152,4.07673],[-74.1326,4.0793],[-74.13192,4.08286],[-74.13049,4.08635],[-74.13054,4.08822],[-74.12974,4.09184],[-74.1271,4.09479],[-74.12199,4.09664],[-74.12168,4.09799],[-74.12056,4.09738],[-74.11955,4.09798],[-74.11823,4.10031],[-74.10814,4.10252],[-74.10731,4.10294],[-74.10595,4.10459],[-74.10432,4.1055],[-74.10084,4.10645],[-74.09891,4.10847],[-74.09813,4.11284],[-74.09648,4.11521],[-74.09604,4.1169],[-74.0948,4.11826],[-74.09244,4.11984],[-74.09177,4.12123],[-74.09099,4.12175],[-74.09014,4.12175],[-74.08968,4.12257],[-74.09329,4.12298],[-74.09501,4.1222],[-74.09943,4.12355],[-74.10273,4.12695],[-74.10337,4.12822],[-74.1056,4.12984],[-74.1079,4.13141],[-74.10875,4.13141],[-74.10945,4.13244],[-74.11378,4.13413],[-74.11469,4.13413],[-74.11543,4.135],[-74.1171,4.13545],[-74.11784,4.13632],[-74.1169,4.13987],[-74.11481,4.14187],[-74.11441,4.14272],[-74.11518,4.14815],[-74.11504,4.15296],[-74.11453,4.1548],[-74.11497,4.15565],[-74.11482,4.15663],[-74.11387,4.1582],[-74.11356,4.16005],[-74.11244,4.16149],[-74.11272,4.16425],[-74.11098,4.16646],[-74.11022,4.16816],[-74.10946,4.16865],[-74.10919,4.16952],[-74.1098,4.17518],[-74.11022,4.17702],[-74.11119,4.17857],[-74.11053,4.18131],[-74.11097,4.18214],[-74.1157,4.18257],[-74.11647,4.18206],[-74.11736,4.18226],[-74.11959,4.1806],[-74.12147,4.18051],[-74.12306,4.1815],[-74.12355,4.18228],[-74.12337,4.18408],[-74.12578,4.18708],[-74.12522,4.19282],[-74.12439,4.19449],[-74.12447,4.1954],[-74.12613,4.19625],[-74.12794,4.19572],[-74.13103,4.19774],[-74.13329,4.2019],[-74.1335,4.20468],[-74.13536,4.20453],[-74.13588,4.20534],[-74.13698,4.20908],[-74.13644,4.21084],[-74.13775,4.21218],[-74.13895,4.21482],[-74.13901,4.21577],[-74.13849,4.21654],[-74.13931,4.2175],[-74.1382,4.21994],[-74.1381,4.22184],[-74.13769,4.22268],[-74.13792,4.2245],[-74.13635,4.22683],[-74.13609,4.22866],[-74.13727,4.23012],[-74.1415,4.2323],[-74.14268,4.23373],[-74.14293,4.2352],[-74.14394,4.23676],[-74.14527,4.24036],[-74.1455,4.24501],[-74.15096,4.25027],[-74.15263,4.2547],[-74.15241,4.25565],[-74.14998,4.25967],[-74.14752,4.26269],[-74.14603,4.26619],[-74.14378,4.2694],[-74.1418,4.27873],[-74.13726,4.28342],[-74.13388,4.28817],[-74.13198,4.29365],[-74.12733,4.3044],[-74.12608,4.30576],[-74.1244,4.30666],[-74.12732,4.30652],[-74.12856,4.30584],[-74.13001,4.30574],[-74.1324,4.30612],[-74.13748,4.30425],[-74.14453,4.2988],[-74.15796,4.28535],[-74.16049,4.28372],[-74.1627,4.28314],[-74.1651,4.28313],[-74.1699,4.28233],[-74.17247,4.28269],[-74.17805,4.28182],[-74.18545,4.28193],[-74.18823,4.28294],[-74.18912,4.28477],[-74.19071,4.28659],[-74.19497,4.29012],[-74.19704,4.2884],[-74.20065,4.28489],[-74.20419,4.27826],[-74.20553,4.2729],[-74.2057,4.26678],[-74.20761,4.2636],[-74.20718,4.2627],[-74.20642,4.2622],[-74.20689,4.26036],[-74.20675,4.25938],[-74.20636,4.25743],[-74.20514,4.2549],[-74.20502,4.25293],[-74.20692,4.25076],[-74.20876,4.2475],[-74.20887,4.24659],[-74.2077,4.24402],[-74.20622,4.24284],[-74.20629,4.24189],[-74.20909,4.24135],[-74.21621,4.23697],[-74.21876,4.23293],[-74.21955,4.22926],[-74.21956,4.22649],[-74.22449,4.22227],[-74.22811,4.222],[-74.23018,4.21863],[-74.23146,4.21728],[-74.23203,4.21462],[-74.23311,4.21209],[-74.23369,4.20743],[-74.23468,4.20588],[-74.23502,4.20222],[-74.23668,4.20002],[-74.2374,4.19646],[-74.23921,4.19622],[-74.24253,4.19793],[-74.24328,4.19738],[-74.2445,4.19492],[-74.24497,4.19119],[-74.24467,4.18933],[-74.24336,4.18803],[-74.24075,4.1872],[-74.24022,4.18646],[-74.24042,4.18369],[-74.24124,4.18099],[-74.24017,4.17642],[-74.24005,4.17272],[-74.24156,4.16916],[-74.24208,4.1655],[-74.24293,4.1628],[-74.24342,4.15819],[-74.24279,4.15453],[-74.24297,4.15261],[-74.24357,4.14796],[-74.24562,4.14087],[-74.24493,4.13803],[-74.24324,4.13564],[-74.24287,4.13366],[-74.2432,4.13079],[-74.24459,4.1273],[-74.24511,4.11875],[-74.24642,4.11416],[-74.24638,4.11219],[-74.24522,4.10651],[-74.24525,4.10464],[-74.24627,4.10244],[-74.24793,4.09408],[-74.2474,4.08913],[-74.24593,4.08309],[-74.24786,4.07412],[-74.24946,4.06872],[-74.25091,4.06674],[-74.2516,4.06478],[-74.25183,4.0626],[-74.2535,4.0594],[-74.25404,4.05562],[-74.25195,4.05382],[-74.25081,4.05339],[-74.2477,4.05394],[-74.24456,4.05364],[-74.24263,4.05414],[-74.24295,4.05174],[-74.24245,4.04861],[-74.24134,4.04564],[-74.23997,4.04595],[-74.23797,4.04752],[-74.23749,4.04739],[-74.23542,4.04533],[-74.23297,4.04375],[-74.23257,4.04258],[-74.23337,4.03805],[-74.23316,4.03344],[-74.23529,4.02709],[-74.23515,4.02496],[-74.23063,4.02108],[-74.22865,4.01996],[-74.22713,4.01971],[-74.22542,4.01822],[-74.22287,4.01797],[-74.21989,4.01678],[-74.21393,4.01288]]]}},{"type":"Feature","properties":{"cod":"UPR5","nombre":"Upr Rio Sumapaz","localidad":20},"geometry":{"type":"Polygon","coordinates":[[[-74.24627,4.10244],[-74.24825,4.10176],[-74.25192,4.10208],[-74.25384,4.10014],[-74.25667,4.0939],[-74.25849,4.09172],[-74.26012,4.09081],[-74.26395,4.09124],[-74.26887,4.09409],[-74.27335,4.09913],[-74.27518,4.09934],[-74.28016,4.10206],[-74.28496,4.10228],[-74.29073,4.10325],[-74.29555,4.10421],[-74.29902,4.10565],[-74.29994,4.1056],[-74.30072,4.10728],[-74.3035,4.10842],[-74.30629,4.1109],[-74.30872,4.1148],[-74.31046,4.11558],[-74.31191,4.1169],[-74.31707,4.12256],[-74.31918,4.12572],[-74.32277,4.12668],[-74.32716,4.12881],[-74.32832,4.13026],[-74.32915,4.13068],[-74.33005,4.13088],[-74.33057,4.13014],[-74.3308,4.12925],[-74.32957,4.12568],[-74.3296,4.12473],[-74.33075,4.12327],[-74.33085,4.11964],[-74.33301,4.11536],[-74.33359,4.11459],[-74.33449,4.11442],[-74.33511,4.11373],[-74.3354,4.11001],[-74.33795,4.10621],[-74.3395,4.10514],[-74.33958,4.10326],[-74.34303,4.10135],[-74.34199,4.0999],[-74.34203,4.09895],[-74.34504,4.09416],[-74.34517,4.08837],[-74.34685,4.0861],[-74.34653,4.08414],[-74.34788,4.08291],[-74.34775,4.08107],[-74.34894,4.07863],[-74.34982,4.07843],[-74.3501,4.07755],[-74.34986,4.07667],[-74.35093,4.0752],[-74.35087,4.07338],[-74.35017,4.07273],[-74.35006,4.07177],[-74.35099,4.07023],[-74.35162,4.06749],[-74.35091,4.06579],[-74.3511,4.06397],[-74.35048,4.06126],[-74.35112,4.05768],[-74.35527,4.05197],[-74.36107,4.04887],[-74.36164,4.04815],[-74.36181,4.04724],[-74.36306,4.04583],[-74.36429,4.04337],[-74.36428,4.04129],[-74.3666,4.03623],[-74.36613,4.03448],[-74.36482,4.03313],[-74.36511,4.02946],[-74.36356,4.02397],[-74.36405,4.02119],[-74.36299,4.01973],[-74.36329,4.017],[-74.36253,4.01227],[-74.3629,4.00945],[-74.3641,4.00493],[-74.36684,4.00242],[-74.36763,3.99978],[-74.37043,3.99522],[-74.37051,3.99249],[-74.37112,3.99073],[-74.37215,3.98926],[-74.37379,3.98852],[-74.37451,3.98678],[-74.37436,3.98588],[-74.37189,3.98447],[-74.36972,3.9826],[-74.36798,3.98193],[-74.36612,3.9819],[-74.36359,3.98049],[-74.35923,3.97311],[-74.35779,3.97197],[-74.35675,3.97033],[-74.35626,3.96566],[-74.35563,3.96394],[-74.3561,3.96127],[-74.357,3.96122],[-74.35639,3.95755],[-74.35677,3.95477],[-74.35586,3.95219],[-74.35674,3.95056],[-74.35627,3.94874],[-74.35674,3.94695],[-74.35475,3.9438],[-74.35488,3.94099],[-74.35579,3.93718],[-74.35694,3.93467],[-74.35737,3.92917],[-74.35814,3.92747],[-74.35893,3.92189],[-74.35973,3.91926],[-74.36075,3.91774],[-74.35979,3.91503],[-74.35982,3.91404],[-74.36138,3.9096],[-74.36192,3.90885],[-74.36355,3.90793],[-74.36354,3.90701],[-74.36304,3.90626],[-74.36397,3.90182],[-74.36501,3.90021],[-74.36516,3.89922],[-74.36658,3.89803],[-74.36802,3.89562],[-74.37018,3.8894],[-74.37035,3.88741],[-74.37175,3.88614],[-74.37335,3.87977],[-74.3754,3.87668],[-74.37722,3.87648],[-74.37812,3.87477],[-74.37958,3.87368],[-74.38122,3.87373],[-74.38282,3.8729],[-74.38343,3.87116],[-74.38314,3.87026],[-74.38357,3.86948],[-74.38448,3.86965],[-74.38604,3.86866],[-74.38735,3.86425],[-74.38728,3.86335],[-74.3864,3.86301],[-74.386,3.86219],[-74.38744,3.85871],[-74.38757,3.8578],[-74.38679,3.85734],[-74.3869,3.85641],[-74.38817,3.85396],[-74.38953,3.85261],[-74.39043,3.85099],[-74.38986,3.84919],[-74.3902,3.84738],[-74.39097,3.84685],[-74.39123,3.84599],[-74.39111,3.84227],[-74.39259,3.84109],[-74.39314,3.8375],[-74.39456,3.83407],[-74.39617,3.82474],[-74.39941,3.82117],[-74.40289,3.81809],[-74.4047,3.81391],[-74.40638,3.81305],[-74.40659,3.81123],[-74.40714,3.81049],[-74.40931,3.80873],[-74.41096,3.80645],[-74.41305,3.8047],[-74.41429,3.80126],[-74.41339,3.79973],[-74.41589,3.79713],[-74.41717,3.79464],[-74.42053,3.79323],[-74.42124,3.79056],[-74.42378,3.78661],[-74.42525,3.78542],[-74.42682,3.7864],[-74.42745,3.78572],[-74.42839,3.7855],[-74.42924,3.78591],[-74.4301,3.78561],[-74.43275,3.77982],[-74.43199,3.7793],[-74.43242,3.77757],[-74.43171,3.77586],[-74.43323,3.77249],[-74.43299,3.76524],[-74.4347,3.76463],[-74.43755,3.7624],[-74.43924,3.75919],[-74.43992,3.7586],[-74.44351,3.75822],[-74.44557,3.75638],[-74.44681,3.75393],[-74.44763,3.75353],[-74.44964,3.75045],[-74.44978,3.74863],[-74.44917,3.74681],[-74.44893,3.7441],[-74.44744,3.74162],[-74.44628,3.73816],[-74.44455,3.73601],[-74.44276,3.73551],[-74.4413,3.73442],[-74.44027,3.73282],[-74.43855,3.73212],[-74.43729,3.73103],[-74.43543,3.73362],[-74.4274,3.73884],[-74.42421,3.74224],[-74.42335,3.74266],[-74.41603,3.74229],[-74.41153,3.74125],[-74.41079,3.74069],[-74.40806,3.74066],[-74.40688,3.73924],[-74.40533,3.73821],[-74.40075,3.73827],[-74.39941,3.74269],[-74.39708,3.74552],[-74.39697,3.74646],[-74.39783,3.75006],[-74.3978,3.7528],[-74.39627,3.75393],[-74.39365,3.75457],[-74.39019,3.75144],[-74.38917,3.7513],[-74.3883,3.75165],[-74.38583,3.75443],[-74.38565,3.75907],[-74.38644,3.7617],[-74.39281,3.77079],[-74.38611,3.77383],[-74.38464,3.77497],[-74.38372,3.77505],[-74.38078,3.77721],[-74.37897,3.77675],[-74.37753,3.77554],[-74.37659,3.77557],[-74.3756,3.77707],[-74.37518,3.77891],[-74.37612,3.78149],[-74.37588,3.78238],[-74.37433,3.78578],[-74.37309,3.78726],[-74.37068,3.78906],[-74.36889,3.78951],[-74.36643,3.78803],[-74.36553,3.78788],[-74.36465,3.78829],[-74.36332,3.79189],[-74.36074,3.79462],[-74.35882,3.79799],[-74.3566,3.79971],[-74.35392,3.80068],[-74.35328,3.80242],[-74.35356,3.80607],[-74.35376,3.80696],[-74.35521,3.80829],[-74.35441,3.80878],[-74.3524,3.80858],[-74.34967,3.80926],[-74.34564,3.81292],[-74.3439,3.81386],[-74.34131,3.81294],[-74.3398,3.81175],[-74.33815,3.81408],[-74.33731,3.81443],[-74.33635,3.81794],[-74.33462,3.81879],[-74.33342,3.82231],[-74.3326,3.82274],[-74.3306,3.82286],[-74.32983,3.82354],[-74.32828,3.828],[-74.32735,3.82808],[-74.32424,3.82595],[-74.32333,3.82572],[-74.32155,3.82625],[-74.32062,3.82606],[-74.31995,3.82543],[-74.31901,3.82369],[-74.31831,3.81534],[-74.31385,3.81716],[-74.31291,3.81701],[-74.31002,3.81787],[-74.3073,3.8191],[-74.30362,3.81863],[-74.30175,3.81917],[-74.29896,3.8186],[-74.29669,3.82037],[-74.29505,3.82682],[-74.29501,3.83057],[-74.29573,3.83247],[-74.29754,3.83476],[-74.29772,3.83579],[-74.29971,3.83911],[-74.30133,3.84002],[-74.30652,3.84063],[-74.30812,3.84168],[-74.30824,3.84258],[-74.30506,3.85124],[-74.3062,3.85472],[-74.30923,3.85966],[-74.31236,3.86232],[-74.3133,3.86398],[-74.31462,3.86956],[-74.3135,3.87132],[-74.31408,3.87308],[-74.3136,3.87414],[-74.31561,3.8765],[-74.31646,3.87939],[-74.31628,3.88032],[-74.31355,3.88294],[-74.30967,3.8885],[-74.30868,3.88843],[-74.30676,3.88511],[-74.30349,3.88334],[-74.30165,3.88356],[-74.30079,3.8832],[-74.29877,3.8811],[-74.29787,3.88108],[-74.29622,3.88454],[-74.29301,3.88676],[-74.28956,3.89157],[-74.28656,3.89381],[-74.2855,3.89646],[-74.28386,3.89877],[-74.28181,3.90064],[-74.27943,3.90583],[-74.27607,3.91055],[-74.27507,3.91524],[-74.27471,3.92088],[-74.27332,3.9253],[-74.27106,3.92691],[-74.26484,3.92944],[-74.25737,3.92836],[-74.25648,3.92867],[-74.25607,3.9315],[-74.25681,3.93712],[-74.25784,3.94082],[-74.2577,3.94267],[-74.25362,3.94476],[-74.25301,3.94548],[-74.25323,3.9464],[-74.25395,3.94701],[-74.25952,3.94793],[-74.26004,3.94868],[-74.25951,3.9494],[-74.25862,3.94963],[-74.25294,3.94941],[-74.25118,3.94972],[-74.24643,3.95245],[-74.24421,3.95541],[-74.24219,3.96169],[-74.24081,3.96442],[-74.23885,3.97068],[-74.23768,3.97323],[-74.2332,3.9782],[-74.23291,3.97909],[-74.23327,3.98102],[-74.23301,3.98294],[-74.23048,3.98811],[-74.2298,3.99288],[-74.22904,3.9946],[-74.22059,4.00379],[-74.21966,4.00548],[-74.2178,4.00752],[-74.21753,4.01028],[-74.21571,4.01093],[-74.21393,4.01288],[-74.21989,4.01678],[-74.22287,4.01797],[-74.22542,4.01822],[-74.22713,4.01971],[-74.22865,4.01996],[-74.23063,4.02108],[-74.23515,4.02496],[-74.23529,4.02709],[-74.23316,4.03344],[-74.23337,4.03805],[-74.23257,4.04258],[-74.23297,4.04375],[-74.23542,4.04533],[-74.23749,4.04739],[-74.23797,4.04752],[-74.23997,4.04595],[-74.24134,4.04564],[-74.24245,4.04861],[-74.24295,4.05174],[-74.24263,4.05414],[-74.24456,4.05364],[-74.2477,4.05394],[-74.25081,4.05339],[-74.25195,4.05382],[-74.25404,4.05562],[-74.2535,4.0594],[-74.25183,4.0626],[-74.2516,4.06478],[-74.25091,4.06674],[-74.24946,4.06872],[-74.24605,4.08173],[-74.24597,4.08341],[-74.2474,4.08913],[-74.24793,4.09375],[-74.24627,4.10244]]]}},{"type":"Feature","properties":{"cod":"UPR1","nombre":"Upr Zona Norte","localidad":11},"geometry":{"type":"MultiPolygon","coordinates":[[[[-74.11625,4.76379],[-74.11143,4.75964],[-74.11029,4.75966],[-74.10761,4.76139],[-74.10733,4.76196],[-74.10796,4.76188],[-74.10809,4.76231],[-74.10779,4.76272],[-74.10701,4.76259],[-74.10751,4.76305],[-74.10562,4.76599],[-74.10517,4.76585],[-74.10499,4.76506],[-74.10573,4.76269],[-74.10497,4.76277],[-74.10456,4.76339],[-74.10354,4.76246],[-74.10238,4.76239],[-74.10104,4.76529],[-74.10037,4.76803],[-74.10004,4.76781],[-74.10026,4.76578],[-74.09998,4.7653],[-74.10055,4.76461],[-74.10132,4.76197],[-74.09767,4.76099],[-74.09553,4.76127],[-74.09579,4.7603],[-74.09468,4.75994],[-74.0944,4.75924],[-74.09404,4.7596],[-74.094,4.75908],[-74.09239,4.75891],[-74.0917,4.75816],[-74.09021,4.75977],[-74.08986,4.75942],[-74.09088,4.75847],[-74.09024,4.75834],[-74.08949,4.75903],[-74.08893,4.75846],[-74.08931,4.75762],[-74.08779,4.75744],[-74.086,4.75813],[-74.08507,4.75796],[-74.08457,4.75891],[-74.07676,4.7588],[-74.075,4.75933],[-74.07318,4.76078],[-74.07184,4.76211],[-74.07142,4.76316],[-74.06713,4.76886],[-74.06765,4.76933],[-74.0654,4.77039],[-74.06429,4.77157],[-74.06327,4.77114],[-74.06285,4.77201],[-74.06383,4.77235],[-74.06373,4.77283],[-74.05931,4.78045],[-74.0613,4.78051],[-74.0624,4.78341],[-74.05886,4.78303],[-74.05851,4.7846],[-74.05614,4.78951],[-74.05454,4.79397],[-74.05406,4.79777],[-74.05293,4.80161],[-74.04855,4.80042],[-74.04808,4.80278],[-74.04251,4.80169],[-74.04152,4.8077],[-74.04357,4.8081],[-74.0565,4.81306],[-74.05853,4.81519],[-74.05756,4.82194],[-74.05544,4.82178],[-74.05582,4.81853],[-74.05391,4.81831],[-74.05275,4.82822],[-74.05238,4.82863],[-74.05084,4.82781],[-74.04612,4.82741],[-74.04368,4.82844],[-74.04245,4.83066],[-74.04415,4.833],[-74.04554,4.83053],[-74.04659,4.83011],[-74.04756,4.83057],[-74.04932,4.83476],[-74.04996,4.83517],[-74.04901,4.83064],[-74.0503,4.83053],[-74.05185,4.83236],[-74.0533,4.83309],[-74.05429,4.83056],[-74.05602,4.82885],[-74.05779,4.82906],[-74.06021,4.82863],[-74.06021,4.82764],[-74.06066,4.82744],[-74.06269,4.83218],[-74.06261,4.8352],[-74.063,4.8356],[-74.06411,4.83395],[-74.06385,4.83121],[-74.06449,4.83021],[-74.065,4.83187],[-74.06496,4.83487],[-74.06551,4.83547],[-74.06631,4.8351],[-74.06739,4.83265],[-74.06708,4.82797],[-74.06869,4.82863],[-74.07074,4.8284],[-74.07097,4.83204],[-74.07171,4.83416],[-74.07283,4.83555],[-74.07454,4.83667],[-74.0768,4.83669],[-74.0796,4.83568],[-74.08655,4.83219],[-74.0865,4.83154],[-74.08432,4.82969],[-74.08018,4.82498],[-74.07895,4.82111],[-74.08202,4.81638],[-74.08278,4.81798],[-74.08222,4.81889],[-74.08231,4.81954],[-74.08342,4.82214],[-74.085,4.82114],[-74.08657,4.82103],[-74.08712,4.81602],[-74.08692,4.8155],[-74.08605,4.81506],[-74.08317,4.81433],[-74.08291,4.81364],[-74.08495,4.81298],[-74.08468,4.81212],[-74.08004,4.80999],[-74.07975,4.80938],[-74.07995,4.80851],[-74.08126,4.8074],[-74.08848,4.80331],[-74.08877,4.8029],[-74.08758,4.8025],[-74.0871,4.8017],[-74.089,4.80139],[-74.08832,4.79911],[-74.0886,4.79817],[-74.08928,4.7976],[-74.0908,4.79764],[-74.09152,4.79718],[-74.09157,4.79669],[-74.0897,4.79617],[-74.08726,4.79681],[-74.08718,4.79621],[-74.08991,4.79348],[-74.0935,4.79089],[-74.09402,4.79107],[-74.09588,4.79562],[-74.09607,4.79924],[-74.09794,4.7986],[-74.10071,4.79911],[-74.10131,4.79863],[-74.10276,4.79525],[-74.10386,4.79501],[-74.1028,4.79663],[-74.10317,4.79742],[-74.10466,4.7973],[-74.10525,4.79687],[-74.10762,4.79205],[-74.10805,4.78885],[-74.11162,4.78721],[-74.11239,4.78943],[-74.11055,4.78952],[-74.11005,4.78983],[-74.11004,4.79034],[-74.11042,4.79065],[-74.11231,4.7906],[-74.11295,4.79023],[-74.11435,4.78689],[-74.11232,4.78564],[-74.11225,4.78447],[-74.11475,4.78564],[-74.11437,4.78225],[-74.11699,4.78118],[-74.1172,4.7807],[-74.11713,4.78029],[-74.11471,4.78093],[-74.11435,4.78006],[-74.11506,4.77906],[-74.11688,4.77819],[-74.11719,4.7775],[-74.11582,4.7777],[-74.11466,4.77859],[-74.11391,4.7787],[-74.1151,4.77372],[-74.11661,4.77204],[-74.11488,4.77231],[-74.11434,4.77198],[-74.11469,4.77057],[-74.11582,4.7693],[-74.11774,4.76803],[-74.1183,4.76678],[-74.11768,4.76647],[-74.11714,4.76669],[-74.1157,4.76799],[-74.11541,4.76638],[-74.11625,4.76379]],[[-74.06254,4.79205],[-74.06068,4.79812],[-74.05809,4.79634],[-74.05818,4.79193],[-74.05963,4.79189],[-74.05964,4.79123],[-74.0582,4.7912],[-74.05823,4.78939],[-74.06112,4.78946],[-74.06069,4.79201],[-74.06254,4.79205]],[[-74.07241,4.80206],[-74.06763,4.80043],[-74.06896,4.7969],[-74.07408,4.79848],[-74.07782,4.80005],[-74.07402,4.79858],[-74.07241,4.80206]],[[-74.06571,4.79021],[-74.0684,4.78576],[-74.07025,4.78681],[-74.06785,4.79119],[-74.06571,4.79021]],[[-74.06349,4.80491],[-74.06234,4.80452],[-74.06319,4.80195],[-74.06434,4.80234],[-74.06349,4.80491]],[[-74.07639,4.80341],[-74.07603,4.80614],[-74.07487,4.80575],[-74.07572,4.80318],[-74.07639,4.80341]]],[[[-74.03147,4.7964],[-74.02991,4.8037],[-74.02987,4.80744],[-74.03036,4.80889],[-74.0324,4.80904],[-74.03441,4.79673],[-74.03147,4.7964]]],[[[-74.03332,4.82561],[-74.03501,4.82553],[-74.03553,4.82069],[-74.03132,4.82069],[-74.03152,4.82442],[-74.03332,4.82561]]]]}},{"type":"Feature","properties":{"cod":"UPZ28","nombre":"El Rincon","localidad":11},"geometry":{"type":"Polygon","coordinates":[[[-74.07868,4.73409],[-74.08129,4.7357],[-74.08258,4.73707],[-74.08644,4.73842],[-74.08918,4.74115],[-74.09619,4.74658],[-74.10579,4.75153],[-74.10604,4.74495],[-74.10315,4.72719],[-74.10344,4.72331],[-74.10214,4.7221],[-74.10056,4.72156],[-74.10037,4.71895],[-74.09984,4.718],[-74.09886,4.71746],[-74.09668,4.71738],[-74.09535,4.71599],[-74.09478,4.71449],[-74.09344,4.71289],[-74.09263,4.71607],[-74.0928,4.71706],[-74.09228,4.71671],[-74.09196,4.71725],[-74.08871,4.71644],[-74.08786,4.71702],[-74.08694,4.71628],[-74.08671,4.71744],[-74.08449,4.71715],[-74.08527,4.71858],[-74.08456,4.71986],[-74.08281,4.72073],[-74.08245,4.72173],[-74.08269,4.72338],[-74.08217,4.72659],[-74.08256,4.72668],[-74.08268,4.72781],[-74.08331,4.7281],[-74.08313,4.72928],[-74.08264,4.7292],[-74.08249,4.73024],[-74.08345,4.73041],[-74.08388,4.73112],[-74.08411,4.73308],[-74.08229,4.73387],[-74.07961,4.73354],[-74.07868,4.73409]]]}}]}