"Año","Tipo de elección","Cod_depto","Departamento","Cod_municipio","Municipio","Zona","Cod_puesto","Puesto de votación","Sexo","","","Potencial electoral","Rangos Etareos","","","","","","","","","","",""
"","","","","","","","","","Hombres","Mujeres","Otros","","18-20","21-25","26-30","31-35","36-40","41-45","46-50","51-55","56-60","mas de 60","sin fecha de nacimiento","extranjero"
"2023","AUTORIDADES TERRITORIALES","16","BOGOTA D.C.","001","BOGOTA. D.C.","01","01","USAQUÉN","15.316","13.189","0","28.505","275","2235","3991","5412","2248","1059","2521","4266","1672","4826","0","0"
"2023","AUTORIDADES TERRITORIALES","16","BOGOTA D.C.","001","BOGOTA. D.C.","01","02","SERVITA","10.483","12.873","0","23.356","511","442","3951","2679","2414","1843","1696","1999","2128","5693","0","0"
"2023","AUTORIDADES TERRITORIALES","16","BOGOTA D.C.","001","BOGOTA. D.C.","01","03","CALAZANS","4.443","5.210","0","9.653","405","659","1350","1373","912","730","728","712","748","2036","0","0"
"2023","AUTORIDADES TERRITORIALES","16","BOGOTA D.C.","001","BOGOTA. D.C.","01","04","COLEGIO AQUILEO PARRA SEDE BACHILLERATO","6.532","7.750","0","14.282","279","1288","2190","1241","1525","1229","1229","1213","1162","2926","0","0"
"2023","AUTORIDADES TERRITORIALES","16","BOGOTA D.C.","001","BOGOTA. D.C.","01","05","LIJACA","5.218","5.902","0","11.120","263","776","1622","2239","1081","1004","811","832","745","1747","0","0"
"2023","AUTORIDADES TERRITORIALES","16","BOGOTA D.C.","001","BOGOTA. D.C.","01","06","SAN ANTONIO UNIÓN COLOMBIA","5.205","6.000","0","11.205","139","1586","1733","1081","966","986","898","870","888","2057","0","1"
"2023","AUTORIDADES TERRITORIALES","16","BOGOTA D.C.","001","BOGOTA. D.C.","01","07","COLEGIO AGUSTIN FERNANDEZ SEDE A","5.653","6.348","0","12.001","413","1520","2015","1563","887","763","741","770","808","2520","1","0"
"2023","AUTORIDADES TERRITORIALES","16","BOGOTA D.C.","001","BOGOTA. D.C.","01","08","CENTRO COMERCIAL CEDRITOS 151","8.654","11.754","0","20.408","501","297","1244","2020","1423","1649","1642","1602","1755","8275","0","0"
"2023","AUTORIDADES TERRITORIALES","16","BOGOTA D.C.","001","BOGOTA. D.C.","01","09","UNIVERSIDAD EL BOSQUE","6.867","8.812","0","15.679","26","1200","2253","1891","1274","1069","983","927","1108","4948","0","0"
"2023","AUTORIDADES TERRITORIALES","16","BOGOTA D.C.","001","BOGOTA. D.C.","01","10","SANTO TOMAS DE AQUINO","6.329","8.359","0","14.688","10","128","1258","1200","1089","1266","1125","1150","1232","6230","0","0"
"2023","AUTORIDADES TERRITORIALES","16","BOGOTA D.C.","001","BOGOTA. D.C.","01","11","INSTITUTO PEDAGOGICO NACIONAL","6.019","6.769","0","12.788","35","972","1884","992","3702","812","665","599","690","2437","0","0"
"2023","AUTORIDADES TERRITORIALES","16","BOGOTA D.C.","001","BOGOTA. D.C.","01","12","CENTRO COMERCIAL UNICENTRO","13.650","16.987","0","30.637","0","220","1266","3149","2220","2519","2797","2906","3215","12345","0","0"
"2023","AUTORIDADES TERRITORIALES","16","BOGOTA D.C.","001","BOGOTA. D.C.","01","13","PLAZA MEXICO","5.202","6.436","0","11.638","0","521","1186","1136","952","1015","819","889","1123","3997","0","0"
"2023","AUTORIDADES TERRITORIALES","16","BOGOTA D.C.","001","BOGOTA. D.C.","01","14","SANTA PAULA","4.245","5.311","0","9.556","0","415","1250","969","915","1000","919","764","763","2561","0","0"
"2023","AUTORIDADES TERRITORIALES","16","BOGOTA D.C.","001","BOGOTA. D.C.","01","15","CENTRO COMERCIAL HACIENDA SANTA BARBARA","6.321","7.717","0","14.038","47","1480","1215","1197","1158","1111","1094","1059","1248","4429","0","0"
"2023","AUTORIDADES TERRITORIALES","16","BOGOTA D.C.","001","BOGOTA. D.C.","01","16","COLEGIO MONTERROSALES","1.168","1.177","0","2.345","45","221","332","240","223","216","244","205","182","437","0","0"
"2023","AUTORIDADES TERRITORIALES","16","BOGOTA D.C.","001","BOGOTA. D.C.","01","17","COLEGIO DISTRITAL TOBERIN SEDE A","5.850","6.956","0","12.806","0","657","1542","1145","1177","1290","1191","1190","1181","3433","0","0"
"2023","AUTORIDADES TERRITORIALES","16","BOGOTA D.C.","001","BOGOTA. D.C.","01","18","PARQUE CEDRITOS","4.705","6.273","0","10.978","0","374","929","1005","1002","1067","960","836","867","3938","0","0"
"2023","AUTORIDADES TERRITORIALES","16","BOGOTA D.C.","001","BOGOTA. D.C.","01","19","CEDRO GOLF","4.673","5.912","0","10.585","34","1059","1199","1120","802","891","856","710","755","3153","0","6"
"2023","AUTORIDADES TERRITORIALES","16","BOGOTA D.C.","001","BOGOTA. D.C.","01","20","BUENAVISTA","3.508","4.170","0","7.678","0","541","1459","1001","862","710","690","592","499","1324","0","0"
"2023","AUTORIDADES TERRITORIALES","16","BOGOTA D.C.","001","BOGOTA. D.C.","01","21","CANAIMA","2.262","2.029","0","4.291","160","269","1329","1055","254","251","236","184","178","375","0","0"
"2023","AUTORIDADES TERRITORIALES","16","BOGOTA D.C.","001","BOGOTA. D.C.","01","22","ALESSANDRO VOLTA","3.728","4.473","0","8.201","762","1110","780","832","861","790","680","561","517","1284","1","23"
"2023","AUTORIDADES TERRITORIALES","16","BOGOTA D.C.","001","BOGOTA. D.C.","01","23","COLEGIO DISTRITAL USAQUEN SEDE A","2.384","2.927","0","5.311","467","543","515","496","511","523","433","389","385","989","0","60"
"2023","AUTORIDADES TERRITORIALES","16","BOGOTA D.C.","001","BOGOTA. D.C.","01","24","COLEGIO DISTRITAL CRISTOBAL COLON","2.577","2.950","0","5.527","473","1180","423","494","526","596","426","363","311","731","0","4"
"2023","AUTORIDADES TERRITORIALES","16","BOGOTA D.C.","001","BOGOTA. D.C.","01","25","COLEGIO DISTRITAL DIVINO MAESTRO SEDE A","2.680","3.342","0","6.022","648","1148","616","583","636","656","489","372","305","569","0","0"
"2023","AUTORIDADES TERRITORIALES","16","BOGOTA D.C.","001","BOGOTA. D.C.","01","26","COLEGIO DISTRITAL DIVINO MAESTRO SEDE B","1.584","1.730","0","3.314","270","1415","328","219","242","245","180","140","80","195","0","0"
"2023","AUTORIDADES TERRITORIALES","16","BOGOTA D.C.","001","BOGOTA. D.C.","01","27","COLEGIO COLSUBSIDIO NORTE USAQUEN","5.050","6.802","0","11.852","458","1760","1092","1161","1232","1085","880","812","751","2615","0","6"
"2023","AUTORIDADES TERRITORIALES","16","BOGOTA D.C.","001","BOGOTA. D.C.","01","28","COLEGIO GENERAL SANTANDER USAQUEN","2.248","2.842","0","5.090","631","997","467","480","533","463","358","258","269","627","0","7"
"2023","AUTORIDADES TERRITORIALES","16","BOGOTA D.C.","001","BOGOTA. D.C.","01","29","COLEGIO TOBERIN ""B""","2.877","3.371","0","6.248","617","1231","685","651","596","524","455","410","353","725","0","1"
"2023","AUTORIDADES TERRITORIALES","16","BOGOTA D.C.","001","BOGOTA. D.C.","01","30","COLEGIO FRIEDRICH NAUMANN SEDE A","674","799","0","1.473","176","234","161","140","144","132","108","101","88","188","0","1"
"2023","AUTORIDADES TERRITORIALES","16","BOGOTA D.C.","001","BOGOTA. D.C.","01","31","COLEGIO FRIEDRICH NAUMANN SEDE B","1.246","1.314","0","2.560","28","1646","275","118","119","110","75","48","48","93","0","0"
"2023","AUTORIDADES TERRITORIALES","16","BOGOTA D.C.","001","BOGOTA. D.C.","01","32","VERBENAL SANTA MARIA","3.479","4.335","0","7.814","890","1610","758","814","784","802","523","449","386","794","0","4"
"2023","AUTORIDADES TERRITORIALES","16","BOGOTA D.C.","001","BOGOTA. D.C.","01","33","COLEGIO DISTRITAL SALUDCOOP NORTE","2.311","2.912","0","5.223","654","832","580","580","552","563","393","310","256","501","0","2"
"2023","AUTORIDADES TERRITORIALES","16","BOGOTA D.C.","001","BOGOTA. D.C.","01","34","COLEGIO NUEVO HORIZONTE SEDE D TORCA","201","194","0","395","44","133","26","24","19","30","27","27","19","46","0","0"
"2023","AUTORIDADES TERRITORIALES","16","BOGOTA D.C.","001","BOGOTA. D.C.","01","35","CARULLA 140","2.832","4.289","0","7.121","0","648","457","772","979","870","594","458","469","1874","0","0"
"2023","AUTORIDADES TERRITORIALES","16","BOGOTA D.C.","001","BOGOTA. D.C.","01","36","COLEGIO SAN FRANCISCO CL 186","1.654","1.901","0","3.555","953","569","348","354","310","286","229","167","121","217","0","1"
"2023","AUTORIDADES TERRITORIALES","16","BOGOTA D.C.","001","BOGOTA. D.C.","01","37","COLEGIO BUEN CONSEJO","3.827","5.008","0","8.835","569","741","880","1259","1112","996","637","517","547","1516","0","61"
"2023","AUTORIDADES TERRITORIALES","16","BOGOTA D.C.","001","BOGOTA. D.C.","01","38","UNIVERSIDAD MILITAR","1.710","2.159","0","3.869","643","610","462","485","411","321","223","178","176","335","0","25"
"2023","AUTORIDADES TERRITORIALES","16","BOGOTA D.C.","001","BOGOTA. D.C.","01","39","COLEGIO LA ESTRELLITA","995","1.363","0","2.358","704","466","178","190","213","176","117","103","75","133","0","3"
"2023","AUTORIDADES TERRITORIALES","16","BOGOTA D.C.","001","BOGOTA. D.C.","01","40","COLEGIO ESCLAVAS DEL SAGRADO CORAZON","1.295","1.718","0","3.013","358","425","280","297","326","315","223","192","157","440","0","0"
"2023","AUTORIDADES TERRITORIALES","16","BOGOTA D.C.","001","BOGOTA. D.C.","01","41","COLEGIO CARDENAL SANCHA","2.260","2.986","0","5.246","348","701","480","565","542","522","398","336","313","1039","0","2"
"2023","AUTORIDADES TERRITORIALES","16","BOGOTA D.C.","001","BOGOTA. D.C.","01","42","COLEGIO CAMPESTRE SAN JOSE","2.039","2.519","0","4.558","391","476","370","451","448","457","365","344","329","874","0","53"
"2023","AUTORIDADES TERRITORIALES","16","BOGOTA D.C.","001","BOGOTA. D.C.","01","43","COLEGIO PROVINMA","3.234","4.192","0","7.426","441","968","751","992","845","720","532","419","402","1350","0","6"
"2023","AUTORIDADES TERRITORIALES","16","BOGOTA D.C.","001","BOGOTA. D.C.","01","44","COLEGIO SANS FACON","1.178","1.464","0","2.642","352","400","201","265","254","253","207","175","169","344","0","22"
"2023","AUTORIDADES TERRITORIALES","16","BOGOTA D.C.","001","BOGOTA. D.C.","01","45","ANGLO AMERICANO","1.744","2.229","0","3.973","370","545","354","455","469","433","346","256","209","531","0","5"
"2023","AUTORIDADES TERRITORIALES","16","BOGOTA D.C.","001","BOGOTA. D.C.","01","46","COLEGIO PUREZA DE MARIA","2.749","3.577","0","6.326","674","646","521","642","635","586","447","464","429","1217","0","65"
"2023","AUTORIDADES TERRITORIALES","16","BOGOTA D.C.","001","BOGOTA. D.C.","01","47","CENTRO COMERCIAL BELAIRE PLAZA","1.006","1.221","0","2.227","381","236","257","274","223","212","161","136","115","230","0","2"
"2023","AUTORIDADES TERRITORIALES","16","BOGOTA D.C.","001","BOGOTA. D.C.","01","48","CENTRO COMERCIAL PALATINO","4.405","5.972","0","10.377","1519","1079","1212","1362","1123","841","667","592","531","1451","0","0"
"2023","AUTORIDADES TERRITORIALES","16","BOGOTA D.C.","001","BOGOTA. D.C.","01","49","FUNDACION ANA RESTREPO DEL CORRAL","211","236","0","447","95","52","41","40","36","53","25","32","17","56","0","0"
"2023","AUTORIDADES TERRITORIALES","16","BOGOTA D.C.","001","BOGOTA. D.C.","01","50","SALON COMUNAL TIBABITA","188","211","0","399","101","19","33","30","45","41","41","18","24","47","0","0"
"2023","AUTORIDADES TERRITORIALES","16","BOGOTA D.C.","001","BOGOTA. D.C.","01","51","I E AQUILEO PARRA SEDE PRIMARIA","211","225","0","436","80","36","44","32","43","39","39","41","24","58","0","0"
"2023","AUTORIDADES TERRITORIALES","16","BOGOTA D.C.","001","BOGOTA. D.C.","01","52","COLEGIO MAYOR JOSE CELESTINO MUTIS","201","208","0","409","136","19","45","43","40","27","27","27","14","30","0","1"
"2023","AUTORIDADES TERRITORIALES","16","BOGOTA D.C.","001","BOGOTA. D.C.","01","53","COLEGIO MARIA AUXILIADORA NORTE","480","682","0","1.162","208","72","110","110","122","123","95","85","70","163","0","4"
"2023","AUTORIDADES TERRITORIALES","16","BOGOTA D.C.","001","BOGOTA. D.C.","01","54","SALON COMUNAL SAN CRISTOBAL NORTE","500","537","0","1.037","372","65","65","84","94","84","75","51","52","93","0","2"
"2023","AUTORIDADES TERRITORIALES","16","BOGOTA D.C.","001","BOGOTA. D.C.","01","55","SALON COMUNAL VILLA NIDIA","123","105","0","228","79","7","10","13","22","18","16","19","20","24","0","0"
"2023","AUTORIDADES TERRITORIALES","16","BOGOTA D.C.","001","BOGOTA. D.C.","01","56","COLEGIO DISTRITAL LA EQUIDAD SALUDCOOP","163","211","0","374","57","23","20","41","33","35","34","29","37","65","0","0"
"2023","AUTORIDADES TERRITORIALES","16","BOGOTA D.C.","001","BOGOTA. D.C.","01","57","ESCUELA COLOMBIANA DE REHABILITACION","1.967","2.485","0","4.452","423","229","392","395","429","429","364","309","379","1073","0","30"
"2023","AUTORIDADES TERRITORIALES","16","BOGOTA D.C.","001","BOGOTA. D.C.","02","01","CHICO NORTE","17.874","4.367","0","22.241","219","1566","1975","2603","3176","4637","2396","1296","920","3453","0","0"
"2023","AUTORIDADES TERRITORIALES","16","BOGOTA D.C.","001","BOGOTA. D.C.","02","02","CHICO RESERVADO","3.103","10.629","0","13.732","176","642","1088","1211","1100","2700","1272","957","1008","3577","1","0"
"2023","AUTORIDADES TERRITORIALES","16","BOGOTA D.C.","001","BOGOTA. D.C.","02","03","CHICO LICEO FRANCES LOUIS PASTEUR","6.295","7.080","0","13.375","455","1571","965","788","958","1036","1101","1042","1114","4332","0","13"
"2023","AUTORIDADES TERRITORIALES","16","BOGOTA D.C.","001","BOGOTA. D.C.","02","04","ANTIGUO COUNTRY PLAZOLETA CARULLA","4.832","5.349","0","10.181","63","275","462","713","962","1027","959","873","1063","3784","0","0"
"2023","AUTORIDADES TERRITORIALES","16","BOGOTA D.C.","001","BOGOTA. D.C.","02","05","UNIVERSIDAD EAN","4.326","5.075","0","9.401","245","623","875","951","775","806","732","710","717","2949","0","18"
"2023","AUTORIDADES TERRITORIALES","16","BOGOTA D.C.","001","BOGOTA. D.C.","02","06","UNIVERSIDAD SERGIO ARBOLEDA","3.627","3.331","0","6.958","349","809","803","954","797","577","498","421","467","1254","0","29"
"2023","AUTORIDADES TERRITORIALES","16","BOGOTA D.C.","001","BOGOTA. D.C.","02","07","UNIVERSIDAD PEDAGOGICA NACIONAL","3.778","4.214","0","7.992","421","764","644","642","663","619","611","625","715","2277","0","11"
"2023","AUTORIDADES TERRITORIALES","16","BOGOTA D.C.","001","BOGOTA. D.C.","02","08","GRANADA COLEGIO SIMON RODRIGUEZ SEDE B","1.930","2.095","0","4.025","460","164","1281","418","310","260","194","201","169","568","0","0"
"2023","AUTORIDADES TERRITORIALES","16","BOGOTA D.C.","001","BOGOTA. D.C.","02","09","SENA CALLE 65","3.530","3.083","0","6.613","22","189","601","441","651","580","585","625","760","2159","0","0"
"2023","AUTORIDADES TERRITORIALES","16","BOGOTA D.C.","001","BOGOTA. D.C.","02","10","UNIVERSIDAD KONRAD LORENZ","3.100","5.368","0","8.468","73","256","420","368","490","847","689","633","776","3916","0","0"
"2023","AUTORIDADES TERRITORIALES","16","BOGOTA D.C.","001","BOGOTA. D.C.","02","11","SENA CALLE 52","4.036","3.896","0","7.932","62","665","884","1217","1113","855","642","487","515","1492","0","0"
"2023","AUTORIDADES TERRITORIALES","16","BOGOTA D.C.","001","BOGOTA. D.C.","02","12","UNIVERSIDAD PILOTO","1.930","3.317","0","5.247","42","69","398","172","239","342","422","497","524","2542","0","0"
"2023","AUTORIDADES TERRITORIALES","16","BOGOTA D.C.","001","BOGOTA. D.C.","02","13","COLEGIO CAMPESTRE MONTEVERDE SAN LUIS","2.836","3.333","0","6.169","392","659","894","832","615","565","456","379","406","969","0","2"
"2023","AUTORIDADES TERRITORIALES","16","BOGOTA D.C.","001","BOGOTA. D.C.","02","14","COLEGIO SIMON RODRIGUEZ SEDE A","3.718","2.100","0","5.818","128","363","430","745","1134","769","715","594","519","419","0","2"
"2023","AUTORIDADES TERRITORIALES","16","BOGOTA D.C.","001","BOGOTA. D.C.","02","15","UNIVERSIDAD DISTRITAL","4.420","3.432","0","7.852","222","878","994","1629","1199","911","670","490","453","404","0","2"
"2023","AUTORIDADES TERRITORIALES","16","BOGOTA D.C.","001","BOGOTA. D.C.","02","16","CENTRO COMERCIAL DE LA 93","1.515","1.755","0","3.270","39","498","282","391","436","365","244","215","178","613","0","9"
"2023","AUTORIDADES TERRITORIALES","16","BOGOTA D.C.","001","BOGOTA. D.C.","02","17","MUSEO DEL CHICO","1.721","2.144","0","3.865","399","403","438","483","497","369","293","252","222","509","0","0"
"2023","AUTORIDADES TERRITORIALES","16","BOGOTA D.C.","001","BOGOTA. D.C.","02","18","SALON COMUNAL PARAISO EL TROPIHUECO","448","554","0","1.002","53","243","99","100","85","87","89","62","54","130","0","0"
"2023","AUTORIDADES TERRITORIALES","16","BOGOTA D.C.","001","BOGOTA. D.C.","02","19","MARISCAL SUCRE SEDE B","383","382","0","765","68","229","118","90","55","52","38","24","35","56","0","0"
"2023","AUTORIDADES TERRITORIALES","16","BOGOTA D.C.","001","BOGOTA. D.C.","02","20","BETHLEMITAS-CALLE 65","2.250","2.435","0","4.685","392","657","694","774","638","447","256","209","193","402","0","23"
"2023","AUTORIDADES TERRITORIALES","16","BOGOTA D.C.","001","BOGOTA. D.C.","02","21","U. SANTO TOMAS CLAUSTRO","1.697","1.691","0","3.388","238","541","611","608","440","254","155","141","141","255","0","4"
"2023","AUTORIDADES TERRITORIALES","16","BOGOTA D.C.","001","BOGOTA. D.C.","02","22","EL AQUINATE U. SANTO TOMAS","1.082","973","0","2.055","148","253","290","295","256","194","125","133","108","247","0","6"
"2023","AUTORIDADES TERRITORIALES","16","BOGOTA D.C.","001","BOGOTA. D.C.","02","23","COLEGIO NUEVO GIMNASIO","684","797","0","1.481","129","212","174","214","183","149","106","80","75","156","0","3"
"2023","AUTORIDADES TERRITORIALES","16","BOGOTA D.C.","001","BOGOTA. D.C.","02","24","UNIVERSIDAD CATOLICA","1.704","1.724","0","3.428","342","586","636","595","403","244","149","129","121","221","0","2"
"2023","AUTORIDADES TERRITORIALES","16","BOGOTA D.C.","001","BOGOTA. D.C.","02","25","UNIVERSIDAD DE LA SALLE","1.922","1.777","0","3.699","361","499","586","655","522","316","208","137","145","259","0","11"
"2023","AUTORIDADES TERRITORIALES","16","BOGOTA D.C.","001","BOGOTA. D.C.","02","26","COLEGIO LICEO DE CERVANTES EL RETIRO","1.253","1.542","0","2.795","356","273","248","302","283","264","228","220","190","412","0","19"
"2023","AUTORIDADES TERRITORIALES","16","BOGOTA D.C.","001","BOGOTA. D.C.","02","27","COLEGIO DEL ROSARIO DE SANTO DOMINGO","284","337","0","621","71","73","57","68","82","75","53","38","42","59","0","3"
"2023","AUTORIDADES TERRITORIALES","16","BOGOTA D.C.","001","BOGOTA. D.C.","02","28","PARQUEADERO CHICO CALLE 90","1.083","1.322","0","2.405","264","185","289","395","350","231","117","143","135","283","0","13"
"2023","AUTORIDADES TERRITORIALES","16","BOGOTA D.C.","001","BOGOTA. D.C.","02","29","UNIVERSIDAD AREA ANDINA","234","262","0","496","93","52","66","57","49","44","30","26","32","43","0","4"
"2023","AUTORIDADES TERRITORIALES","16","BOGOTA D.C.","001","BOGOTA. D.C.","02","30","CHICO 97","445","500","0","945","136","109","100","110","94","69","62","61","50","142","0","12"
"2023","AUTORIDADES TERRITORIALES","16","BOGOTA D.C.","001","BOGOTA. D.C.","02","31","UNIVERSIDAD JAVERIANA","482","432","0","914","257","101","128","110","82","52","42","49","28","63","0","2"
"2023","AUTORIDADES TERRITORIALES","16","BOGOTA D.C.","001","BOGOTA. D.C.","03","01","CAMILO TORRES","3.279","2.933","0","6.212","315","906","524","903","775","508","385","380","412","1100","0","4"
"2023","AUTORIDADES TERRITORIALES","16","BOGOTA D.C.","001","BOGOTA. D.C.","03","02","LA PERSEVERANCIA","2.767","2.821","0","5.588","72","368","1127","909","590","385","278","347","380","1132","0","0"
"2023","AUTORIDADES TERRITORIALES","16","BOGOTA D.C.","001","BOGOTA. D.C.","03","03","POLICARPA SALAVARRIETA","2.301","2.303","0","4.604","605","198","255","479","374","302","360","359","377","1295","0","0"
"2023","AUTORIDADES TERRITORIALES","16","BOGOTA D.C.","001","BOGOTA. D.C.","03","04","PALACIO SAN FRANCISCO","5.330","3.966","0","9.296","398","761","605","796","686","780","812","825","966","2667","0","0"
"2023","AUTORIDADES TERRITORIALES","16","BOGOTA D.C.","001","BOGOTA. D.C.","03","05","FACULTAD DE ARTES - ASAB","2.722","2.036","0","4.758","1147","310","273","384","309","303","294","341","401","996","0","0"
"2023","AUTORIDADES TERRITORIALES","16","BOGOTA D.C.","001","BOGOTA. D.C.","03","06","LOS LACHES","4.152","4.288","0","8.440","910","1391","1123","800","719","589","476","494","600","1338","0","0"
"2023","AUTORIDADES TERRITORIALES","16","BOGOTA D.C.","001","BOGOTA. D.C.","03","07","CENTRO ORIENTE","1.755","1.986","0","3.741","196","354","302","275","322","345","285","308","346","1008","0","0"
"2023","AUTORIDADES TERRITORIALES","16","BOGOTA D.C.","001","BOGOTA. D.C.","03","08","SAN BERNARDO","2.433","2.345","0","4.778","256","585","536","431","361","307","336","363","396","1207","0","0"
"2023","AUTORIDADES TERRITORIALES","16","BOGOTA D.C.","001","BOGOTA. D.C.","03","09","LAS CRUCES","4.464","4.288","0","8.752","40","723","1005","873","786","673","679","791","781","2401","0","0"
"2023","AUTORIDADES TERRITORIALES","16","BOGOTA D.C.","001","BOGOTA. D.C.","03","10","GIRARDOT","2.030","2.352","0","4.382","390","792","612","496","435","304","229","254","240","630","0","0"
"2023","AUTORIDADES TERRITORIALES","16","BOGOTA D.C.","001","BOGOTA. D.C.","03","11","EL CONSUELO","2.846","3.270","0","6.116","50","647","864","709","527","467","507","600","529","1216","0","0"
"2023","AUTORIDADES TERRITORIALES","16","BOGOTA D.C.","001","BOGOTA. D.C.","03","12","MEDICINA LEGAL","1.593","1.299","0","2.892","972","62","174","155","211","267","199","234","203","415","0","0"
"2023","AUTORIDADES TERRITORIALES","16","BOGOTA D.C.","001","BOGOTA. D.C.","03","13","LAS AGUAS","1.889","1.726","0","3.615","28","663","434","310","318","293","261","254","261","793","0","0"
"2023","AUTORIDADES TERRITORIALES","16","BOGOTA D.C.","001","BOGOTA. D.C.","03","14","LAS NIEVES","2.762","2.432","0","5.194","0","281","386","415","504","482","481","516","522","1607","0","0"
"2023","AUTORIDADES TERRITORIALES","16","BOGOTA D.C.","001","BOGOTA. D.C.","03","15","EL VERJON","230","232","0","462","18","61","53","87","43","48","33","24","26","69","0","0"
"2023","AUTORIDADES TERRITORIALES","16","BOGOTA D.C.","001","BOGOTA. D.C.","03","16","EL GRAN SAN","1.291","1.358","0","2.649","322","369","314","250","239","265","214","210","170","294","0","2"
"2023","AUTORIDADES TERRITORIALES","16","BOGOTA D.C.","001","BOGOTA. D.C.","03","17","COLEGIO RAMON JIMENO","117","105","0","222","27","71","13","16","24","15","20","9","12","15","0","0"
"2023","AUTORIDADES TERRITORIALES","16","BOGOTA D.C.","001","BOGOTA. D.C.","03","18","COLEGIO LA GIRALDA","1.417","1.800","0","3.217","600","541","278","272","263","269","208","203","178","405","0","0"
"2023","AUTORIDADES TERRITORIALES","16","BOGOTA D.C.","001","BOGOTA. D.C.","03","19","UNIVERSIDAD JORGE TADEO LOZANO","1.857","1.937","0","3.794","533","757","433","428","335","293","209","220","203","377","0","6"
"2023","AUTORIDADES TERRITORIALES","16","BOGOTA D.C.","001","BOGOTA. D.C.","03","20","UNIVERSIDAD INCCA DE COLOMBIA","422","375","0","797","65","127","74","61","77","59","57","62","64","151","0","0"
"2023","AUTORIDADES TERRITORIALES","16","BOGOTA D.C.","001","BOGOTA. D.C.","03","21","CENTRO COMERCIAL SAN MARTIN","2.275","2.389","0","4.664","518","445","704","760","557","419","300","250","233","465","0","13"
"2023","AUTORIDADES TERRITORIALES","16","BOGOTA D.C.","001","BOGOTA. D.C.","03","22","UNIVERSIDAD ANTONIO NARIÑO","410","322","0","732","81","66","78","58","66","59","59","65","70","127","0","3"
"2023","AUTORIDADES TERRITORIALES","16","BOGOTA D.C.","001","BOGOTA. D.C.","03","23","UNIVERSIDAD CENTRAL","1.787","1.708","0","3.495","516","431","458","402","300","284","233","232","209","425","0","5"
"2023","AUTORIDADES TERRITORIALES","16","BOGOTA D.C.","001","BOGOTA. D.C.","04","01","LAS BRISAS","2.690","2.373","0","5.063","65","682","876","1049","831","292","245","218","233","572","0","0"
"2023","AUTORIDADES TERRITORIALES","16","BOGOTA D.C.","001","BOGOTA. D.C.","04","02","SANTA ANA SUR","3.595","3.753","0","7.348","83","1335","1202","920","479","366","370","396","530","1667","0","0"
"2023","AUTORIDADES TERRITORIALES","16","BOGOTA D.C.","001","BOGOTA. D.C.","04","03","SAN CRISTOBAL SUR","5.983","6.190","0","12.173","45","942","3114","1732","1331","618","604","725","829","2233","0","0"
"2023","AUTORIDADES TERRITORIALES","16","BOGOTA D.C.","001","BOGOTA. D.C.","04","04","LAS MERCEDES","3.966","4.373","0","8.339","117","882","939","1329","745","649","633","652","685","1708","0","0"
"2023","AUTORIDADES TERRITORIALES","16","BOGOTA D.C.","001","BOGOTA. D.C.","04","05","SAN BLAS","6.304","6.872","0","13.176","140","2543","2039","1675","1308","850","780","856","937","2047","0","1"
"2023","AUTORIDADES TERRITORIALES","16","BOGOTA D.C.","001","BOGOTA. D.C.","04","06","PRIMERA DE MAYO","3.449","3.740","0","7.189","450","617","932","923","610","603","455","535","599","1464","0","1"
"2023","AUTORIDADES TERRITORIALES","16","BOGOTA D.C.","001","BOGOTA. D.C.","04","07","SOSIEGO","2.493","2.620","0","5.113","23","530","677","502","636","310","374","381","445","1235","0","0"
"2023","AUTORIDADES TERRITORIALES","16","BOGOTA D.C.","001","BOGOTA. D.C.","04","08","JUAN DEL RIZZO","6.695","6.731","0","13.426","6","244","2942","1608","974","764","840","1022","1299","3727","0","0"
"2023","AUTORIDADES TERRITORIALES","16","BOGOTA D.C.","001","BOGOTA. D.C.","04","09","MONTEBELLO","5.089","5.853","0","10.942","43","879","1140","1552","961","769","805","957","1064","2772","0","0"
"2023","AUTORIDADES TERRITORIALES","16","BOGOTA D.C.","001","BOGOTA. D.C.","04","10","RAMAJAL","2.243","2.417","0","4.660","0","323","863","697","447","372","323","348","380","907","0","0"
"2023","AUTORIDADES TERRITORIALES","16","BOGOTA D.C.","001","BOGOTA. D.C.","04","11","BELLO HORIZONTE","4.448","4.867","0","9.315","0","868","1509","1206","838","608","613","713","860","2100","0","0"
"2023","AUTORIDADES TERRITORIALES","16","BOGOTA D.C.","001","BOGOTA. D.C.","04","12","SAN ISIDRO","5.638","6.256","0","11.894","462","1306","1850","1359","898","916","861","896","960","2386","0","0"
"2023","AUTORIDADES TERRITORIALES","16","BOGOTA D.C.","001","BOGOTA. D.C.","04","13","PARQUEADERO GUACAMAYAS","2.953","3.253","0","6.206","0","28","1048","1001","685","459","516","543","514","1412","0","0"
"2023","AUTORIDADES TERRITORIALES","16","BOGOTA D.C.","001","BOGOTA. D.C.","04","14","SAN MARTIN DE LOBA SUR","4.859","5.550","0","10.409","281","1162","1525","1188","904","876","790","905","858","1920","0","0"
"2023","AUTORIDADES TERRITORIALES","16","BOGOTA D.C.","001","BOGOTA. D.C.","04","15","BELLAVISTA SAN CRISTOBAL","3.735","4.395","0","8.130","98","900","923","976","773","710","676","696","743","1635","0","0"
"2023","AUTORIDADES TERRITORIALES","16","BOGOTA D.C.","001","BOGOTA. D.C.","04","16","CDC LA VICTORIA","9.261","9.716","0","18.977","0","779","2672","2400","1814","1512","1544","1810","1958","4488","0","0"
"2023","AUTORIDADES TERRITORIALES","16","BOGOTA D.C.","001","BOGOTA. D.C.","04","17","ALTAMIRA","5.600","6.093","0","11.693","0","1378","1890","1585","1284","775","801","925","944","2111","0","0"
"2023","AUTORIDADES TERRITORIALES","16","BOGOTA D.C.","001","BOGOTA. D.C.","04","18","EL QUINDIO","1.797","2.102","0","3.899","29","542","489","509","415","301","271","304","354","685","0","0"
"2023","AUTORIDADES TERRITORIALES","16","BOGOTA D.C.","001","BOGOTA. D.C.","04","19","REPUBLICA DEL CANADA","2.448","2.868","0","5.316","20","482","516","587","509","478","479","466","489","1290","0","0"
"2023","AUTORIDADES TERRITORIALES","16","BOGOTA D.C.","001","BOGOTA. D.C.","04","20","LA GLORIA","3.969","4.361","0","8.330","0","369","1356","1032","723","648","626","688","784","2104","0","0"
"2023","AUTORIDADES TERRITORIALES","16","BOGOTA D.C.","001","BOGOTA. D.C.","04","21","JUAN REY","4.184","4.510","0","8.694","78","2059","1739","1097","823","458","436","449","431","1124","0","0"
"2023","AUTORIDADES TERRITORIALES","16","BOGOTA D.C.","001","BOGOTA. D.C.","04","22","VILLA DE LOS ALPES","4.362","4.774","0","9.136","50","1002","1248","1164","872","765","673","703","744","1915","0","0"
"2023","AUTORIDADES TERRITORIALES","16","BOGOTA D.C.","001","BOGOTA. D.C.","04","23","LOS LIBERTADORES","3.571","3.961","0","7.532","0","339","1278","995","652","558","636","710","719","1645","0","0"
"2023","AUTORIDADES TERRITORIALES","16","BOGOTA D.C.","001","BOGOTA. D.C.","04","24","SAN PEDRO SUR ORIENTAL","2.224","2.521","0","4.745","7","435","416","518","470","543","476","448","447","985","0","0"
"2023","AUTORIDADES TERRITORIALES","16","BOGOTA D.C.","001","BOGOTA. D.C.","04","25","VILLA DEL CERRO","1.705","2.010","0","3.715","10","399","410","394","386","391","351","352","325","697","0","0"
"2023","AUTORIDADES TERRITORIALES","16","BOGOTA D.C.","001","BOGOTA. D.C.","04","26","CANADA GUIRA","1.276","1.419","0","2.695","34","469","350","301","188","231","214","252","207","449","0","0"
"2023","AUTORIDADES TERRITORIALES","16","BOGOTA D.C.","001","BOGOTA. D.C.","04","27","ARBOLEDA SUR","2.496","3.025","0","5.521","27","231","193","776","1160","423","416","396","460","1437","0","2"
"2023","AUTORIDADES TERRITORIALES","16","BOGOTA D.C.","001","BOGOTA. D.C.","04","28","20 DE JULIO SEDE B","4.581","4.941","0","9.522","1779","2610","817","708","653","635","452","455","470","943","0","0"
"2023","AUTORIDADES TERRITORIALES","16","BOGOTA D.C.","001","BOGOTA. D.C.","04","29","COLISEO DEPORTIVO PRIMERA DE MAYO","1.718","2.069","0","3.787","677","481","343","347","359","329","307","236","221","485","0","2"
"2023","AUTORIDADES TERRITORIALES","16","BOGOTA D.C.","001","BOGOTA. D.C.","04","30","SAN GERONIMO","390","467","0","857","33","164","74","65","80","113","94","65","53","116","0","0"
"2023","AUTORIDADES TERRITORIALES","16","BOGOTA D.C.","001","BOGOTA. D.C.","04","31","SURAMERICA","594","705","0","1.299","65","414","108","91","131","107","82","73","74","154","0","0"
"2023","AUTORIDADES TERRITORIALES","16","BOGOTA D.C.","001","BOGOTA. D.C.","04","32","SAN VICENTE COLSUBSIDIO","1.120","1.425","0","2.545","412","589","260","191","228","236","142","150","116","220","0","1"
"2023","AUTORIDADES TERRITORIALES","16","BOGOTA D.C.","001","BOGOTA. D.C.","04","33","GUACAMAYAS II","1.962","2.144","0","4.106","831","1544","406","211","201","219","178","147","114","254","0","1"
"2023","AUTORIDADES TERRITORIALES","16","BOGOTA D.C.","001","BOGOTA. D.C.","04","34","ESCUELA LA VICTORIA B","2.400","2.796","0","5.196","1069","1629","335","315","336","404","298","213","201","396","0","0"
"2023","AUTORIDADES TERRITORIALES","16","BOGOTA D.C.","001","BOGOTA. D.C.","04","35","JUANA ESCOBAR SEDE A","1.205","1.407","0","2.612","553","456","258","229","215","211","163","140","112","275","0","0"
"2023","AUTORIDADES TERRITORIALES","16","BOGOTA D.C.","001","BOGOTA. D.C.","04","36","ROMA COLSUBSIDIO","344","425","0","769","142","176","76","74","58","64","44","32","34","69","0","0"
"2023","AUTORIDADES TERRITORIALES","16","BOGOTA D.C.","001","BOGOTA. D.C.","04","37","LA GLORIA- ESCUELA ALTAMIRA","2.135","2.506","0","4.641","1179","1506","281","292","279","295","218","176","156","259","0","0"
"2023","AUTORIDADES TERRITORIALES","16","BOGOTA D.C.","001","BOGOTA. D.C.","04","38","RAMAJAL AMAPOLAS","529","583","0","1.112","241","315","62","95","71","76","61","55","35","101","0","0"
"2023","AUTORIDADES TERRITORIALES","16","BOGOTA D.C.","001","BOGOTA. D.C.","04","39","EL RODEO SEDE B LA GLORIA","654","715","0","1.369","336","331","96","100","103","107","75","58","55","108","0","0"
"2023","AUTORIDADES TERRITORIALES","16","BOGOTA D.C.","001","BOGOTA. D.C.","04","40","EL PORTAL","1.623","1.759","0","3.382","988","668","245","281","249","231","168","150","135","264","0","3"
"2023","AUTORIDADES TERRITORIALES","16","BOGOTA D.C.","001","BOGOTA. D.C.","04","41","LA CASTAÑA","431","527","0","958","279","212","55","78","65","59","42","39","25","104","0","0"
"2023","AUTORIDADES TERRITORIALES","16","BOGOTA D.C.","001","BOGOTA. D.C.","04","42","ATENAS","1.069","1.127","0","2.196","519","539","168","143","120","147","119","121","95","225","0","0"
"2023","AUTORIDADES TERRITORIALES","16","BOGOTA D.C.","001","BOGOTA. D.C.","04","43","VILLA JAVIER LA MARIA","790","1.009","0","1.799","333","275","167","181","174","164","130","103","79","192","0","1"
"2023","AUTORIDADES TERRITORIALES","16","BOGOTA D.C.","001","BOGOTA. D.C.","04","44","LA BELLEZA","986","1.179","0","2.165","710","433","164","164","127","149","101","89","85","142","0","1"
"2023","AUTORIDADES TERRITORIALES","16","BOGOTA D.C.","001","BOGOTA. D.C.","04","45","AGUAS CLARAS","567","699","0","1.266","238","246","95","92","93","100","68","78","81","175","0","0"
"2023","AUTORIDADES TERRITORIALES","16","BOGOTA D.C.","001","BOGOTA. D.C.","04","46","SALON COMUNAL LA ROCA","337","431","0","768","239","63","63","63","60","64","46","41","51","78","0","0"
"2023","AUTORIDADES TERRITORIALES","16","BOGOTA D.C.","001","BOGOTA. D.C.","04","47","LAS MERCEDES II","838","915","0","1.753","355","180","126","146","164","146","126","126","114","270","0","0"
"2023","AUTORIDADES TERRITORIALES","16","BOGOTA D.C.","001","BOGOTA. D.C.","04","48","MONTEBELLO SEDE B","624","755","0","1.379","490","112","136","121","124","88","76","57","63","112","0","0"
"2023","AUTORIDADES TERRITORIALES","16","BOGOTA D.C.","001","BOGOTA. D.C.","04","49","EL RODEO SEDE A","332","422","0","754","188","81","80","85","70","73","40","48","43","46","0","0"
"2023","AUTORIDADES TERRITORIALES","16","BOGOTA D.C.","001","BOGOTA. D.C.","04","50","MORALBA","317","320","0","637","266","59","63","61","37","36","22","33","25","35","0","0"
"2023","AUTORIDADES TERRITORIALES","16","BOGOTA D.C.","001","BOGOTA. D.C.","04","51","NUEVA DELHI","469","546","0","1.015","339","62","73","104","106","101","55","44","54","77","0","0"
"2023","AUTORIDADES TERRITORIALES","16","BOGOTA D.C.","001","BOGOTA. D.C.","04","52","TOMAS RUEDA VARGAS SEDE B","620","758","0","1.378","476","105","113","114","131","103","95","72","61","108","0","0"
"2023","AUTORIDADES TERRITORIALES","16","BOGOTA D.C.","001","BOGOTA. D.C.","04","53","ENTRE NUBES SEDE A","208","248","0","456","193","37","34","49","39","32","19","20","19","14","0","0"
"2023","AUTORIDADES TERRITORIALES","16","BOGOTA D.C.","001","BOGOTA. D.C.","04","54","SALON COMUNAL SAN ISIDRO II SECTOR","247","221","0","468","136","30","39","37","36","39","32","28","25","66","0","0"
"2023","AUTORIDADES TERRITORIALES","16","BOGOTA D.C.","001","BOGOTA. D.C.","04","55","COLEGIO LA VICTORIA SEDE A","597","676","0","1.273","655","56","74","56","81","87","62","54","51","97","0","0"
"2023","AUTORIDADES TERRITORIALES","16","BOGOTA D.C.","001","BOGOTA. D.C.","05","01","USME","5.763","5.606","0","11.369","271","2332","1571","1648","1119","626","744","912","664","1482","0","0"
"2023","AUTORIDADES TERRITORIALES","16","BOGOTA D.C.","001","BOGOTA. D.C.","05","02","EL DESTINO","1.163","930","0","2.093","202","263","210","641","286","94","56","62","75","204","0","0"
"2023","AUTORIDADES TERRITORIALES","16","BOGOTA D.C.","001","BOGOTA. D.C.","05","03","MONTEBLANCO","5.161","5.553","0","10.714","379","1932","1585","1290","1038","763","711","725","704","1586","0","1"
"2023","AUTORIDADES TERRITORIALES","16","BOGOTA D.C.","001","BOGOTA. D.C.","05","04","SANTA MARTA","3.772","3.936","0","7.708","298","1016","815","1325","792","612","525","560","538","1227","0","0"
"2023","AUTORIDADES TERRITORIALES","16","BOGOTA D.C.","001","BOGOTA. D.C.","05","05","SANTA LIBRADA","7.267","7.753","0","15.020","103","379","2319","2503","1859","1149","1132","1215","1204","3157","0","0"
"2023","AUTORIDADES TERRITORIALES","16","BOGOTA D.C.","001","BOGOTA. D.C.","05","06","ALMIRANTE PADILLA","5.721","6.550","0","12.271","11","87","956","1922","1661","1292","1166","1166","1110","2900","0","0"
"2023","AUTORIDADES TERRITORIALES","16","BOGOTA D.C.","001","BOGOTA. D.C.","05","07","USMINIA","3.108","3.463","0","6.571","1","202","653","1448","616","507","475","549","547","1573","0","0"
"2023","AUTORIDADES TERRITORIALES","16","BOGOTA D.C.","001","BOGOTA. D.C.","05","08","MARICHUELA","4.882","5.446","0","10.328","1","126","1058","1850","1444","926","894","852","851","2326","0","0"
"2023","AUTORIDADES TERRITORIALES","16","BOGOTA D.C.","001","BOGOTA. D.C.","05","09","LA AURORA","6.841","7.974","0","14.815","0","1215","1701","2332","1590","1310","1113","1078","1114","3362","0","0"
"2023","AUTORIDADES TERRITORIALES","16","BOGOTA D.C.","001","BOGOTA. D.C.","05","10","CHUNIZA","4.719","5.306","0","10.025","66","1455","1710","1151","1007","804","649","626","663","1894","0","0"
"2023","AUTORIDADES TERRITORIALES","16","BOGOTA D.C.","001","BOGOTA. D.C.","05","11","LA FLORA","2.365","2.942","0","5.307","216","580","531","606","630","533","429","419","364","999","0","0"
"2023","AUTORIDADES TERRITORIALES","16","BOGOTA D.C.","001","BOGOTA. D.C.","05","12","EL HATO","1.165","981","0","2.146","30","186","1378","245","87","20","22","44","54","80","0","0"
"2023","AUTORIDADES TERRITORIALES","16","BOGOTA D.C.","001","BOGOTA. D.C.","05","13","LOS COMUNEROS","4.665","5.281","0","9.946","0","395","1951","1704","1085","738","639","716","768","1950","0","0"
"2023","AUTORIDADES TERRITORIALES","16","BOGOTA D.C.","001","BOGOTA. D.C.","05","14","EL VIRREY","4.741","5.199","0","9.940","0","839","2871","1215","993","705","562","560","605","1590","0","0"
"2023","AUTORIDADES TERRITORIALES","16","BOGOTA D.C.","001","BOGOTA. D.C.","05","15","EL DANUBIO AZUL","3.566","4.064","0","7.630","0","188","1659","1044","746","610","572","638","697","1476","0","0"
"2023","AUTORIDADES TERRITORIALES","16","BOGOTA D.C.","001","BOGOTA. D.C.","05","16","JUAN JOSE RONDON","1.884","2.094","0","3.978","131","366","563","489","404","342","288","321","300","774","0","0"
"2023","AUTORIDADES TERRITORIALES","16","BOGOTA D.C.","001","BOGOTA. D.C.","05","17","LA FORTALEZA","3.484","3.453","0","6.937","56","1015","1884","537","643","622","512","458","370","840","0","0"
"2023","AUTORIDADES TERRITORIALES","16","BOGOTA D.C.","001","BOGOTA. D.C.","05","18","EL BOSQUE","3.399","4.039","0","7.438","14","686","976","801","734","707","659","723","704","1434","0","0"
"2023","AUTORIDADES TERRITORIALES","16","BOGOTA D.C.","001","BOGOTA. D.C.","05","19","VILLA HERMOSA","3.177","3.837","0","7.014","0","45","1163","754","635","635","622","703","788","1669","0","0"
"2023","AUTORIDADES TERRITORIALES","16","BOGOTA D.C.","001","BOGOTA. D.C.","05","20","VALLES DE CAFAM","2.908","3.291","0","6.199","622","938","797","609","604","612","439","438","370","769","0","1"
"2023","AUTORIDADES TERRITORIALES","16","BOGOTA D.C.","001","BOGOTA. D.C.","05","21","LA FISCALA","4.122","4.542","0","8.664","593","1761","1308","815","691","706","602","577","583","1028","0","0"
"2023","AUTORIDADES TERRITORIALES","16","BOGOTA D.C.","001","BOGOTA. D.C.","05","22","PORTAL USME","5.230","5.949","0","11.179","1320","2650","1190","1122","1201","1116","802","525","435","818","0","0"
"2023","AUTORIDADES TERRITORIALES","16","BOGOTA D.C.","001","BOGOTA. D.C.","05","23","BRASILIA","2.634","3.016","0","5.650","770","1536","695","450","459","458","342","278","227","435","0","0"
"2023","AUTORIDADES TERRITORIALES","16","BOGOTA D.C.","001","BOGOTA. D.C.","05","24","EL CORTIJO","1.550","1.653","0","3.203","624","907","359","244","206","252","159","144","111","197","0","0"
"2023","AUTORIDADES TERRITORIALES","16","BOGOTA D.C.","001","BOGOTA. D.C.","05","25","TENERIFE","947","1.184","0","2.131","286","369","241","213","178","189","139","118","100","298","0","0"
"2023","AUTORIDADES TERRITORIALES","16","BOGOTA D.C.","001","BOGOTA. D.C.","05","26","GRAN YOMASA","3.097","3.507","0","6.604","1112","1736","696","544","506","518","395","305","266","526","0","0"
"2023","AUTORIDADES TERRITORIALES","16","BOGOTA D.C.","001","BOGOTA. D.C.","05","27","CABAÑAS","767","901","0","1.668","167","366","175","162","161","146","115","101","88","187","0","0"
"2023","AUTORIDADES TERRITORIALES","16","BOGOTA D.C.","001","BOGOTA. D.C.","05","28","LOS TEJARES","1.099","1.216","0","2.315","280","621","275","197","198","203","129","115","82","215","0","0"
"2023","AUTORIDADES TERRITORIALES","16","BOGOTA D.C.","001","BOGOTA. D.C.","05","29","COLEGIO FERNANDO GONZALEZ OCHOA","999","1.270","0","2.269","471","605","263","206","163","158","113","77","78","135","0","0"
"2023","AUTORIDADES TERRITORIALES","16","BOGOTA D.C.","001","BOGOTA. D.C.","05","30","ALFONSO LOPEZ","3.923","4.245","0","8.168","1739","2973","901","504","518","378","276","232","229","417","0","1"
"2023","AUTORIDADES TERRITORIALES","16","BOGOTA D.C.","001","BOGOTA. D.C.","05","31","LA ALBORADA","897","1.147","0","2.044","410","269","208","219","195","187","121","106","97","232","0","0"
"2023","AUTORIDADES TERRITORIALES","16","BOGOTA D.C.","001","BOGOTA. D.C.","05","32","UVAL - PUERTA AL LLANO","1.666","1.939","0","3.605","501","991","456","256","265","238","214","193","175","316","0","0"
"2023","AUTORIDADES TERRITORIALES","16","BOGOTA D.C.","001","BOGOTA. D.C.","05","33","VILLA ALEMANIA","1.374","1.556","0","2.930","416","865","381","242","234","209","155","116","106","206","0","0"
"2023","AUTORIDADES TERRITORIALES","16","BOGOTA D.C.","001","BOGOTA. D.C.","05","34","USME - CENTRO","1.799","2.064","0","3.863","760","1041","305","299","249","277","245","183","164","340","0","0"
"2023","AUTORIDADES TERRITORIALES","16","BOGOTA D.C.","001","BOGOTA. D.C.","05","35","BRAZUELOS","976","1.043","0","2.019","637","369","142","155","152","167","122","90","69","116","0","0"
"2023","AUTORIDADES TERRITORIALES","16","BOGOTA D.C.","001","BOGOTA. D.C.","05","36","CDC JULIO CESAR SANCHEZ","1.589","1.771","0","3.360","1035","555","238","228","284","247","177","152","144","300","0","0"
"2023","AUTORIDADES TERRITORIALES","16","BOGOTA D.C.","001","BOGOTA. D.C.","05","37","VIA AL LLANO","375","353","0","728","239","255","37","27","33","33","29","26","16","33","0","0"
"2023","AUTORIDADES TERRITORIALES","16","BOGOTA D.C.","001","BOGOTA. D.C.","05","38","NUSADAL","823","890","0","1.713","265","632","112","107","131","117","95","63","72","119","0","0"
"2023","AUTORIDADES TERRITORIALES","16","BOGOTA D.C.","001","BOGOTA. D.C.","05","39","JARDIN INFANTIL LA FORTALEZA DEL OSO","864","929","0","1.793","512","155","159","135","167","160","107","93","82","223","0","0"
"2023","AUTORIDADES TERRITORIALES","16","BOGOTA D.C.","001","BOGOTA. D.C.","05","40","COLEGIO RURAL EL UVAL","78","68","0","146","74","7","9","11","11","7","3","7","3","14","0","0"
"2023","AUTORIDADES TERRITORIALES","16","BOGOTA D.C.","001","BOGOTA. D.C.","05","41","BOLONIA","524","692","0","1.216","438","103","105","92","108","95","71","58","59","87","0","0"
"2023","AUTORIDADES TERRITORIALES","16","BOGOTA D.C.","001","BOGOTA. D.C.","05","42","COLEGIO JOSE EUSTASIO RIVERA","428","534","0","962","168","46","98","91","91","89","81","92","71","134","0","1"
"2023","AUTORIDADES TERRITORIALES","16","BOGOTA D.C.","001","BOGOTA. D.C.","05","43","COLEGIO ANDRES ESCOBAR","261","295","0","556","89","61","64","76","66","45","35","29","37","54","0","0"
"2023","AUTORIDADES TERRITORIALES","16","BOGOTA D.C.","001","BOGOTA. D.C.","05","44","CENTRO COMERCIAL ALTAVISTA","1.202","1.360","0","2.562","907","183","223","231","221","224","159","140","116","158","0","0"
"2023","AUTORIDADES TERRITORIALES","16","BOGOTA D.C.","001","BOGOTA. D.C.","06","01","TUNJUELITO A","5.833","5.587","0","11.420","52","201","1362","1353","1676","633","1011","2020","914","2198","0","0"
"2023","AUTORIDADES TERRITORIALES","16","BOGOTA D.C.","001","BOGOTA. D.C.","06","02","FATIMA ""A""","5.463","5.957","0","11.420","11","169","1293","1620","1265","876","898","1034","1178","3076","0","0"
"2023","AUTORIDADES TERRITORIALES","16","BOGOTA D.C.","001","BOGOTA. D.C.","06","03","ABRAHAM LINCOLN","2.314","2.273","0","4.587","2","236","603","685","433","279","263","377","493","1216","0","0"
"2023","AUTORIDADES TERRITORIALES","16","BOGOTA D.C.","001","BOGOTA. D.C.","06","04","SAN CARLOS","5.689","6.187","0","11.876","79","1050","1418","1237","1150","968","907","1026","1089","2952","0","0"
"2023","AUTORIDADES TERRITORIALES","16","BOGOTA D.C.","001","BOGOTA. D.C.","06","05","SAN BENITO","4.974","4.858","0","9.832","104","788","1051","1142","1332","867","834","896","901","1916","0","1"
"2023","AUTORIDADES TERRITORIALES","16","BOGOTA D.C.","001","BOGOTA. D.C.","06","06","EL TUNAL ""A""","6.118","6.145","0","12.263","40","241","1965","2349","1650","816","771","848","871","2712","0","0"
"2023","AUTORIDADES TERRITORIALES","16","BOGOTA D.C.","001","BOGOTA. D.C.","06","07","EL CARMEN SUR ""A""","4.458","4.714","0","9.172","8","426","1416","1161","837","583","633","777","868","2463","0","0"
"2023","AUTORIDADES TERRITORIALES","16","BOGOTA D.C.","001","BOGOTA. D.C.","06","08","SAN VICENTE FERRER","5.412","5.901","0","11.313","56","1280","1454","1171","1007","913","911","966","997","2558","0","0"
"2023","AUTORIDADES TERRITORIALES","16","BOGOTA D.C.","001","BOGOTA. D.C.","06","09","VENECIA A","6.133","6.666","0","12.799","11","851","1335","1123","1037","954","931","1234","1485","3837","1","0"
"2023","AUTORIDADES TERRITORIALES","16","BOGOTA D.C.","001","BOGOTA. D.C.","06","10","NUEVO MUZU ""A""","2.179","2.564","0","4.743","0","75","541","443","576","368","388","476","515","1361","0","0"
"2023","AUTORIDADES TERRITORIALES","16","BOGOTA D.C.","001","BOGOTA. D.C.","06","11","ISLA DEL SOL","3.305","3.578","0","6.883","0","559","933","886","822","763","657","527","455","1281","0","0"
"2023","AUTORIDADES TERRITORIALES","16","BOGOTA D.C.","001","BOGOTA. D.C.","06","12","VENECIA B","2.119","2.283","0","4.402","32","842","550","464","596","372","275","295","310","666","0","0"
"2023","AUTORIDADES TERRITORIALES","16","BOGOTA D.C.","001","BOGOTA. D.C.","06","13","TUNJUELITO B","1.129","1.152","0","2.281","152","885","207","152","170","189","111","111","100","204","0","0"
"2023","AUTORIDADES TERRITORIALES","16","BOGOTA D.C.","001","BOGOTA. D.C.","06","14","EL TUNAL ""B""","4.394","5.118","0","9.512","883","2060","930","841","909","846","667","580","573","1221","0","2"
"2023","AUTORIDADES TERRITORIALES","16","BOGOTA D.C.","001","BOGOTA. D.C.","06","15","EL CARMEN SUR ""B""","1.561","1.724","0","3.285","86","1177","282","275","247","235","200","190","178","415","0","0"
"2023","AUTORIDADES TERRITORIALES","16","BOGOTA D.C.","001","BOGOTA. D.C.","06","16","FATIMA ""B""","1.891","2.140","0","4.031","45","1087","426","396","384","403","304","262","227","497","0","0"
"2023","AUTORIDADES TERRITORIALES","16","BOGOTA D.C.","001","BOGOTA. D.C.","06","17","NUEVO MUZO ""B""","922","1.024","0","1.946","128","461","233","211","172","158","113","111","108","251","0","0"
"2023","AUTORIDADES TERRITORIALES","16","BOGOTA D.C.","001","BOGOTA. D.C.","06","18","JARDIN INFANTIL ISLA DEL SOL","830","1.011","0","1.841","224","340","233","199","211","152","132","94","90","166","0","0"
"2023","AUTORIDADES TERRITORIALES","16","BOGOTA D.C.","001","BOGOTA. D.C.","06","19","LICEO SANTA BERNARDITA","625","759","0","1.384","145","165","162","153","122","136","106","116","101","177","0","1"
"2023","AUTORIDADES TERRITORIALES","16","BOGOTA D.C.","001","BOGOTA. D.C.","06","20","COLEGIO COOPERATIVO VENECIA","1.959","2.358","0","4.317","671","622","478","491","409","371","308","249","226","492","0","0"
"2023","AUTORIDADES TERRITORIALES","16","BOGOTA D.C.","001","BOGOTA. D.C.","06","21","COOPERATIVO NUEVO MUZU","533","540","0","1.073","259","186","100","80","91","84","59","52","66","96","0","0"
"2023","AUTORIDADES TERRITORIALES","16","BOGOTA D.C.","001","BOGOTA. D.C.","06","22","LICEO CAMPESTRE CAFAM","145","159","0","304","53","38","22","25","26","39","33","19","14","35","0","0"
"2023","AUTORIDADES TERRITORIALES","16","BOGOTA D.C.","001","BOGOTA. D.C.","06","23","NUESTRA SEÑORA LAS VICTORIAS","172","169","0","341","40","64","33","33","29","29","23","26","28","36","0","0"
"2023","AUTORIDADES TERRITORIALES","16","BOGOTA D.C.","001","BOGOTA. D.C.","06","24","SANTA CECILIA DE TUNJUELITO","608","804","0","1.412","186","221","148","158","171","149","104","77","80","117","0","1"
"2023","AUTORIDADES TERRITORIALES","16","BOGOTA D.C.","001","BOGOTA. D.C.","06","25","CASA DE JUSTICIA DE TUNJUELITO","1.294","1.253","0","2.547","978","413","187","164","164","151","112","97","95","184","0","2"
"2023","AUTORIDADES TERRITORIALES","16","BOGOTA D.C.","001","BOGOTA. D.C.","06","26","PORFIRIO BARBA JACOB","755","864","0","1.619","24","736","141","130","117","98","86","64","87","136","0","0"
"2023","AUTORIDADES TERRITORIALES","16","BOGOTA D.C.","001","BOGOTA. D.C.","06","27","SAN BENITO ABAD","287","305","0","592","314","48","38","37","28","20","40","12","18","37","0","0"
"2023","AUTORIDADES TERRITORIALES","16","BOGOTA D.C.","001","BOGOTA. D.C.","06","28","CIUDAD BOGOTA SEDE B","817","1.009","0","1.826","378","210","219","185","179","160","112","100","102","181","0","0"
"2023","AUTORIDADES TERRITORIALES","16","BOGOTA D.C.","001","BOGOTA. D.C.","06","29","PARROQUIAL SAN CARLOS","2.100","2.203","0","4.303","1151","489","422","398","373","356","281","220","214","398","0","1"
"2023","AUTORIDADES TERRITORIALES","16","BOGOTA D.C.","001","BOGOTA. D.C.","06","30","JARDIN INFANTIL CARMEN SUR","678","816","0","1.494","378","125","150","147","139","141","96","98","74","146","0","0"
"2023","AUTORIDADES TERRITORIALES","16","BOGOTA D.C.","001","BOGOTA. D.C.","06","31","INSTITUTO TECNICO PILOTO SEDE C","1.137","1.370","0","2.507","602","240","247","266","244","220","154","151","126","257","0","0"
"2023","AUTORIDADES TERRITORIALES","16","BOGOTA D.C.","001","BOGOTA. D.C.","06","32","SALON COMUNAL ISLA DEL SOL","202","212","0","414","82","35","60","40","32","29","20","19","20","77","0","0"
"2023","AUTORIDADES TERRITORIALES","16","BOGOTA D.C.","001","BOGOTA. D.C.","06","33","JARDIN INFANTIL PABLO DE TARSO","523","609","0","1.132","79","97","119","119","104","118","102","102","92","200","0","0"
"2023","AUTORIDADES TERRITORIALES","16","BOGOTA D.C.","001","BOGOTA. D.C.","07","01","BOSA","13.205","12.632","0","25.837","0","1380","5410","4376","2074","1092","1852","3426","1808","4419","0","0"
"2023","AUTORIDADES TERRITORIALES","16","BOGOTA D.C.","001","BOGOTA. D.C.","07","02","VILLA DEL RIO","5.344","5.433","0","10.777","4","796","2821","1518","1087","620","593","559","641","2138","0","0"
"2023","AUTORIDADES TERRITORIALES","16","BOGOTA D.C.","001","BOGOTA. D.C.","07","03","JOSE ANTONIO GALAN","4.655","5.048","0","9.703","3","1470","1572","1220","921","783","759","661","666","1648","0","0"
"2023","AUTORIDADES TERRITORIALES","16","BOGOTA D.C.","001","BOGOTA. D.C.","07","04","LA AMISTAD","4.500","5.028","0","9.528","3","71","1154","1838","1039","740","783","796","839","2265","0","0"
"2023","AUTORIDADES TERRITORIALES","16","BOGOTA D.C.","001","BOGOTA. D.C.","07","05","CARLOS ALBAN","6.448","7.449","0","13.897","3","97","2053","1680","1242","1211","1240","1379","1407","3585","0","0"
"2023","AUTORIDADES TERRITORIALES","16","BOGOTA D.C.","001","BOGOTA. D.C.","07","06","LA LIBERTAD","10.142","11.455","0","21.597","1","709","2589","3385","2597","1371","1662","2188","2361","4734","0","0"
"2023","AUTORIDADES TERRITORIALES","16","BOGOTA D.C.","001","BOGOTA. D.C.","07","07","PIAMONTE","7.256","7.912","0","15.168","1","237","2950","2355","1492","1122","1178","1294","1308","3231","0","0"
"2023","AUTORIDADES TERRITORIALES","16","BOGOTA D.C.","001","BOGOTA. D.C.","07","08","LA ESTACION","6.518","6.201","0","12.719","1","306","2176","3363","1746","702","704","787","810","2124","0","0"
"2023","AUTORIDADES TERRITORIALES","16","BOGOTA D.C.","001","BOGOTA. D.C.","07","09","LAURELES","5.360","5.715","0","11.075","1","191","2770","2471","1301","680","696","661","645","1659","0","0"
"2023","AUTORIDADES TERRITORIALES","16","BOGOTA D.C.","001","BOGOTA. D.C.","07","10","PALESTINA","4.348","4.712","0","9.060","0","1833","1823","1247","842","579","549","474","467","1246","0","0"
"2023","AUTORIDADES TERRITORIALES","16","BOGOTA D.C.","001","BOGOTA. D.C.","07","11","ORLANDO HIGUITA","5.493","6.642","0","12.135","0","156","1114","1417","1261","1213","1204","1238","1398","3134","0","0"
"2023","AUTORIDADES TERRITORIALES","16","BOGOTA D.C.","001","BOGOTA. D.C.","07","12","BOSA PAULO VI","3.611","3.884","0","7.495","0","93","727","1189","1198","660","661","712","681","1574","0","0"
"2023","AUTORIDADES TERRITORIALES","16","BOGOTA D.C.","001","BOGOTA. D.C.","07","13","BOSA BRASILIA","5.277","6.159","0","11.436","0","653","1794","1342","1184","910","944","1086","1147","2376","0","0"
"2023","AUTORIDADES TERRITORIALES","16","BOGOTA D.C.","001","BOGOTA. D.C.","07","14","ISLANDIA","3.328","3.528","0","6.856","391","1316","1141","955","885","442","373","358","338","657","0","0"
"2023","AUTORIDADES TERRITORIALES","16","BOGOTA D.C.","001","BOGOTA. D.C.","07","15","JIMENEZ DE QUESADA","2.662","2.955","0","5.617","0","525","897","622","689","542","480","446","396","1020","0","0"
"2023","AUTORIDADES TERRITORIALES","16","BOGOTA D.C.","001","BOGOTA. D.C.","07","16","SAN BERNARDINO","3.779","4.239","0","8.018","0","1701","1407","1063","775","562","512","513","503","982","0","0"
"2023","AUTORIDADES TERRITORIALES","16","BOGOTA D.C.","001","BOGOTA. D.C.","07","17","BOSA SAN JOSE","3.183","3.488","0","6.671","0","1616","1008","721","591","472","461","534","470","798","0","0"
"2023","AUTORIDADES TERRITORIALES","16","BOGOTA D.C.","001","BOGOTA. D.C.","07","18","SURBANA","1.582","1.813","0","3.395","0","703","662","323","272","272","227","183","247","506","0","0"
"2023","AUTORIDADES TERRITORIALES","16","BOGOTA D.C.","001","BOGOTA. D.C.","07","19","NUEVO CHILE","4.729","5.487","0","10.216","0","567","679","1328","1150","1067","949","1029","861","2586","0","0"
"2023","AUTORIDADES TERRITORIALES","16","BOGOTA D.C.","001","BOGOTA. D.C.","07","20","SANTA FE DE BOSA","3.085","3.469","0","6.554","0","308","1117","872","705","571","619","659","625","1078","0","0"
"2023","AUTORIDADES TERRITORIALES","16","BOGOTA D.C.","001","BOGOTA. D.C.","07","21","EL PORVENIR","6.196","7.245","0","13.441","0","4142","2320","917","984","1103","989","1018","792","1176","0","0"
"2023","AUTORIDADES TERRITORIALES","16","BOGOTA D.C.","001","BOGOTA. D.C.","07","22","EL RECREO","5.782","6.832","0","12.614","0","836","3048","1643","760","850","1234","1423","1146","1674","0","0"
"2023","AUTORIDADES TERRITORIALES","16","BOGOTA D.C.","001","BOGOTA. D.C.","07","23","LA ESPERANZA","4.294","5.237","0","9.531","0","1186","2282","1373","752","732","682","680","661","1183","0","0"
"2023","AUTORIDADES TERRITORIALES","16","BOGOTA D.C.","001","BOGOTA. D.C.","07","24","FRANCISCO DE PAULA SANTANDER","1.731","1.914","0","3.645","0","362","1801","333","177","224","163","145","138","302","0","0"
"2023","AUTORIDADES TERRITORIALES","16","BOGOTA D.C.","001","BOGOTA. D.C.","07","25","PABLO DE TARSO","4.018","4.042","0","8.060","8","1846","4019","343","343","348","277","241","203","432","0","0"
"2023","AUTORIDADES TERRITORIALES","16","BOGOTA D.C.","001","BOGOTA. D.C.","07","26","ATALAYAS","4.203","5.030","0","9.233","0","1904","2938","579","577","588","650","646","511","840","0","0"
"2023","AUTORIDADES TERRITORIALES","16","BOGOTA D.C.","001","BOGOTA. D.C.","07","27","EL RECUERDO SANTAFE","2.545","2.934","0","5.479","529","1268","1126","416","405","383","310","285","284","473","0","0"
"2023","AUTORIDADES TERRITORIALES","16","BOGOTA D.C.","001","BOGOTA. D.C.","07","28","FE Y ALEGRIA SAN IGNACIO","5.060","6.744","0","11.804","809","1751","1540","1135","1186","1230","1032","953","797","1370","0","1"
"2023","AUTORIDADES TERRITORIALES","16","BOGOTA D.C.","001","BOGOTA. D.C.","07","29","CIUDADELA EL PORVENIR","7.424","9.355","0","16.779","2724","3693","1897","1324","1415","1585","1305","996","729","1111","0","0"
"2023","AUTORIDADES TERRITORIALES","16","BOGOTA D.C.","001","BOGOTA. D.C.","07","30","CARLOS PIZARRO LEON GOMEZ","2.912","4.156","0","7.068","0","729","1436","460","499","805","897","779","550","913","0","0"
"2023","AUTORIDADES TERRITORIALES","16","BOGOTA D.C.","001","BOGOTA. D.C.","07","31","NUEVO CARLOS ALBAN","2.306","2.622","0","4.928","1056","814","485","441","460","434","326","264","218","429","0","1"
"2023","AUTORIDADES TERRITORIALES","16","BOGOTA D.C.","001","BOGOTA. D.C.","07","32","LAURELES II","3.255","3.617","0","6.872","924","2473","596","504","549","516","334","295","229","451","0","1"
"2023","AUTORIDADES TERRITORIALES","16","BOGOTA D.C.","001","BOGOTA. D.C.","07","33","NUEVA ESTACION","2.051","2.302","0","4.353","180","1665","402","296","326","307","267","232","215","463","0","0"
"2023","AUTORIDADES TERRITORIALES","16","BOGOTA D.C.","001","BOGOTA. D.C.","07","34","LA INDEPENDENCIA","1.650","2.067","0","3.717","38","1191","381","339","369","341","249","248","205","356","0","0"
"2023","AUTORIDADES TERRITORIALES","16","BOGOTA D.C.","001","BOGOTA. D.C.","07","35","BOSANOVA","1.103","1.322","0","2.425","0","888","269","231","240","180","179","118","100","220","0","0"
"2023","AUTORIDADES TERRITORIALES","16","BOGOTA D.C.","001","BOGOTA. D.C.","07","36","LLANO ORIENTAL","1.458","1.948","0","3.406","318","721","338","322","338","335","278","275","175","306","0","0"
"2023","AUTORIDADES TERRITORIALES","16","BOGOTA D.C.","001","BOGOTA. D.C.","07","37","CARBONELL","1.377","1.542","0","2.919","0","1427","373","200","175","166","139","119","102","218","0","0"
"2023","AUTORIDADES TERRITORIALES","16","BOGOTA D.C.","001","BOGOTA. D.C.","07","38","NUEVA GRANADA","822","978","0","1.800","0","651","201","131","139","147","111","119","104","197","0","0"
"2023","AUTORIDADES TERRITORIALES","16","BOGOTA D.C.","001","BOGOTA. D.C.","07","39","NARANJOS","2.266","2.579","0","4.845","643","1410","542","375","382","420","300","238","188","347","0","0"
"2023","AUTORIDADES TERRITORIALES","16","BOGOTA D.C.","001","BOGOTA. D.C.","07","40","CAMPO VERDE - POTRERITOS","2.912","4.078","0","6.990","1013","1187","659","739","758","676","554","444","378","582","0","0"
"2023","AUTORIDADES TERRITORIALES","16","BOGOTA D.C.","001","BOGOTA. D.C.","07","41","CLARETIANO","4.473","4.796","0","9.269","1853","2596","799","781","679","685","464","407","347","657","0","1"
"2023","AUTORIDADES TERRITORIALES","16","BOGOTA D.C.","001","BOGOTA. D.C.","07","42","VILLA DEL RIO II","2.389","2.826","0","5.215","460","1420","547","497","457","419","327","265","293","529","0","1"
"2023","AUTORIDADES TERRITORIALES","16","BOGOTA D.C.","001","BOGOTA. D.C.","07","43","HOLANDA","1.230","1.520","0","2.750","18","630","271","288","293","289","220","209","167","365","0","0"
"2023","AUTORIDADES TERRITORIALES","16","BOGOTA D.C.","001","BOGOTA. D.C.","07","44","PORTAL DE BRASIL","1.162","1.297","0","2.459","399","597","202","273","264","216","149","110","94","155","0","0"
"2023","AUTORIDADES TERRITORIALES","16","BOGOTA D.C.","001","BOGOTA. D.C.","07","45","RECREO MICHELSEN","5.583","6.926","0","12.509","1825","4050","921","1003","1053","1043","832","647","477","658","0","0"
"2023","AUTORIDADES TERRITORIALES","16","BOGOTA D.C.","001","BOGOTA. D.C.","07","46","CEDID SAN PABLO","3.752","4.230","0","7.982","2031","2160","595","601","537","539","424","337","256","501","0","1"
"2023","AUTORIDADES TERRITORIALES","16","BOGOTA D.C.","001","BOGOTA. D.C.","07","47","LA ACUARELA","1.067","1.172","0","2.239","127","943","155","151","137","143","126","143","103","210","0","1"
"2023","AUTORIDADES TERRITORIALES","16","BOGOTA D.C.","001","BOGOTA. D.C.","07","48","MIGUEL ANGEL ASTURIAS","466","572","0","1.038","109","225","102","111","90","99","60","68","75","99","0","0"
"2023","AUTORIDADES TERRITORIALES","16","BOGOTA D.C.","001","BOGOTA. D.C.","07","49","COLISEO LA PALESTINA","1.088","1.184","0","2.272","419","507","216","240","226","174","145","102","80","163","0","0"
"2023","AUTORIDADES TERRITORIALES","16","BOGOTA D.C.","001","BOGOTA. D.C.","07","50","ALFREDO NOBEL","803","982","0","1.785","606","297","141","140","121","131","100","62","70","117","0","0"
"2023","AUTORIDADES TERRITORIALES","16","BOGOTA D.C.","001","BOGOTA. D.C.","07","51","MANUEL ELKIN PATARROYO","1.184","1.453","0","2.637","337","463","258","290","303","292","224","123","140","207","0","0"
"2023","AUTORIDADES TERRITORIALES","16","BOGOTA D.C.","001","BOGOTA. D.C.","07","52","PARQUE AUTOPISTA SUR PAVCO","1.848","2.004","0","3.852","930","1039","367","320","293","259","164","140","127","213","0","0"
"2023","AUTORIDADES TERRITORIALES","16","BOGOTA D.C.","001","BOGOTA. D.C.","07","53","JARDIN INFANTIL OLARTE","878","1.103","0","1.981","336","351","215","210","193","170","130","96","93","187","0","0"
"2023","AUTORIDADES TERRITORIALES","16","BOGOTA D.C.","001","BOGOTA. D.C.","07","54","GIMNASIO LOS SAUCES","1.326","1.512","0","2.838","463","515","303","355","313","268","167","151","124","178","0","1"
"2023","AUTORIDADES TERRITORIALES","16","BOGOTA D.C.","001","BOGOTA. D.C.","07","55","CLARETIANO EL LIBERTADOR","770","782","0","1.552","405","447","117","87","104","99","60","60","59","113","0","1"
"2023","AUTORIDADES TERRITORIALES","16","BOGOTA D.C.","001","BOGOTA. D.C.","07","56","GIMNASIO REAL AMERICANO","1.375","1.787","0","3.162","359","494","305","325","349","282","251","259","224","313","0","1"
"2023","AUTORIDADES TERRITORIALES","16","BOGOTA D.C.","001","BOGOTA. D.C.","07","57","LICEO CIUDAD CAPITAL","1.230","1.752","0","2.982","363","476","267","276","247","271","297","273","190","322","0","0"
"2023","AUTORIDADES TERRITORIALES","16","BOGOTA D.C.","001","BOGOTA. D.C.","07","58","JUAN MAXIMILIANO AMBROSIO","777","956","0","1.733","255","302","187","169","181","163","104","103","97","172","0","0"
"2023","AUTORIDADES TERRITORIALES","16","BOGOTA D.C.","001","BOGOTA. D.C.","07","59","INSTITUTO GUIMARC","571","689","0","1.260","119","286","119","119","121","101","101","83","76","135","0","0"
"2023","AUTORIDADES TERRITORIALES","16","BOGOTA D.C.","001","BOGOTA. D.C.","07","60","COLEGIO COLSUBSIDIO CHICALA","3.432","3.808","0","7.240","1833","1522","804","725","596","544","372","288","210","346","0","0"
"2023","AUTORIDADES TERRITORIALES","16","BOGOTA D.C.","001","BOGOTA. D.C.","07","61","COLEGIO CIUDADANOS DEL FUTURO","2.114","2.465","0","4.579","1097","761","497","655","408","334","226","198","154","249","0","0"
"2023","AUTORIDADES TERRITORIALES","16","BOGOTA D.C.","001","BOGOTA. D.C.","07","62","CC GRAN PLAZA BOSA","7.713","8.079","0","15.792","4362","5713","1286","1130","889","739","496","396","308","470","0","3"
"2023","AUTORIDADES TERRITORIALES","16","BOGOTA D.C.","001","BOGOTA. D.C.","07","63","LA CONCEPCION","585","733","0","1.318","264","151","169","154","175","130","84","50","49","92","0","0"
"2023","AUTORIDADES TERRITORIALES","16","BOGOTA D.C.","001","BOGOTA. D.C.","07","64","VILLAS DEL PROGRESO","537","703","0","1.240","442","113","135","121","100","95","75","57","42","60","0","0"
"2023","AUTORIDADES TERRITORIALES","16","BOGOTA D.C.","001","BOGOTA. D.C.","07","65","LICEO LOPEZ OSORIO","466","555","0","1.021","208","116","122","104","115","98","67","65","57","69","0","0"
"2023","AUTORIDADES TERRITORIALES","16","BOGOTA D.C.","001","BOGOTA. D.C.","07","66","SOLEDAD ACOSTA DE SAMPER","1.214","1.580","0","2.794","164","220","295","303","331","329","314","277","217","342","0","2"
"2023","AUTORIDADES TERRITORIALES","16","BOGOTA D.C.","001","BOGOTA. D.C.","07","67","CLARELANDIA","319","345","0","664","280","50","52","62","62","40","24","21","28","45","0","0"
"2023","AUTORIDADES TERRITORIALES","16","BOGOTA D.C.","001","BOGOTA. D.C.","07","68","COLEGIO JORGE ISAACS","349","511","0","860","280","41","59","69","76","92","65","62","40","76","0","0"
"2023","AUTORIDADES TERRITORIALES","16","BOGOTA D.C.","001","BOGOTA. D.C.","07","69","GIMNASIO GARABATOS DE COLORES","50","50","0","100","10","3","16","5","8","12","15","9","6","16","0","0"
"2023","AUTORIDADES TERRITORIALES","16","BOGOTA D.C.","001","BOGOTA. D.C.","07","70","PARQUES DE BOGOTA","1.409","2.190","0","3.599","491","168","318","488","441","424","303","284","240","439","0","3"
"2023","AUTORIDADES TERRITORIALES","16","BOGOTA D.C.","001","BOGOTA. D.C.","07","71","BICENTENARIO DE LA INDEPENDENCIA","335","397","0","732","340","29","42","68","62","56","38","30","32","35","0","0"
"2023","AUTORIDADES TERRITORIALES","16","BOGOTA D.C.","001","BOGOTA. D.C.","08","01","CLASS","6.125","6.030","0","12.155","95","3266","1353","1568","1443","734","654","736","741","1565","0","0"
"2023","AUTORIDADES TERRITORIALES","16","BOGOTA D.C.","001","BOGOTA. D.C.","08","02","ROMA","8.916","10.104","0","19.020","9","562","3395","2907","2040","1460","1487","1399","1391","4370","0","0"
"2023","AUTORIDADES TERRITORIALES","16","BOGOTA D.C.","001","BOGOTA. D.C.","08","03","PERPETUO SOCORRO","4.353","4.715","0","9.068","36","1093","1284","1066","838","652","691","784","784","1838","0","2"
"2023","AUTORIDADES TERRITORIALES","16","BOGOTA D.C.","001","BOGOTA. D.C.","08","04","CATALINA","4.562","5.129","0","9.691","2","1240","1479","1164","928","793","720","679","722","1964","0","0"
"2023","AUTORIDADES TERRITORIALES","16","BOGOTA D.C.","001","BOGOTA. D.C.","08","05","CASABLANCA 32","6.105","6.955","0","13.060","1","301","1751","2085","1298","995","1017","1096","1064","3452","0","0"
"2023","AUTORIDADES TERRITORIALES","16","BOGOTA D.C.","001","BOGOTA. D.C.","08","06","BRITALIA","6.364","6.769","0","13.133","0","571","2629","2280","1244","877","1018","1021","931","2562","0","0"
"2023","AUTORIDADES TERRITORIALES","16","BOGOTA D.C.","001","BOGOTA. D.C.","08","07","GRAN COLOMBIANO","3.950","4.500","0","8.450","0","156","859","1082","687","701","703","758","942","2562","0","0"
"2023","AUTORIDADES TERRITORIALES","16","BOGOTA D.C.","001","BOGOTA. D.C.","08","08","LOS PERIODISTAS","3.972","4.193","0","8.165","201","1008","2113","923","589","519","378","447","566","1421","0","0"
"2023","AUTORIDADES TERRITORIALES","16","BOGOTA D.C.","001","BOGOTA. D.C.","08","09","CARLOS ARTURO TORRES","4.137","4.632","0","8.769","419","1002","732","712","711","685","672","787","901","2146","0","2"
"2023","AUTORIDADES TERRITORIALES","16","BOGOTA D.C.","001","BOGOTA. D.C.","08","10","LA CHUCUA","4.224","5.004","0","9.228","559","1131","968","1054","848","808","708","759","771","1621","0","1"
"2023","AUTORIDADES TERRITORIALES","16","BOGOTA D.C.","001","BOGOTA. D.C.","08","11","COLEGIO ALFONSO LOPEZ PUMAREJO","5.243","6.081","0","11.324","717","1494","1217","1301","936","937","890","901","825","2105","0","1"
"2023","AUTORIDADES TERRITORIALES","16","BOGOTA D.C.","001","BOGOTA. D.C.","08","12","FRANCISCO MIRANDA","6.509","7.232","0","13.741","38","2502","2627","2246","1107","673","715","791","882","2160","0","0"
"2023","AUTORIDADES TERRITORIALES","16","BOGOTA D.C.","001","BOGOTA. D.C.","08","13","LAS AMERICAS SEDE A","3.289","3.879","0","7.168","131","338","532","580","594","728","620","651","760","2233","0","1"
"2023","AUTORIDADES TERRITORIALES","16","BOGOTA D.C.","001","BOGOTA. D.C.","08","14","COLEGIO TOM ADAMS","3.308","3.909","0","7.217","90","277","588","1218","592","630","610","566","648","1998","0","0"
"2023","AUTORIDADES TERRITORIALES","16","BOGOTA D.C.","001","BOGOTA. D.C.","08","15","JOHN F. KENNEDY","3.676","3.946","0","7.622","137","405","984","1233","505","457","505","613","738","2045","0","0"
"2023","AUTORIDADES TERRITORIALES","16","BOGOTA D.C.","001","BOGOTA. D.C.","08","16","EL JAPON","7.225","7.232","0","14.457","0","130","1912","3275","2970","853","806","781","1051","2679","0","0"
"2023","AUTORIDADES TERRITORIALES","16","BOGOTA D.C.","001","BOGOTA. D.C.","08","17","ESTADOS UNIDOS SUPER 13","4.340","4.508","0","8.848","0","309","1159","808","772","603","738","827","1037","2595","0","0"
"2023","AUTORIDADES TERRITORIALES","16","BOGOTA D.C.","001","BOGOTA. D.C.","08","18","EL SAUCEDAL","2.484","2.752","0","5.236","0","112","239","255","407","535","657","674","661","1696","0","0"
"2023","AUTORIDADES TERRITORIALES","16","BOGOTA D.C.","001","BOGOTA. D.C.","08","19","PATIO BONITO","10.755","11.072","0","21.827","0","4500","5560","1742","1310","1234","1453","1501","1321","3206","0","0"
"2023","AUTORIDADES TERRITORIALES","16","BOGOTA D.C.","001","BOGOTA. D.C.","08","20","FRANCISCO JOSE DE CALDAS - INEM SEDE B","3.892","4.458","0","8.350","21","1234","936","811","682","750","757","735","696","1728","0","0"
"2023","AUTORIDADES TERRITORIALES","16","BOGOTA D.C.","001","BOGOTA. D.C.","08","21","COLEGIO C.E.L.C.O. SAN LUCAS","3.104","3.403","0","6.507","0","1180","794","607","480","468","498","510","441","1529","0","0"
"2023","AUTORIDADES TERRITORIALES","16","BOGOTA D.C.","001","BOGOTA. D.C.","08","22","PROSPERO PINZON","4.104","4.912","0","9.016","194","424","1111","568","717","755","712","752","943","2840","0","0"
"2023","AUTORIDADES TERRITORIALES","16","BOGOTA D.C.","001","BOGOTA. D.C.","08","23","COLEGIO LA AMISTAD","6.165","6.889","0","13.054","317","2736","1591","1191","924","849","716","731","978","3019","0","2"
"2023","AUTORIDADES TERRITORIALES","16","BOGOTA D.C.","001","BOGOTA. D.C.","08","24","LOS HEROES","2.128","2.614","0","4.742","0","105","471","398","354","370","396","415","554","1679","0","0"
"2023","AUTORIDADES TERRITORIALES","16","BOGOTA D.C.","001","BOGOTA. D.C.","08","25","COLEGIO OEA","3.474","3.553","0","7.027","280","462","1400","1001","747","474","470","464","477","1251","0","1"
"2023","AUTORIDADES TERRITORIALES","16","BOGOTA D.C.","001","BOGOTA. D.C.","08","26","FLORALIA","2.873","3.373","0","6.246","0","306","927","424","419","528","503","565","689","1885","0","0"
"2023","AUTORIDADES TERRITORIALES","16","BOGOTA D.C.","001","BOGOTA. D.C.","08","27","CARVAJAL II SEDE ANTONIA SANTOS II","2.641","2.616","0","5.257","0","661","669","538","355","397","438","477","463","1259","0","0"
"2023","AUTORIDADES TERRITORIALES","16","BOGOTA D.C.","001","BOGOTA. D.C.","08","28","VILLA ADRIANA","1.882","2.384","0","4.266","0","220","371","364","362","419","356","348","449","1377","0","0"
"2023","AUTORIDADES TERRITORIALES","16","BOGOTA D.C.","001","BOGOTA. D.C.","08","29","SUPERIOR AMERICANO","6.143","7.177","0","13.320","68","1626","1320","1341","1165","1122","1141","1148","1155","3233","0","1"
"2023","AUTORIDADES TERRITORIALES","16","BOGOTA D.C.","001","BOGOTA. D.C.","08","30","LA FLORESTA SUR","4.386","4.961","0","9.347","51","927","846","1007","994","977","935","909","757","1944","0","0"
"2023","AUTORIDADES TERRITORIALES","16","BOGOTA D.C.","001","BOGOTA. D.C.","08","31","MARSELLA","4.549","5.175","0","9.724","0","1136","1421","1005","772","805","742","699","802","2342","0","0"
"2023","AUTORIDADES TERRITORIALES","16","BOGOTA D.C.","001","BOGOTA. D.C.","08","32","ALOHA","1.160","1.358","0","2.518","0","68","163","235","218","210","238","224","280","882","0","0"
"2023","AUTORIDADES TERRITORIALES","16","BOGOTA D.C.","001","BOGOTA. D.C.","08","33","MANDALAY - COLEGIO KENNEDY","4.483","5.010","0","9.493","359","1195","839","956","810","697","748","663","708","2516","0","2"
"2023","AUTORIDADES TERRITORIALES","16","BOGOTA D.C.","001","BOGOTA. D.C.","08","34","PIO XII - SEDE COLEGIO ISABEL II","2.776","3.425","0","6.201","0","515","625","601","574","643","563","522","566","1592","0","0"
"2023","AUTORIDADES TERRITORIALES","16","BOGOTA D.C.","001","BOGOTA. D.C.","08","35","COLEGIO NUEVA CASTILLA","7.535","8.700","0","16.235","0","794","3120","2078","1284","1019","1057","1227","1329","4327","0","0"
"2023","AUTORIDADES TERRITORIALES","16","BOGOTA D.C.","001","BOGOTA. D.C.","08","36","VILLANUEVA","2.336","2.657","0","4.993","9","500","661","510","449","471","470","467","437","1019","0","0"
"2023","AUTORIDADES TERRITORIALES","16","BOGOTA D.C.","001","BOGOTA. D.C.","08","37","JAIRO ANIBAL NIÑO","9.278","9.512","0","18.790","17","137","4135","5450","2159","1022","1138","1147","1083","2502","0","0"
"2023","AUTORIDADES TERRITORIALES","16","BOGOTA D.C.","001","BOGOTA. D.C.","08","38","VISION DE COLOMBIA","5.686","6.428","0","12.114","168","1175","1371","1460","1192","1244","1098","1056","930","2419","0","1"
"2023","AUTORIDADES TERRITORIALES","16","BOGOTA D.C.","001","BOGOTA. D.C.","08","39","ALMENAR","2.266","2.709","0","4.975","0","319","316","368","492","646","607","594","513","1120","0","0"
"2023","AUTORIDADES TERRITORIALES","16","BOGOTA D.C.","001","BOGOTA. D.C.","08","40","COLEGIO ALQUERIA","4.221","4.586","0","8.807","0","636","925","1205","727","835","854","911","837","1877","0","0"
"2023","AUTORIDADES TERRITORIALES","16","BOGOTA D.C.","001","BOGOTA. D.C.","08","41","BOITA","3.369","3.927","0","7.296","0","912","1424","785","648","547","484","501","533","1462","0","0"
"2023","AUTORIDADES TERRITORIALES","16","BOGOTA D.C.","001","BOGOTA. D.C.","08","42","COL DE TIMIZA","4.499","5.334","0","9.833","1011","1051","691","940","875","1077","915","637","589","2046","0","1"
"2023","AUTORIDADES TERRITORIALES","16","BOGOTA D.C.","001","BOGOTA. D.C.","08","43","TINTALITO","5.326","6.247","0","11.573","237","1955","1457","1030","1134","1173","1026","952","787","1822","0","0"
"2023","AUTORIDADES TERRITORIALES","16","BOGOTA D.C.","001","BOGOTA. D.C.","08","44","LAS PALMERAS","2.867","3.536","0","6.403","3","449","316","559","619","699","692","799","785","1482","0","0"
"2023","AUTORIDADES TERRITORIALES","16","BOGOTA D.C.","001","BOGOTA. D.C.","08","45","DINDALITO","5.724","6.860","0","12.584","707","2760","1028","1040","1130","1068","964","1047","1028","1812","0","0"
"2023","AUTORIDADES TERRITORIALES","16","BOGOTA D.C.","001","BOGOTA. D.C.","08","46","LICEO EL CASTILLO","1.812","2.097","0","3.909","0","517","357","384","372","410","310","373","391","795","0","0"
"2023","AUTORIDADES TERRITORIALES","16","BOGOTA D.C.","001","BOGOTA. D.C.","08","47","MILENIO PLAZA","2.942","3.343","0","6.285","30","1269","590","695","712","646","545","505","426","867","0","0"
"2023","AUTORIDADES TERRITORIALES","16","BOGOTA D.C.","001","BOGOTA. D.C.","08","48","COL. GABRIEL BETANCOURT MEJIA","6.871","9.033","0","15.904","0","742","2291","2035","1329","1725","1807","1758","1447","2770","0","0"
"2023","AUTORIDADES TERRITORIALES","16","BOGOTA D.C.","001","BOGOTA. D.C.","08","49","MARIA PAZ","3.105","3.345","0","6.450","25","1113","789","899","643","575","515","501","460","930","0","0"
"2023","AUTORIDADES TERRITORIALES","16","BOGOTA D.C.","001","BOGOTA. D.C.","08","50","COLEGIO NELSON MANDELA","3.009","3.749","0","6.758","346","689","1362","576","476","661","724","647","469","807","0","1"
"2023","AUTORIDADES TERRITORIALES","16","BOGOTA D.C.","001","BOGOTA. D.C.","08","51","COLEGIO GUSTAVO ROJAS PINILLA","3.931","5.054","0","8.985","448","728","793","873","928","1209","907","688","705","1705","0","1"
"2023","AUTORIDADES TERRITORIALES","16","BOGOTA D.C.","001","BOGOTA. D.C.","08","52","COLEGIO CLASS I D E SEDE B ROMA","3.293","4.133","0","7.426","1661","890","943","607","700","656","479","394","357","739","0","0"
"2023","AUTORIDADES TERRITORIALES","16","BOGOTA D.C.","001","BOGOTA. D.C.","08","53","GEMA","439","421","0","860","13","168","166","78","89","86","56","42","41","121","0","0"
"2023","AUTORIDADES TERRITORIALES","16","BOGOTA D.C.","001","BOGOTA. D.C.","08","54","VILLA RICA","2.010","2.406","0","4.416","413","522","510","467","444","484","375","321","326","552","0","2"
"2023","AUTORIDADES TERRITORIALES","16","BOGOTA D.C.","001","BOGOTA. D.C.","08","55","COLEGIO JAIME GARZON","4.622","5.695","0","10.317","956","2115","1274","955","944","1037","848","663","531","993","0","1"
"2023","AUTORIDADES TERRITORIALES","16","BOGOTA D.C.","001","BOGOTA. D.C.","08","56","COLEGIO DEBORA ARANGO","1.100","1.535","0","2.635","207","306","340","295","321","339","211","167","157","292","0","0"
"2023","AUTORIDADES TERRITORIALES","16","BOGOTA D.C.","001","BOGOTA. D.C.","08","57","CAMPO BELLO","3.012","4.321","0","7.333","317","825","897","789","785","784","740","723","568","904","0","1"
"2023","AUTORIDADES TERRITORIALES","16","BOGOTA D.C.","001","BOGOTA. D.C.","08","58","PATIOS","3.428","4.484","0","7.912","411","1675","921","570","672","815","798","597","542","910","0","1"
"2023","AUTORIDADES TERRITORIALES","16","BOGOTA D.C.","001","BOGOTA. D.C.","08","59","MANUEL CEPEDA","3.589","3.505","0","7.094","416","463","803","3398","919","310","221","153","144","267","0","0"
"2023","AUTORIDADES TERRITORIALES","16","BOGOTA D.C.","001","BOGOTA. D.C.","08","60","CENTRO COMERCIAL EL EDEN","8.917","11.025","0","19.942","2080","2217","2189","2150","2148","2393","1734","1322","1067","2641","0","1"
"2023","AUTORIDADES TERRITORIALES","16","BOGOTA D.C.","001","BOGOTA. D.C.","08","61","SANTA MARIA DE KENNEDY","3.163","3.915","0","7.078","0","91","338","880","809","914","796","697","748","1805","0","0"
"2023","AUTORIDADES TERRITORIALES","16","BOGOTA D.C.","001","BOGOTA. D.C.","08","62","COLEGIO PAULO VI SEDE A","1.025","1.194","0","2.219","91","352","223","236","225","224","168","172","168","360","0","0"
"2023","AUTORIDADES TERRITORIALES","16","BOGOTA D.C.","001","BOGOTA. D.C.","08","63","CENTRO DE DESARROLLO COMUNITARIO KENNEDY","2.422","2.987","0","5.409","553","741","547","476","531","594","425","353","327","862","0","0"
"2023","AUTORIDADES TERRITORIALES","16","BOGOTA D.C.","001","BOGOTA. D.C.","08","64","COLEGIO RODRIGO TRIANA","4.480","4.980","0","9.460","1594","1609","1099","1008","931","840","656","547","392","784","0","0"
"2023","AUTORIDADES TERRITORIALES","16","BOGOTA D.C.","001","BOGOTA. D.C.","08","65","COLEGIO DARIO ECHANDIA","3.304","4.007","0","7.311","812","1420","914","684","700","697","546","487","378","672","0","1"
"2023","AUTORIDADES TERRITORIALES","16","BOGOTA D.C.","001","BOGOTA. D.C.","08","66","SAN FRANCISCO EN EL TINTAL","3.225","4.557","0","7.782","354","1157","862","733","817","898","817","598","504","1042","0","0"
"2023","AUTORIDADES TERRITORIALES","16","BOGOTA D.C.","001","BOGOTA. D.C.","08","67","CENTRO COMERCIAL CIUDAD TINTAL","1.773","2.394","0","4.167","0","755","378","390","511","530","436","345","286","536","0","0"
"2023","AUTORIDADES TERRITORIALES","16","BOGOTA D.C.","001","BOGOTA. D.C.","08","68","TAGASTE","1.928","2.113","0","4.041","449","944","561","401","368","377","252","210","167","312","0","0"
"2023","AUTORIDADES TERRITORIALES","16","BOGOTA D.C.","001","BOGOTA. D.C.","08","69","SAN JOSE DE CASTILLA SEDE A","3.623","4.630","0","8.253","593","1037","811","704","816","893","754","619","638","1388","0","0"
"2023","AUTORIDADES TERRITORIALES","16","BOGOTA D.C.","001","BOGOTA. D.C.","08","70","COLEGIO FE Y ALEGRIA","2.892","3.760","0","6.652","582","1012","616","590","612","673","553","499","468","1046","0","1"
"2023","AUTORIDADES TERRITORIALES","16","BOGOTA D.C.","001","BOGOTA. D.C.","08","71","COLEGIO JEAN PIAGET","1.182","1.487","0","2.669","174","351","242","239","272","334","282","216","191","367","0","1"
"2023","AUTORIDADES TERRITORIALES","16","BOGOTA D.C.","001","BOGOTA. D.C.","08","72","COLEGIO SAN PEDRO CLAVER SEDE A","1.600","1.942","0","3.542","236","846","347","362","351","321","260","206","205","407","0","1"
"2023","AUTORIDADES TERRITORIALES","16","BOGOTA D.C.","001","BOGOTA. D.C.","08","73","COLEGIO LA MAGDALENA","821","1.016","0","1.837","106","279","131","198","184","264","204","141","122","207","0","1"
"2023","AUTORIDADES TERRITORIALES","16","BOGOTA D.C.","001","BOGOTA. D.C.","08","74","COLEGIO DISTRITAL JACKELINE","499","579","0","1.078","217","172","103","121","115","81","73","65","46","85","0","0"
"2023","AUTORIDADES TERRITORIALES","16","BOGOTA D.C.","001","BOGOTA. D.C.","08","75","COLEGIO LUZ Y VIDA","510","565","0","1.075","124","168","107","103","105","113","98","87","63","107","0","0"
"2023","AUTORIDADES TERRITORIALES","16","BOGOTA D.C.","001","BOGOTA. D.C.","08","76","FERNANDO SOTO APARICIO SEDE B","563","785","0","1.348","103","202","136","155","148","148","98","116","78","164","0","0"
"2023","AUTORIDADES TERRITORIALES","16","BOGOTA D.C.","001","BOGOTA. D.C.","08","77","SALON COMUNAL MONTERREY","483","573","0","1.056","60","177","151","106","103","98","83","75","59","144","0","0"
"2023","AUTORIDADES TERRITORIALES","16","BOGOTA D.C.","001","BOGOTA. D.C.","08","78","CENTRO COMERCIAL TINTAL PLAZA","10.566","11.722","0","22.288","4926","5342","2447","2226","1854","1677","1175","902","692","1047","0","0"
"2023","AUTORIDADES TERRITORIALES","16","BOGOTA D.C.","001","BOGOTA. D.C.","08","79","SAGRADO CORAZON","238","273","0","511","24","83","61","54","57","55","43","43","34","57","0","0"
"2023","AUTORIDADES TERRITORIALES","16","BOGOTA D.C.","001","BOGOTA. D.C.","08","80","CODEMA","2.648","3.325","0","5.973","1615","754","502","525","556","568","467","346","268","370","0","2"
"2023","AUTORIDADES TERRITORIALES","16","BOGOTA D.C.","001","BOGOTA. D.C.","08","81","SALON COMUNAL ROMA IV","943","1.084","0","2.027","378","372","165","154","188","180","131","117","98","244","0","0"
"2023","AUTORIDADES TERRITORIALES","16","BOGOTA D.C.","001","BOGOTA. D.C.","08","82","INEM FRANCISCO DE PAULA SANTANDER SEDE A","4.026","4.143","0","8.169","3256","1748","540","451","461","404","339","260","251","459","0","0"
"2023","AUTORIDADES TERRITORIALES","16","BOGOTA D.C.","001","BOGOTA. D.C.","08","83","FERNANDO SOTO APARICIO","442","484","0","926","99","326","73","65","76","59","45","42","49","92","0","0"
"2023","AUTORIDADES TERRITORIALES","16","BOGOTA D.C.","001","BOGOTA. D.C.","08","84","SALON COMUNAL CARVAJAL OSORIO","979","1.057","0","2.036","715","313","167","150","136","130","91","100","67","167","0","0"
"2023","AUTORIDADES TERRITORIALES","16","BOGOTA D.C.","001","BOGOTA. D.C.","08","85","COLEGIO MILITAR MANUEL MURILLO TORO","417","472","0","889","60","173","101","102","99","75","75","71","41","92","0","0"
"2023","AUTORIDADES TERRITORIALES","16","BOGOTA D.C.","001","BOGOTA. D.C.","08","86","NICOLAS ESGUERRA","166","162","0","328","68","99","18","32","27","22","16","14","15","17","0","0"
"2023","AUTORIDADES TERRITORIALES","16","BOGOTA D.C.","001","BOGOTA. D.C.","08","87","SALON COMUNAL MARSELLA","2.106","2.364","0","4.470","640","626","446","482","430","392","333","293","280","542","0","6"
"2023","AUTORIDADES TERRITORIALES","16","BOGOTA D.C.","001","BOGOTA. D.C.","08","88","ISABEL II","741","921","0","1.662","249","207","177","157","160","160","125","119","92","216","0","0"
"2023","AUTORIDADES TERRITORIALES","16","BOGOTA D.C.","001","BOGOTA. D.C.","08","89","LICEO REYNEL","268","387","0","655","9","95","84","60","77","62","57","63","46","102","0","0"
"2023","AUTORIDADES TERRITORIALES","16","BOGOTA D.C.","001","BOGOTA. D.C.","08","90","COLEGIO OEA ANTONIA SANTOS","318","322","0","640","113","67","74","75","58","60","47","32","40","74","0","0"
"2023","AUTORIDADES TERRITORIALES","16","BOGOTA D.C.","001","BOGOTA. D.C.","08","91","SALON COMUNAL BOITA II SECTOR","882","936","0","1.818","405","321","143","163","120","157","112","104","97","196","0","0"
"2023","AUTORIDADES TERRITORIALES","16","BOGOTA D.C.","001","BOGOTA. D.C.","08","92","SALON COMUNAL SANTA CATALINA","436","489","0","925","149","140","83","92","65","73","64","57","86","116","0","0"
"2023","AUTORIDADES TERRITORIALES","16","BOGOTA D.C.","001","BOGOTA. D.C.","08","93","COLEGIO INTEGRACION MODERNA","927","1.142","0","2.069","255","310","199","209","199","203","184","118","123","267","0","2"
"2023","AUTORIDADES TERRITORIALES","16","BOGOTA D.C.","001","BOGOTA. D.C.","08","94","COLEGIO COOPERATIVO TIMIZA","630","764","0","1.394","428","108","118","145","110","98","95","92","54","146","0","0"
"2023","AUTORIDADES TERRITORIALES","16","BOGOTA D.C.","001","BOGOTA. D.C.","08","95","FLORESTA SUR SEDE B","688","853","0","1.541","374","180","188","191","133","127","95","78","61","114","0","0"
"2023","AUTORIDADES TERRITORIALES","16","BOGOTA D.C.","001","BOGOTA. D.C.","08","96","CARLOS ARANGO VELEZ SEDE A","559","685","0","1.244","245","123","175","154","122","107","83","67","60","108","0","0"
"2023","AUTORIDADES TERRITORIALES","16","BOGOTA D.C.","001","BOGOTA. D.C.","08","97","COLEGIO SAN RAFAEL SEDE A","262","316","0","578","187","58","50","55","43","34","36","19","36","60","0","0"
"2023","AUTORIDADES TERRITORIALES","16","BOGOTA D.C.","001","BOGOTA. D.C.","08","98","SALON COMUNAL VILLA CLAUDIA","424","548","0","972","190","105","92","97","78","86","67","61","65","131","0","0"
"2023","AUTORIDADES TERRITORIALES","16","BOGOTA D.C.","001","BOGOTA. D.C.","08","99","COLEGIO SAN PEDRO CLAVER SEDE B","410","485","0","895","117","104","107","121","100","85","86","57","57","61","0","0"
"2023","AUTORIDADES TERRITORIALES","16","BOGOTA D.C.","001","BOGOTA. D.C.","08","A1","COLEGIO ERNESTO GUHL","104","147","0","251","44","19","27","42","19","20","17","23","12","28","0","0"
"2023","AUTORIDADES TERRITORIALES","16","BOGOTA D.C.","001","BOGOTA. D.C.","08","A2","COLEGIO CIUDAD DE FOMEQUE","100","123","0","223","61","12","19","24","18","26","17","20","6","20","0","0"
"2023","AUTORIDADES TERRITORIALES","16","BOGOTA D.C.","001","BOGOTA. D.C.","08","A3","ESC.TECNOLOGICA INST. TECNICO CENTRAL","1.011","1.359","0","2.370","227","184","261","279","283","305","221","165","160","284","0","1"
"2023","AUTORIDADES TERRITORIALES","16","BOGOTA D.C.","001","BOGOTA. D.C.","08","A4","COLEGIO CIUDAD DE TECHO I","385","500","0","885","85","67","82","96","82","103","79","68","76","145","0","2"
"2023","AUTORIDADES TERRITORIALES","16","BOGOTA D.C.","001","BOGOTA. D.C.","08","A5","SALON COMUNAL ANDALUCIA II SECTOR","203","221","0","424","37","37","48","51","46","51","33","29","34","58","0","0"
"2023","AUTORIDADES TERRITORIALES","16","BOGOTA D.C.","001","BOGOTA. D.C.","08","A6","SALON COMUNAL VILLA ALSACIA","804","1.003","0","1.807","132","109","198","178","193","213","140","157","134","351","0","2"
"2023","AUTORIDADES TERRITORIALES","16","BOGOTA D.C.","001","BOGOTA. D.C.","08","A7","CC PLAZA DE LAS AMERICAS","1.957","2.217","0","4.174","1674","243","300","284","311","311","257","207","214","370","0","3"
"2023","AUTORIDADES TERRITORIALES","16","BOGOTA D.C.","001","BOGOTA. D.C.","08","A8","METRO ALQUERIA","165","166","0","331","114","15","31","24","26","36","16","17","12","40","0","0"
"2023","AUTORIDADES TERRITORIALES","16","BOGOTA D.C.","001","BOGOTA. D.C.","08","A9","LORETO DE CASTILLA","311","414","0","725","61","50","73","89","71","106","65","50","53","106","0","1"
"2023","AUTORIDADES TERRITORIALES","16","BOGOTA D.C.","001","BOGOTA. D.C.","08","B1","POLIDEPORTIVO CASTILLA","745","782","0","1.527","394","100","133","154","148","144","125","98","66","162","0","3"
"2023","AUTORIDADES TERRITORIALES","16","BOGOTA D.C.","001","BOGOTA. D.C.","09","01","FONTIBON","11.402","12.094","0","23.496","3","397","2022","1606","2085","1367","2236","3724","2564","7492","0","0"
"2023","AUTORIDADES TERRITORIALES","16","BOGOTA D.C.","001","BOGOTA. D.C.","09","02","VILLEMAR","6.160","7.849","0","14.009","644","1782","2032","1839","2147","1020","837","822","860","2025","0","1"
"2023","AUTORIDADES TERRITORIALES","16","BOGOTA D.C.","001","BOGOTA. D.C.","09","03","HAYUELOS CENTRO COMERCIAL","8.914","11.378","0","20.292","1340","1497","2896","2330","1977","1865","1773","1541","1478","3595","0","0"
"2023","AUTORIDADES TERRITORIALES","16","BOGOTA D.C.","001","BOGOTA. D.C.","09","04","BELEN","5.725","6.304","0","12.029","682","1578","1464","1187","926","1034","983","901","931","2342","0","1"
"2023","AUTORIDADES TERRITORIALES","16","BOGOTA D.C.","001","BOGOTA. D.C.","09","05","SAN PABLO LA PERLA","3.303","3.336","0","6.639","143","606","1135","987","557","508","471","533","497","1202","0","0"
"2023","AUTORIDADES TERRITORIALES","16","BOGOTA D.C.","001","BOGOTA. D.C.","09","06","VERSALLES","7.091","7.689","0","14.780","0","421","2545","2560","1522","1047","1012","1269","1340","3064","0","0"
"2023","AUTORIDADES TERRITORIALES","16","BOGOTA D.C.","001","BOGOTA. D.C.","09","07","VERACRUZ","5.337","5.949","0","11.286","204","966","1204","1151","937","986","891","901","1112","2934","0","0"
"2023","AUTORIDADES TERRITORIALES","16","BOGOTA D.C.","001","BOGOTA. D.C.","09","08","MODELIA SUR","4.379","5.271","0","9.650","0","268","1500","834","628","628","745","813","889","3345","0","0"
"2023","AUTORIDADES TERRITORIALES","16","BOGOTA D.C.","001","BOGOTA. D.C.","09","09","SANTA CECILIA - MODELIA","3.849","4.322","0","8.171","123","533","813","1118","848","635","587","627","772","2113","0","2"
"2023","AUTORIDADES TERRITORIALES","16","BOGOTA D.C.","001","BOGOTA. D.C.","09","10","CENTRO A","3.131","3.519","0","6.650","295","691","893","666","632","612","595","522","534","1210","0","0"
"2023","AUTORIDADES TERRITORIALES","16","BOGOTA D.C.","001","BOGOTA. D.C.","09","11","LA LAGUNA","5.308","6.131","0","11.439","303","1032","959","1582","1388","1013","883","968","1017","2294","0","0"
"2023","AUTORIDADES TERRITORIALES","16","BOGOTA D.C.","001","BOGOTA. D.C.","09","12","BATAVIA","2.338","2.642","0","4.980","0","344","758","772","624","476","407","352","303","944","0","0"
"2023","AUTORIDADES TERRITORIALES","16","BOGOTA D.C.","001","BOGOTA. D.C.","09","13","LA GIRALDA","3.793","4.445","0","8.238","0","497","1042","1110","880","787","684","698","692","1848","0","0"
"2023","AUTORIDADES TERRITORIALES","16","BOGOTA D.C.","001","BOGOTA. D.C.","09","14","PUERTA DE TEJA","1.393","1.399","0","2.792","6","239","416","448","212","205","237","219","253","557","0","0"
"2023","AUTORIDADES TERRITORIALES","16","BOGOTA D.C.","001","BOGOTA. D.C.","09","15","AGUSTINIANO SALITRE","4.877","6.284","0","11.161","0","164","762","975","943","964","929","983","1257","4184","0","0"
"2023","AUTORIDADES TERRITORIALES","16","BOGOTA D.C.","001","BOGOTA. D.C.","09","16","TRES ELEFANTES- LA ESPERANZA","2.676","3.174","0","5.850","0","67","576","581","544","533","572","556","606","1815","0","0"
"2023","AUTORIDADES TERRITORIALES","16","BOGOTA D.C.","001","BOGOTA. D.C.","09","17","PUENTE GRANDE","2.162","2.217","0","4.379","0","544","757","697","461","341","330","306","302","641","0","0"
"2023","AUTORIDADES TERRITORIALES","16","BOGOTA D.C.","001","BOGOTA. D.C.","09","18","ZONA FRANCA","7.004","8.553","0","15.557","875","2761","2961","1808","981","1149","1268","1189","973","1592","0","0"
"2023","AUTORIDADES TERRITORIALES","16","BOGOTA D.C.","001","BOGOTA. D.C.","09","19","RECODO","3.284","4.019","0","7.303","0","946","1432","1068","523","617","630","630","543","914","0","0"
"2023","AUTORIDADES TERRITORIALES","16","BOGOTA D.C.","001","BOGOTA. D.C.","09","20","SANTA TERESA CENTRO","1.648","2.016","0","3.664","63","521","351","382","410","439","340","297","261","599","0","1"
"2023","AUTORIDADES TERRITORIALES","16","BOGOTA D.C.","001","BOGOTA. D.C.","09","21","LA FELICIDAD","2.985","3.589","0","6.574","435","829","559","644","813","885","670","477","367","888","0","7"
"2023","AUTORIDADES TERRITORIALES","16","BOGOTA D.C.","001","BOGOTA. D.C.","09","22","NAVARRA MODELIA","2.278","2.647","0","4.925","213","591","516","474","495","571","457","429","343","834","0","2"
"2023","AUTORIDADES TERRITORIALES","16","BOGOTA D.C.","001","BOGOTA. D.C.","09","23","MODELIA REAL","2.316","2.745","0","5.061","514","1375","474","384","356","359","334","312","325","625","0","3"
"2023","AUTORIDADES TERRITORIALES","16","BOGOTA D.C.","001","BOGOTA. D.C.","09","24","LA ALDEA","1.764","1.989","0","3.753","279","1048","442","343","347","289","230","176","194","404","0","1"
"2023","AUTORIDADES TERRITORIALES","16","BOGOTA D.C.","001","BOGOTA. D.C.","09","25","VAN UDEN CALLE 13","761","731","0","1.492","208","486","129","169","152","104","69","59","42","73","0","1"
"2023","AUTORIDADES TERRITORIALES","16","BOGOTA D.C.","001","BOGOTA. D.C.","09","26","ATAHUALPA","2.906","3.106","0","6.012","1239","1657","544","577","458","451","292","241","211","342","0","0"
"2023","AUTORIDADES TERRITORIALES","16","BOGOTA D.C.","001","BOGOTA. D.C.","09","27","HAYUELOS JUMBO","5.597","7.175","0","12.772","164","2172","900","1106","1315","1461","1254","1127","979","2292","0","2"
"2023","AUTORIDADES TERRITORIALES","16","BOGOTA D.C.","001","BOGOTA. D.C.","09","28","INTEGRADO SEDE B","394","427","0","821","161","155","79","84","67","71","37","38","47","82","0","0"
"2023","AUTORIDADES TERRITORIALES","16","BOGOTA D.C.","001","BOGOTA. D.C.","09","29","ACUNAR","948","1.173","0","2.121","465","246","195","222","188","189","158","127","114","216","0","1"
"2023","AUTORIDADES TERRITORIALES","16","BOGOTA D.C.","001","BOGOTA. D.C.","09","30","CASA PENSAMIENTO INTERCULTURAL","330","373","0","703","89","157","57","68","77","68","55","37","39","56","0","0"
"2023","AUTORIDADES TERRITORIALES","16","BOGOTA D.C.","001","BOGOTA. D.C.","09","31","COLEGIO LUIS ANGEL ARANGO","792","953","0","1.745","417","376","143","162","120","125","107","89","62","143","0","1"
"2023","AUTORIDADES TERRITORIALES","16","BOGOTA D.C.","001","BOGOTA. D.C.","09","32","FERROCAJA","336","417","0","753","117","161","64","99","55","85","52","37","33","48","0","2"
"2023","AUTORIDADES TERRITORIALES","16","BOGOTA D.C.","001","BOGOTA. D.C.","09","33","EL CHARCO","318","351","0","669","85","169","66","72","62","55","32","34","26","68","0","0"
"2023","AUTORIDADES TERRITORIALES","16","BOGOTA D.C.","001","BOGOTA. D.C.","09","34","MULTIPLAZA","3.101","3.903","0","7.004","645","666","924","988","912","741","545","449","380","750","0","4"
"2023","AUTORIDADES TERRITORIALES","16","BOGOTA D.C.","001","BOGOTA. D.C.","09","35","SALITRE PLAZA","6.608","8.320","0","14.928","1051","1734","1478","1565","1371","1435","1175","1142","1172","2797","0","8"
"2023","AUTORIDADES TERRITORIALES","16","BOGOTA D.C.","001","BOGOTA. D.C.","09","36","PABLO NERUDA","725","855","0","1.580","265","275","132","192","170","165","99","93","59","130","0","0"
"2023","AUTORIDADES TERRITORIALES","16","BOGOTA D.C.","001","BOGOTA. D.C.","09","37","CACIQUE HYNTIBA","1.444","1.358","0","2.802","517","401","231","240","232","263","221","197","165","335","0","0"
"2023","AUTORIDADES TERRITORIALES","16","BOGOTA D.C.","001","BOGOTA. D.C.","09","38","TRES ESTANCIAS","1.256","1.568","0","2.824","489","423","270","263","256","265","206","179","167","306","0","0"
"2023","AUTORIDADES TERRITORIALES","16","BOGOTA D.C.","001","BOGOTA. D.C.","09","39","SAN JOSE","401","547","0","948","160","70","120","105","92","97","85","54","51","114","0","0"
"2023","AUTORIDADES TERRITORIALES","16","BOGOTA D.C.","001","BOGOTA. D.C.","09","40","EL JARDIN","150","197","0","347","26","28","32","44","41","22","31","29","32","62","0","0"
"2023","AUTORIDADES TERRITORIALES","16","BOGOTA D.C.","001","BOGOTA. D.C.","09","41","VILLA ANDREA","364","404","0","768","136","79","115","116","75","72","59","34","29","53","0","0"
"2023","AUTORIDADES TERRITORIALES","16","BOGOTA D.C.","001","BOGOTA. D.C.","09","42","TREBOLIS","695","920","0","1.615","158","111","161","159","160","170","140","138","138","277","0","3"
"2023","AUTORIDADES TERRITORIALES","16","BOGOTA D.C.","001","BOGOTA. D.C.","10","01","BOYACA","7.080","6.978","0","14.058","6","90","1834","2261","1502","521","1272","2929","1121","2522","0","0"
"2023","AUTORIDADES TERRITORIALES","16","BOGOTA D.C.","001","BOGOTA. D.C.","10","02","ENGATIVA","9.349","11.016","0","20.365","31","166","4071","3740","2486","1334","1319","1596","1792","3830","0","0"
"2023","AUTORIDADES TERRITORIALES","16","BOGOTA D.C.","001","BOGOTA. D.C.","10","03","NORMANDIA","6.521","7.124","0","13.645","425","1811","1592","1561","1132","895","946","951","997","3334","0","1"
"2023","AUTORIDADES TERRITORIALES","16","BOGOTA D.C.","001","BOGOTA. D.C.","10","04","BOSQUE POPULAR","4.123","4.774","0","8.897","538","1059","1016","964","701","629","551","608","754","2076","0","1"
"2023","AUTORIDADES TERRITORIALES","16","BOGOTA D.C.","001","BOGOTA. D.C.","10","05","EL GUALI","2.047","2.323","0","4.370","65","236","373","648","448","401","349","369","384","1096","0","1"
"2023","AUTORIDADES TERRITORIALES","16","BOGOTA D.C.","001","BOGOTA. D.C.","10","06","EL LUJAN","4.628","5.366","0","9.994","340","1155","868","853","721","766","784","858","1034","2615","0","0"
"2023","AUTORIDADES TERRITORIALES","16","BOGOTA D.C.","001","BOGOTA. D.C.","10","07","VILLA LUZ","5.179","6.159","0","11.338","0","429","1774","1218","847","890","894","849","955","3482","0","0"
"2023","AUTORIDADES TERRITORIALES","16","BOGOTA D.C.","001","BOGOTA. D.C.","10","08","LOS ALAMOS","3.815","4.332","0","8.147","1","1320","1278","765","622","581","596","646","660","1678","0","0"
"2023","AUTORIDADES TERRITORIALES","16","BOGOTA D.C.","001","BOGOTA. D.C.","10","09","VILLA AMALIA","5.576","6.849","0","12.425","80","2355","1437","1095","1046","1023","863","944","1078","2504","0","0"
"2023","AUTORIDADES TERRITORIALES","16","BOGOTA D.C.","001","BOGOTA. D.C.","10","10","VILLAS DE GRANADA","6.728","7.960","0","14.688","1","222","2815","1998","1186","1171","1064","1067","1216","3948","0","0"
"2023","AUTORIDADES TERRITORIALES","16","BOGOTA D.C.","001","BOGOTA. D.C.","10","11","GARCES NAVAS","7.986","9.452","0","17.438","997","2238","2318","1801","1380","1149","1132","1372","1463","3587","0","1"
"2023","AUTORIDADES TERRITORIALES","16","BOGOTA D.C.","001","BOGOTA. D.C.","10","12","BOCHICA","8.473","10.649","0","19.122","778","1857","2271","2145","2047","1681","1330","1242","1421","4346","0","4"
"2023","AUTORIDADES TERRITORIALES","16","BOGOTA D.C.","001","BOGOTA. D.C.","10","13","LOS ALAMOS NORTE","5.144","5.757","0","10.901","0","97","1787","1756","956","816","767","864","922","2936","0","0"
"2023","AUTORIDADES TERRITORIALES","16","BOGOTA D.C.","001","BOGOTA. D.C.","10","14","LA SALINA","5.125","5.416","0","10.541","209","440","750","1770","1161","1091","1036","1087","1102","1895","0","0"
"2023","AUTORIDADES TERRITORIALES","16","BOGOTA D.C.","001","BOGOTA. D.C.","10","15","LA FLORIDA","3.581","4.019","0","7.600","459","1361","1387","374","367","379","316","474","533","1950","0","0"
"2023","AUTORIDADES TERRITORIALES","16","BOGOTA D.C.","001","BOGOTA. D.C.","10","16","SANTA HELENITA","5.151","5.944","0","11.095","0","696","1152","1340","925","829","788","944","1274","3147","0","0"
"2023","AUTORIDADES TERRITORIALES","16","BOGOTA D.C.","001","BOGOTA. D.C.","10","17","LA EUROPA","1.999","2.303","0","4.302","0","152","375","477","272","353","374","426","528","1345","0","0"
"2023","AUTORIDADES TERRITORIALES","16","BOGOTA D.C.","001","BOGOTA. D.C.","10","18","LA ESTRADA","4.701","5.216","0","9.917","0","500","1823","1356","702","592","623","663","881","2777","0","0"
"2023","AUTORIDADES TERRITORIALES","16","BOGOTA D.C.","001","BOGOTA. D.C.","10","19","LA ESTRADITA","5.432","6.162","0","11.594","692","1619","985","881","936","960","840","914","1035","2731","0","1"
"2023","AUTORIDADES TERRITORIALES","16","BOGOTA D.C.","001","BOGOTA. D.C.","10","20","LAS FERIAS","3.992","4.062","0","8.054","0","109","1159","1005","447","517","544","754","890","2629","0","0"
"2023","AUTORIDADES TERRITORIALES","16","BOGOTA D.C.","001","BOGOTA. D.C.","10","21","BONANZA","5.985","6.866","0","12.851","579","1153","1342","1198","940","1073","998","1205","1223","3138","0","2"
"2023","AUTORIDADES TERRITORIALES","16","BOGOTA D.C.","001","BOGOTA. D.C.","10","22","STA. MARIA DEL LAGO","2.589","3.171","0","5.760","8","417","550","512","420","466","417","531","687","1752","0","0"
"2023","AUTORIDADES TERRITORIALES","16","BOGOTA D.C.","001","BOGOTA. D.C.","10","23","LA GRANJA","4.010","4.372","0","8.382","36","1010","1082","935","609","518","584","689","783","2136","0","0"
"2023","AUTORIDADES TERRITORIALES","16","BOGOTA D.C.","001","BOGOTA. D.C.","10","24","FLORENCIA","2.118","2.605","0","4.723","0","363","614","575","353","313","317","384","461","1343","0","0"
"2023","AUTORIDADES TERRITORIALES","16","BOGOTA D.C.","001","BOGOTA. D.C.","10","25","SANTA ROSITA","6.217","7.638","0","13.855","616","1291","1365","1448","1297","1260","1044","1271","1335","2928","0","0"
"2023","AUTORIDADES TERRITORIALES","16","BOGOTA D.C.","001","BOGOTA. D.C.","10","26","QUIRIGUA","6.070","7.091","0","13.161","0","98","1192","1180","869","1057","1088","1349","1732","4596","0","0"
"2023","AUTORIDADES TERRITORIALES","16","BOGOTA D.C.","001","BOGOTA. D.C.","10","27","LA ESPAÑOLA","2.855","3.484","0","6.339","17","692","781","577","476","483","450","475","612","1776","0","0"
"2023","AUTORIDADES TERRITORIALES","16","BOGOTA D.C.","001","BOGOTA. D.C.","10","28","MINUTO DE DIOS","5.337","6.310","0","11.647","45","1136","1199","1141","856","908","851","997","1127","3387","0","0"
"2023","AUTORIDADES TERRITORIALES","16","BOGOTA D.C.","001","BOGOTA. D.C.","10","29","LA SERENA","2.490","3.011","0","5.501","7","275","385","456","474","507","521","571","649","1655","0","1"
"2023","AUTORIDADES TERRITORIALES","16","BOGOTA D.C.","001","BOGOTA. D.C.","10","30","BACHUE","7.441","8.713","0","16.154","1173","2011","2121","1838","1210","1210","1119","958","992","3521","0","1"
"2023","AUTORIDADES TERRITORIALES","16","BOGOTA D.C.","001","BOGOTA. D.C.","10","31","QUIRIGUA (PLAZA DE MERCADO)","4.842","5.720","0","10.562","479","1472","934","878","868","932","852","920","967","2260","0","0"
"2023","AUTORIDADES TERRITORIALES","16","BOGOTA D.C.","001","BOGOTA. D.C.","10","32","BACHUE II - BOCHICA I","3.368","4.212","0","7.580","24","512","588","863","860","795","665","563","601","2109","0","0"
"2023","AUTORIDADES TERRITORIALES","16","BOGOTA D.C.","001","BOGOTA. D.C.","10","33","VILLA GLADYS","4.206","4.870","0","9.076","0","503","2082","937","794","740","751","701","749","1819","0","0"
"2023","AUTORIDADES TERRITORIALES","16","BOGOTA D.C.","001","BOGOTA. D.C.","10","34","EL CORTIJO","6.453","7.967","0","14.420","0","1172","1459","1336","1207","1335","1274","1420","1569","3648","0","0"
"2023","AUTORIDADES TERRITORIALES","16","BOGOTA D.C.","001","BOGOTA. D.C.","10","35","SAN MARCOS","5.705","6.491","0","12.196","33","1228","1075","1172","1202","1281","1110","1215","1227","2652","0","1"
"2023","AUTORIDADES TERRITORIALES","16","BOGOTA D.C.","001","BOGOTA. D.C.","10","36","SAN IGNACIO","1.198","1.424","0","2.622","0","105","172","291","277","278","283","245","262","709","0","0"
"2023","AUTORIDADES TERRITORIALES","16","BOGOTA D.C.","001","BOGOTA. D.C.","10","37","TABORA","4.750","5.622","0","10.372","680","1080","1151","1160","936","885","801","825","917","1935","0","2"
"2023","AUTORIDADES TERRITORIALES","16","BOGOTA D.C.","001","BOGOTA. D.C.","10","38","EL MORISCO","2.348","2.859","0","5.207","334","335","435","462","562","600","532","473","404","1068","0","2"
"2023","AUTORIDADES TERRITORIALES","16","BOGOTA D.C.","001","BOGOTA. D.C.","10","39","LOS CEREZOS","2.611","2.873","0","5.484","31","642","675","704","466","449","451","439","454","1173","0","0"
"2023","AUTORIDADES TERRITORIALES","16","BOGOTA D.C.","001","BOGOTA. D.C.","10","40","CIUDADELA COLSUBSIDIO","7.504","9.237","0","16.741","0","107","1689","2047","1429","1463","1383","1433","1902","5288","0","0"
"2023","AUTORIDADES TERRITORIALES","16","BOGOTA D.C.","001","BOGOTA. D.C.","10","41","FERIAS II","2.942","3.330","0","6.272","478","1104","628","580","609","575","452","430","414","1001","0","1"
"2023","AUTORIDADES TERRITORIALES","16","BOGOTA D.C.","001","BOGOTA. D.C.","10","42","EL MUELLE","7.808","8.818","0","16.626","747","2300","1935","2237","1744","1437","1185","1131","1157","2753","0","0"
"2023","AUTORIDADES TERRITORIALES","16","BOGOTA D.C.","001","BOGOTA. D.C.","10","43","LA CABAÑA","2.107","2.329","0","4.436","126","279","734","418","375","456","366","379","383","920","0","0"
"2023","AUTORIDADES TERRITORIALES","16","BOGOTA D.C.","001","BOGOTA. D.C.","10","44","TISQUESUSA","732","907","0","1.639","0","9","89","116","155","191","168","172","186","553","0","0"
"2023","AUTORIDADES TERRITORIALES","16","BOGOTA D.C.","001","BOGOTA. D.C.","10","45","SANTA CECILIA","1.365","1.809","0","3.174","0","21","166","307","367","382","350","270","277","1034","0","0"
"2023","AUTORIDADES TERRITORIALES","16","BOGOTA D.C.","001","BOGOTA. D.C.","10","46","PLAZUELAS DEL VIRREY","2.977","3.815","0","6.792","21","653","529","869","727","653","510","570","631","1629","0","0"
"2023","AUTORIDADES TERRITORIALES","16","BOGOTA D.C.","001","BOGOTA. D.C.","10","47","CIUDAD DE HONDA","880","1.032","0","1.912","51","91","130","157","185","241","186","173","189","509","0","0"
"2023","AUTORIDADES TERRITORIALES","16","BOGOTA D.C.","001","BOGOTA. D.C.","10","48","ZARZAMORA","2.599","3.286","0","5.885","4","418","424","491","580","646","569","495","511","1747","0","0"
"2023","AUTORIDADES TERRITORIALES","16","BOGOTA D.C.","001","BOGOTA. D.C.","10","49","VILLA CONSTANZA","1.062","1.206","0","2.268","0","53","238","262","251","245","226","232","264","497","0","0"
"2023","AUTORIDADES TERRITORIALES","16","BOGOTA D.C.","001","BOGOTA. D.C.","10","50","MORTIÑO","1.144","1.325","0","2.469","7","237","496","285","217","237","171","186","208","425","0","0"
"2023","AUTORIDADES TERRITORIALES","16","BOGOTA D.C.","001","BOGOTA. D.C.","10","51","PALO BLANCO","1.107","1.214","0","2.321","202","572","233","212","233","215","163","125","120","245","0","1"
"2023","AUTORIDADES TERRITORIALES","16","BOGOTA D.C.","001","BOGOTA. D.C.","10","52","SAN JOAQUIN","624","762","0","1.386","115","287","137","127","156","130","97","93","92","152","0","0"
"2023","AUTORIDADES TERRITORIALES","16","BOGOTA D.C.","001","BOGOTA. D.C.","10","53","PRIMAVERA","1.088","1.279","0","2.367","172","511","290","231","214","198","161","154","155","281","0","0"
"2023","AUTORIDADES TERRITORIALES","16","BOGOTA D.C.","001","BOGOTA. D.C.","10","54","BOLIVIA","3.940","5.009","0","8.949","717","1647","942","759","795","757","679","563","646","1437","0","7"
"2023","AUTORIDADES TERRITORIALES","16","BOGOTA D.C.","001","BOGOTA. D.C.","10","55","GRAN GRANADA","7.820","9.602","0","17.422","1449","2869","1509","1783","2130","1880","1412","1086","952","2348","0","4"
"2023","AUTORIDADES TERRITORIALES","16","BOGOTA D.C.","001","BOGOTA. D.C.","10","56","EL CEDRO","970","1.265","0","2.235","116","514","216","199","200","205","174","158","144","309","0","0"
"2023","AUTORIDADES TERRITORIALES","16","BOGOTA D.C.","001","BOGOTA. D.C.","10","57","TORQUIGUA","4.445","4.779","0","9.224","1045","3028","1106","664","737","633","489","462","387","672","0","1"
"2023","AUTORIDADES TERRITORIALES","16","BOGOTA D.C.","001","BOGOTA. D.C.","10","58","ALMAZAN ENGATIVA","6.228","7.264","0","13.492","2206","3654","1066","1098","1209","1139","810","690","586","1033","0","1"
"2023","AUTORIDADES TERRITORIALES","16","BOGOTA D.C.","001","BOGOTA. D.C.","10","59","UNICENTRO DE OCCIDENTE","4.699","6.074","0","10.773","954","1541","1090","1139","1113","1028","747","703","778","1679","0","1"
"2023","AUTORIDADES TERRITORIALES","16","BOGOTA D.C.","001","BOGOTA. D.C.","10","60","SALON COMUNAL ALAMOS","676","779","0","1.455","265","259","155","138","111","92","87","87","94","164","0","3"
"2023","AUTORIDADES TERRITORIALES","16","BOGOTA D.C.","001","BOGOTA. D.C.","10","61","LEON VALENCIA","170","221","0","391","25","61","48","41","50","30","45","24","24","41","0","2"
"2023","AUTORIDADES TERRITORIALES","16","BOGOTA D.C.","001","BOGOTA. D.C.","10","62","LA CLARITA","897","1.156","0","2.053","301","259","153","161","186","181","140","143","152","376","0","1"
"2023","AUTORIDADES TERRITORIALES","16","BOGOTA D.C.","001","BOGOTA. D.C.","10","63","CENTRO EDUCATIVO SCALAS","497","601","0","1.098","129","158","118","134","131","86","78","77","61","126","0","0"
"2023","AUTORIDADES TERRITORIALES","16","BOGOTA D.C.","001","BOGOTA. D.C.","10","64","NACIONES UNIDAS SEDE B","375","463","0","838","84","83","91","85","77","99","66","59","65","128","0","1"
"2023","AUTORIDADES TERRITORIALES","16","BOGOTA D.C.","001","BOGOTA. D.C.","10","65","COLEGIO NORTE ADVENTISTA","306","329","0","635","49","78","67","75","78","61","63","32","43","88","0","1"
"2023","AUTORIDADES TERRITORIALES","16","BOGOTA D.C.","001","BOGOTA. D.C.","10","66","ALCALA SEDE B","335","378","0","713","115","154","71","67","57","64","36","45","37","66","0","1"
"2023","AUTORIDADES TERRITORIALES","16","BOGOTA D.C.","001","BOGOTA. D.C.","10","67","DIVERPLAZA","6.782","8.263","0","15.045","2517","2631","1749","1620","1409","1235","955","864","692","1365","0","8"
"2023","AUTORIDADES TERRITORIALES","16","BOGOTA D.C.","001","BOGOTA. D.C.","10","68","MARGARITA BOSCO","1.323","1.865","0","3.188","321","308","298","275","304","396","279","232","223","549","0","3"
"2023","AUTORIDADES TERRITORIALES","16","BOGOTA D.C.","001","BOGOTA. D.C.","10","69","COLEGIO COPES","729","1.048","0","1.777","140","247","216","199","157","146","139","133","125","275","0","0"
"2023","AUTORIDADES TERRITORIALES","16","BOGOTA D.C.","001","BOGOTA. D.C.","10","70","SOLEDAD NORTE","305","409","0","714","144","56","89","72","77","64","45","46","45","76","0","0"
"2023","AUTORIDADES TERRITORIALES","16","BOGOTA D.C.","001","BOGOTA. D.C.","10","71","SIDAUTO","88","110","0","198","54","18","25","25","16","11","11","10","12","16","0","0"
"2023","AUTORIDADES TERRITORIALES","16","BOGOTA D.C.","001","BOGOTA. D.C.","10","72","PARIS GAITAN","408","483","0","891","122","88","103","111","106","77","49","63","53","119","0","0"
"2023","AUTORIDADES TERRITORIALES","16","BOGOTA D.C.","001","BOGOTA. D.C.","10","73","LA PALESTINA","500","617","0","1.117","152","124","125","120","111","102","88","84","63","147","0","1"
"2023","AUTORIDADES TERRITORIALES","16","BOGOTA D.C.","001","BOGOTA. D.C.","10","74","EL ENCANTO","1.276","1.536","0","2.812","387","286","341","327","291","263","194","181","180","362","0","0"
"2023","AUTORIDADES TERRITORIALES","16","BOGOTA D.C.","001","BOGOTA. D.C.","10","75","EL REAL","419","494","0","913","244","71","106","69","94","85","64","46","47","87","0","0"
"2023","AUTORIDADES TERRITORIALES","16","BOGOTA D.C.","001","BOGOTA. D.C.","10","76","SALON COMUNAL PROTECHO VILLA AMALIA","1.677","1.999","0","3.676","774","353","427","399","386","343","259","198","193","342","0","2"
"2023","AUTORIDADES TERRITORIALES","16","BOGOTA D.C.","001","BOGOTA. D.C.","10","77","COLEGIO LESTONAC","452","528","0","980","184","96","124","95","109","95","76","62","61","78","0","0"
"2023","AUTORIDADES TERRITORIALES","16","BOGOTA D.C.","001","BOGOTA. D.C.","10","78","COMUNIDAD COLEGIO FE Y ALEGRIA","383","478","0","861","115","94","135","94","102","87","56","59","27","90","0","2"
"2023","AUTORIDADES TERRITORIALES","16","BOGOTA D.C.","001","BOGOTA. D.C.","10","79","CENTRO COMERCIAL PUNTO 72","1.031","1.198","0","2.229","324","233","374","316","244","225","124","108","108","172","0","1"
"2023","AUTORIDADES TERRITORIALES","16","BOGOTA D.C.","001","BOGOTA. D.C.","10","80","UNIMINUTO ESCUELA DE CONVENCIONES","645","738","0","1.383","390","111","163","167","112","104","80","83","60","111","0","2"
"2023","AUTORIDADES TERRITORIALES","16","BOGOTA D.C.","001","BOGOTA. D.C.","10","81","PARQUE SAN ANDRES","1.366","1.782","0","3.148","385","272","365","389","314","316","216","210","213","468","0","0"
"2023","AUTORIDADES TERRITORIALES","16","BOGOTA D.C.","001","BOGOTA. D.C.","10","82","SALON COMUNAL EL VERDUM","314","354","0","668","102","34","56","70","57","73","52","58","57","109","0","0"
"2023","AUTORIDADES TERRITORIALES","16","BOGOTA D.C.","001","BOGOTA. D.C.","10","83","LA FAENA","318","380","0","698","227","49","62","62","63","57","38","36","37","66","0","1"
"2023","AUTORIDADES TERRITORIALES","16","BOGOTA D.C.","001","BOGOTA. D.C.","10","84","BOSQUES DE MARIANA","344","474","0","818","146","53","83","71","88","64","63","52","61","137","0","0"
"2023","AUTORIDADES TERRITORIALES","16","BOGOTA D.C.","001","BOGOTA. D.C.","10","85","CENTRO COMERCIAL NUESTRO BOGOTA","1.073","1.300","0","2.373","510","195","299","233","201","218","187","159","133","235","0","3"
"2023","AUTORIDADES TERRITORIALES","16","BOGOTA D.C.","001","BOGOTA. D.C.","10","86","UNIVERSIDAD UDCA","266","339","0","605","53","41","75","72","91","80","48","44","34","67","0","0"
"2023","AUTORIDADES TERRITORIALES","16","BOGOTA D.C.","001","BOGOTA. D.C.","10","87","GIMNASIO SANTA MARIA DEL ALCAZAR","134","176","0","310","35","35","36","28","31","28","29","18","22","48","0","0"
"2023","AUTORIDADES TERRITORIALES","16","BOGOTA D.C.","001","BOGOTA. D.C.","10","88","COLEGIO RR OBLATAS AL DIVINO AMOR","195","210","0","405","39","33","41","54","35","38","38","31","30","65","0","1"
"2023","AUTORIDADES TERRITORIALES","16","BOGOTA D.C.","001","BOGOTA. D.C.","11","01","PARQUE FUNDACIONAL DE SUBA","15.138","16.343","0","31.481","8","75","4244","5057","3130","1647","2795","4496","2694","7335","0","0"
"2023","AUTORIDADES TERRITORIALES","16","BOGOTA D.C.","001","BOGOTA. D.C.","11","02","COLEGIO SAN JOSE DE CALASANZ","5.133","5.613","0","10.746","14","48","1298","1219","820","833","959","1164","1183","3208","0","0"
"2023","AUTORIDADES TERRITORIALES","16","BOGOTA D.C.","001","BOGOTA. D.C.","11","03","VILLA ELISA SEDE C - IED","3.975","4.332","0","8.307","3","32","604","767","688","919","995","1000","933","2366","0","0"
"2023","AUTORIDADES TERRITORIALES","16","BOGOTA D.C.","001","BOGOTA. D.C.","11","04","GERARDO PAREDES - IED","10.119","10.799","0","20.918","8","247","5758","3481","2453","1257","1452","1400","1404","3458","0","0"
"2023","AUTORIDADES TERRITORIALES","16","BOGOTA D.C.","001","BOGOTA. D.C.","11","05","ALBERTO LLERAS CAMARGO - IED","6.955","8.547","0","15.502","2","64","2097","1797","1592","1156","1231","1333","1586","4644","0","0"
"2023","AUTORIDADES TERRITORIALES","16","BOGOTA D.C.","001","BOGOTA. D.C.","11","06","TIBABUYES UNIVERSAL SEDE A - IED","5.315","6.584","0","11.899","497","317","1586","999","882","973","985","1154","1225","3281","0","0"
"2023","AUTORIDADES TERRITORIALES","16","BOGOTA D.C.","001","BOGOTA. D.C.","11","07","CASABLANCA SUBA","2.151","2.182","0","4.333","0","463","754","471","391","387","337","327","330","873","0","0"
"2023","AUTORIDADES TERRITORIALES","16","BOGOTA D.C.","001","BOGOTA. D.C.","11","08","VILLA DEL PRADO UNIAGRARIA","6.329","7.847","0","14.176","0","146","1044","1228","1301","1293","1219","1191","1341","5413","0","0"
"2023","AUTORIDADES TERRITORIALES","16","BOGOTA D.C.","001","BOGOTA. D.C.","11","09","PRADO PINZON","3.641","4.291","0","7.932","0","898","759","716","745","622","641","643","744","2164","0","0"
"2023","AUTORIDADES TERRITORIALES","16","BOGOTA D.C.","001","BOGOTA. D.C.","11","10","PRADO CIUDAD JARDIN","3.280","3.628","0","6.908","0","55","957","958","604","510","502","646","738","1938","0","0"
"2023","AUTORIDADES TERRITORIALES","16","BOGOTA D.C.","001","BOGOTA. D.C.","11","11","CENTRO COMERCIAL BULEVAR NIZA","8.186","9.620","0","17.806","0","112","1061","2993","1075","1167","1468","1649","1801","6480","0","0"
"2023","AUTORIDADES TERRITORIALES","16","BOGOTA D.C.","001","BOGOTA. D.C.","11","12","PONTEVEDRA","4.890","6.071","0","10.961","0","942","1143","1225","740","893","920","917","1009","3172","0","0"
"2023","AUTORIDADES TERRITORIALES","16","BOGOTA D.C.","001","BOGOTA. D.C.","11","13","SAN NICOLAS-AGUSTINIANO NORTE","3.581","4.574","0","8.155","0","424","471","1009","446","513","610","721","866","3095","0","0"
"2023","AUTORIDADES TERRITORIALES","16","BOGOTA D.C.","001","BOGOTA. D.C.","11","14","LA CONEJERA","1.328","1.311","0","2.639","109","1000","520","165","183","168","128","100","104","162","0","0"
"2023","AUTORIDADES TERRITORIALES","16","BOGOTA D.C.","001","BOGOTA. D.C.","11","15","PRADO VERANIEGO","4.806","4.854","0","9.660","0","135","1273","2069","702","538","686","778","897","2582","0","0"
"2023","AUTORIDADES TERRITORIALES","16","BOGOTA D.C.","001","BOGOTA. D.C.","11","16","NIZA IX","3.159","3.942","0","7.101","0","394","546","1107","507","548","597","570","626","2206","0","0"
"2023","AUTORIDADES TERRITORIALES","16","BOGOTA D.C.","001","BOGOTA. D.C.","11","17","LA ALHAMBRA CARULLA","5.960","7.579","0","13.539","0","59","576","985","952","1307","1352","1248","1289","5771","0","0"
"2023","AUTORIDADES TERRITORIALES","16","BOGOTA D.C.","001","BOGOTA. D.C.","11","18","PUENTE LARGO-EMMANUEL D.ALZON","4.596","5.622","0","10.218","345","1040","813","1082","963","1001","841","737","772","2610","0","14"
"2023","AUTORIDADES TERRITORIALES","16","BOGOTA D.C.","001","BOGOTA. D.C.","11","19","FLORESTA NORTE-JULIO FLOREZ","3.569","4.370","0","7.939","0","354","602","637","583","700","685","739","769","2870","0","0"
"2023","AUTORIDADES TERRITORIALES","16","BOGOTA D.C.","001","BOGOTA. D.C.","11","20","PASADENA-LOS TRES ELEFANTES","3.481","4.496","0","7.977","0","143","577","566","554","665","551","675","898","3348","0","0"
"2023","AUTORIDADES TERRITORIALES","16","BOGOTA D.C.","001","BOGOTA. D.C.","11","21","NUEVA ZELANDIA","3.771","4.743","0","8.514","0","968","899","804","793","864","805","759","740","1882","0","0"
"2023","AUTORIDADES TERRITORIALES","16","BOGOTA D.C.","001","BOGOTA. D.C.","11","22","EL SALITRE SEDE C - IED","5.163","6.352","0","11.515","0","202","1106","1089","1176","1164","1125","1170","1222","3261","0","0"
"2023","AUTORIDADES TERRITORIALES","16","BOGOTA D.C.","001","BOGOTA. D.C.","11","23","SAN CIPRIANO","3.386","4.003","0","7.389","0","107","1145","896","677","618","638","737","687","1884","0","0"
"2023","AUTORIDADES TERRITORIALES","16","BOGOTA D.C.","001","BOGOTA. D.C.","11","24","FUNDACION UNIVERSITARIA LUIS AMIGO","3.040","3.583","0","6.623","365","702","556","517","1335","479","428","402","444","1384","0","11"
"2023","AUTORIDADES TERRITORIALES","16","BOGOTA D.C.","001","BOGOTA. D.C.","11","25","LA GAITANA SEDE A - IED","6.535","7.113","0","13.648","0","160","4035","2159","1696","841","968","919","860","2010","0","0"
"2023","AUTORIDADES TERRITORIALES","16","BOGOTA D.C.","001","BOGOTA. D.C.","11","26","DON BOSCO - IED","7.433","9.274","0","16.707","0","30","2158","2225","1559","1398","1458","1802","2020","4057","0","0"
"2023","AUTORIDADES TERRITORIALES","16","BOGOTA D.C.","001","BOGOTA. D.C.","11","27","COLEGIO HIJAS DE CRISTO REY","7.648","10.086","0","17.734","0","47","2248","1716","1341","1322","1434","1416","1738","6472","0","0"
"2023","AUTORIDADES TERRITORIALES","16","BOGOTA D.C.","001","BOGOTA. D.C.","11","28","CENTRO COMERCIAL MAZUREN","5.457","7.361","0","12.818","0","191","1426","926","929","1126","1201","1215","1289","4515","0","0"
"2023","AUTORIDADES TERRITORIALES","16","BOGOTA D.C.","001","BOGOTA. D.C.","11","29","TEJARES NORTE","3.564","4.629","0","8.193","0","273","733","724","645","779","690","656","847","2846","0","0"
"2023","AUTORIDADES TERRITORIALES","16","BOGOTA D.C.","001","BOGOTA. D.C.","11","30","COLEGIO CELESTIN FREINET","3.378","4.339","0","7.717","0","269","1164","703","730","785","760","794","826","1686","0","0"
"2023","AUTORIDADES TERRITORIALES","16","BOGOTA D.C.","001","BOGOTA. D.C.","11","31","ALVARO GOMEZ HURTADO SEDE A - IED","7.700","8.866","0","16.566","0","146","3451","2625","2154","1194","1109","1056","1356","3475","0","0"
"2023","AUTORIDADES TERRITORIALES","16","BOGOTA D.C.","001","BOGOTA. D.C.","11","32","DELIA ZAPATA OLIVELLA - IED","4.662","5.803","0","10.465","253","229","2364","1334","852","896","904","994","953","1684","0","2"
"2023","AUTORIDADES TERRITORIALES","16","BOGOTA D.C.","001","BOGOTA. D.C.","11","33","HUNZA SEDE B - IED","1.478","1.792","0","3.270","0","51","327","391","348","449","398","336","315","655","0","0"
"2023","AUTORIDADES TERRITORIALES","16","BOGOTA D.C.","001","BOGOTA. D.C.","11","34","VILLA ELISA SEDE A - IED","2.409","2.901","0","5.310","0","126","712","412","549","706","556","486","512","1251","0","0"
"2023","AUTORIDADES TERRITORIALES","16","BOGOTA D.C.","001","BOGOTA. D.C.","11","35","REPUBLICA DOMINICANA SEDE A - IED","6.340","7.827","0","14.167","133","2876","1265","1261","1413","1439","1170","1149","1158","2303","0","0"
"2023","AUTORIDADES TERRITORIALES","16","BOGOTA D.C.","001","BOGOTA. D.C.","11","36","LA TOSCANA LISBOA SEDE B - IED","4.821","5.598","0","10.419","0","153","2561","1391","1117","813","800","924","1010","1650","0","0"
"2023","AUTORIDADES TERRITORIALES","16","BOGOTA D.C.","001","BOGOTA. D.C.","11","37","UNIVERSIDAD UDCA","600","613","0","1.213","73","269","131","96","62","123","114","105","85","152","0","3"
"2023","AUTORIDADES TERRITORIALES","16","BOGOTA D.C.","001","BOGOTA. D.C.","11","38","COLEGIO LA KHUMBRE","962","984","0","1.946","58","511","186","71","69","148","186","210","148","356","0","3"
"2023","AUTORIDADES TERRITORIALES","16","BOGOTA D.C.","001","BOGOTA. D.C.","11","39","PRADO SUR","3.422","3.929","0","7.351","395","1588","948","719","694","641","498","410","449","1002","0","7"
"2023","AUTORIDADES TERRITORIALES","16","BOGOTA D.C.","001","BOGOTA. D.C.","11","40","CENTRO COMERCIAL FIESTA SUBA","5.262","6.703","0","11.965","0","1326","3927","693","771","960","841","768","797","1882","0","0"
"2023","AUTORIDADES TERRITORIALES","16","BOGOTA D.C.","001","BOGOTA. D.C.","11","41","NICOLAS BUENAVENTURA - IED","5.242","6.347","0","11.589","117","3265","1973","940","889","1015","808","713","600","1269","0","0"
"2023","AUTORIDADES TERRITORIALES","16","BOGOTA D.C.","001","BOGOTA. D.C.","11","42","SALON COMUNAL SAN FRANCISCO","891","857","0","1.748","6","604","188","147","139","156","106","110","95","197","0","0"
"2023","AUTORIDADES TERRITORIALES","16","BOGOTA D.C.","001","BOGOTA. D.C.","11","43","FUNDACION SAN FELIPE NERI","705","751","0","1.456","43","230","163","162","166","176","131","103","100","182","0","0"
"2023","AUTORIDADES TERRITORIALES","16","BOGOTA D.C.","001","BOGOTA. D.C.","11","44","SIMON BOLIVAR - IED","3.353","4.208","0","7.561","107","2062","549","604","703","754","618","557","486","1121","0","0"
"2023","AUTORIDADES TERRITORIALES","16","BOGOTA D.C.","001","BOGOTA. D.C.","11","45","COLEGIO EUCARISTICO MERCEDARIO","3.095","4.267","0","7.362","117","1817","601","680","739","783","585","505","474","1060","0","1"
"2023","AUTORIDADES TERRITORIALES","16","BOGOTA D.C.","001","BOGOTA. D.C.","11","46","RAMON DE ZUBIRIA SEDE B - IED","1.488","1.683","0","3.171","300","766","271","361","340","303","241","192","149","247","0","1"
"2023","AUTORIDADES TERRITORIALES","16","BOGOTA D.C.","001","BOGOTA. D.C.","11","47","RAMON DE ZUBIRIA SEDE A - IED","4.958","5.687","0","10.645","1019","4255","1036","846","820","771","578","438","332","549","0","1"
"2023","AUTORIDADES TERRITORIALES","16","BOGOTA D.C.","001","BOGOTA. D.C.","11","48","VIRGINIA GUTIERREZ DE PINEDA - IED","2.538","2.912","0","5.450","455","1704","678","462","464","492","373","230","201","391","0","0"
"2023","AUTORIDADES TERRITORIALES","16","BOGOTA D.C.","001","BOGOTA. D.C.","11","49","GONZALO ARANGO - IED","3.301","4.081","0","7.382","766","1729","648","727","786","734","543","404","351","694","0","0"
"2023","AUTORIDADES TERRITORIALES","16","BOGOTA D.C.","001","BOGOTA. D.C.","11","50","NUEVA COLOMBIA - IED","3.702","4.345","0","8.047","789","2575","826","688","658","677","454","349","301","729","0","1"
"2023","AUTORIDADES TERRITORIALES","16","BOGOTA D.C.","001","BOGOTA. D.C.","11","51","FE Y ALEGRIA JOSE MARIA VELAZ - IED","4.821","5.808","0","10.629","1012","3802","1085","957","858","797","617","514","405","582","0","0"
"2023","AUTORIDADES TERRITORIALES","16","BOGOTA D.C.","001","BOGOTA. D.C.","11","52","COLEGIO PEDAGOGICO DULCE MARIA","3.970","4.782","0","8.752","155","3066","853","681","692","785","631","532","454","903","0","0"
"2023","AUTORIDADES TERRITORIALES","16","BOGOTA D.C.","001","BOGOTA. D.C.","11","53","COMPARTIR SEDE A - IED","6.596","8.934","0","15.530","798","3543","1549","1344","1256","1341","1221","1204","1103","2171","0","0"
"2023","AUTORIDADES TERRITORIALES","16","BOGOTA D.C.","001","BOGOTA. D.C.","11","54","GERARDO MOLINA RAMIREZ - IED","6.589","8.159","0","14.748","1971","4302","1226","1335","1226","1297","1000","815","606","970","0","0"
"2023","AUTORIDADES TERRITORIALES","16","BOGOTA D.C.","001","BOGOTA. D.C.","11","55","EL BATAN","1.882","2.506","0","4.388","0","470","406","421","549","512","334","285","314","1097","0","0"
"2023","AUTORIDADES TERRITORIALES","16","BOGOTA D.C.","001","BOGOTA. D.C.","11","56","NIZA CENTRO COMERCIAL NIZA","8.752","10.657","0","19.409","1245","3740","2001","1709","1658","1726","1472","1302","1272","3271","0","13"
"2023","AUTORIDADES TERRITORIALES","16","BOGOTA D.C.","001","BOGOTA. D.C.","11","57","CENTRO COMERCIAL PASEO SAN RAFAEL","6.938","9.422","0","16.360","1322","1442","1531","1533","1676","1725","1424","1224","1161","3296","0","26"
"2023","AUTORIDADES TERRITORIALES","16","BOGOTA D.C.","001","BOGOTA. D.C.","11","58","ALMACEN ÉXITO LA COLINA","7.903","10.308","0","18.211","1147","3747","1716","1542","1468","1620","1422","1296","1238","3011","0","4"
"2023","AUTORIDADES TERRITORIALES","16","BOGOTA D.C.","001","BOGOTA. D.C.","11","59","CARULLA RINCON DE LA COLINA","2.987","4.314","0","7.301","0","669","511","464","570","810","822","731","678","2046","0","0"
"2023","AUTORIDADES TERRITORIALES","16","BOGOTA D.C.","001","BOGOTA. D.C.","11","60","COLSUBSIDIO MAZUREN","3.768","5.063","0","8.831","0","1053","830","886","987","972","763","718","692","1930","0","0"
"2023","AUTORIDADES TERRITORIALES","16","BOGOTA D.C.","001","BOGOTA. D.C.","11","61","COLEGIO SANTA ISABEL DE HUNGRIA","2.537","3.362","0","5.899","187","907","564","512","555","552","500","474","479","1165","0","4"
"2023","AUTORIDADES TERRITORIALES","16","BOGOTA D.C.","001","BOGOTA. D.C.","11","62","BIBLIOTECA JULIO MARIO SANTODOMINGO","4.156","5.215","0","9.371","0","1612","1023","829","820","970","771","796","749","1801","0","0"
"2023","AUTORIDADES TERRITORIALES","16","BOGOTA D.C.","001","BOGOTA. D.C.","11","63","COLEGIO RAFAEL MAYA","1.373","1.458","0","2.831","28","836","253","367","331","307","201","142","147","219","0","0"
"2023","AUTORIDADES TERRITORIALES","16","BOGOTA D.C.","001","BOGOTA. D.C.","11","64","SALON COMUNAL SANTA CECILIA","1.820","1.980","0","3.800","330","1167","368","402","348","294","197","196","188","310","0","0"
"2023","AUTORIDADES TERRITORIALES","16","BOGOTA D.C.","001","BOGOTA. D.C.","11","65","INSTITUTO SAN BASILIO","1.147","1.263","0","2.410","6","683","232","301","277","264","180","151","133","183","0","0"
"2023","AUTORIDADES TERRITORIALES","16","BOGOTA D.C.","001","BOGOTA. D.C.","11","66","FILARMONICO JORGE MARIO BERGOGLIO - IED","2.298","2.911","0","5.209","411","760","439","510","468","482","374","431","436","895","0","3"
"2023","AUTORIDADES TERRITORIALES","16","BOGOTA D.C.","001","BOGOTA. D.C.","11","67","VEINTIUN ANGELES SEDE A - IED","611","742","0","1.353","335","348","99","102","111","95","82","54","53","73","0","1"
"2023","AUTORIDADES TERRITORIALES","16","BOGOTA D.C.","001","BOGOTA. D.C.","11","68","CHORRILLOS","206","188","0","394","102","141","25","24","16","11","20","20","11","24","0","0"
"2023","AUTORIDADES TERRITORIALES","16","BOGOTA D.C.","001","BOGOTA. D.C.","11","69","HUNZA SEDE A - IED","534","625","0","1.159","228","262","118","126","123","103","72","48","40","39","0","0"
"2023","AUTORIDADES TERRITORIALES","16","BOGOTA D.C.","001","BOGOTA. D.C.","11","70","COLEGIO MAXIMINO POITIERS","3.926","5.265","0","9.191","756","1027","858","1086","1063","1083","797","667","625","1219","0","10"
"2023","AUTORIDADES TERRITORIALES","16","BOGOTA D.C.","001","BOGOTA. D.C.","11","71","SALON COMUNAL AURES II","1.716","2.048","0","3.764","546","821","341","425","340","311","213","186","193","388","0","0"
"2023","AUTORIDADES TERRITORIALES","16","BOGOTA D.C.","001","BOGOTA. D.C.","11","72","SALON COMUNAL VILLA MARIA","1.021","1.093","0","2.114","113","959","134","171","160","142","101","74","81","179","0","0"
"2023","AUTORIDADES TERRITORIALES","16","BOGOTA D.C.","001","BOGOTA. D.C.","11","73","SALON COMUNAL VILLA CINDY","749","870","0","1.619","186","339","164","171","150","132","105","113","95","164","0","0"
"2023","AUTORIDADES TERRITORIALES","16","BOGOTA D.C.","001","BOGOTA. D.C.","11","74","FLORESTA OUTLET","2.663","3.370","0","6.033","514","690","546","608","662","691","594","448","399","878","0","3"
"2023","AUTORIDADES TERRITORIALES","16","BOGOTA D.C.","001","BOGOTA. D.C.","11","75","COLEGIO JOHN DEWEY","706","809","0","1.515","104","155","135","188","195","181","115","85","100","250","0","7"
"2023","AUTORIDADES TERRITORIALES","16","BOGOTA D.C.","001","BOGOTA. D.C.","11","76","COLEGIO CARO Y CUERVO","1.953","2.474","0","4.427","283","505","433","508","497","439","323","297","326","806","0","10"
"2023","AUTORIDADES TERRITORIALES","16","BOGOTA D.C.","001","BOGOTA. D.C.","11","77","CC PORTOALEGRE","988","1.204","0","2.192","100","744","147","138","123","170","144","124","134","365","0","3"
"2023","AUTORIDADES TERRITORIALES","16","BOGOTA D.C.","001","BOGOTA. D.C.","11","78","CC PARQUE LA COLINA","8.633","10.761","0","19.394","2861","3447","1813","2021","1823","1617","1319","1213","1043","2228","0","9"
"2023","AUTORIDADES TERRITORIALES","16","BOGOTA D.C.","001","BOGOTA. D.C.","11","79","ARTURO CALLE TORRE EMPRESARIAL","2.209","2.819","0","5.028","1022","284","421","519","490","492","391","316","312","762","0","19"
"2023","AUTORIDADES TERRITORIALES","16","BOGOTA D.C.","001","BOGOTA. D.C.","11","80","COLEGIO MARYMOUNT","1.539","1.896","0","3.435","438","398","266","273","278","318","317","335","249","558","0","5"
"2023","AUTORIDADES TERRITORIALES","16","BOGOTA D.C.","001","BOGOTA. D.C.","11","81","SAN JOSE BAVARIA-ABRAHAM LINCOLN","1.614","1.919","0","3.533","398","598","335","322","330","280","266","239","220","536","0","9"
"2023","AUTORIDADES TERRITORIALES","16","BOGOTA D.C.","001","BOGOTA. D.C.","11","82","COLEGIO DEL BOSQUE","303","289","0","592","58","105","48","84","51","56","34","37","35","82","0","2"
"2023","AUTORIDADES TERRITORIALES","16","BOGOTA D.C.","001","BOGOTA. D.C.","11","83","COLEGIO SANTIAGO ALBERIONI","442","677","0","1.119","38","119","86","106","104","125","101","94","92","251","0","3"
"2023","AUTORIDADES TERRITORIALES","16","BOGOTA D.C.","001","BOGOTA. D.C.","11","84","COLEGIO VISTA BELLA","1.303","1.651","0","2.954","196","406","300","352","308","278","244","216","204","449","0","1"
"2023","AUTORIDADES TERRITORIALES","16","BOGOTA D.C.","001","BOGOTA. D.C.","11","85","MIRANDELA - NUEVA ZELANDIA","2.017","2.459","0","4.476","465","616","447","507","428","357","309","333","304","697","0","13"
"2023","AUTORIDADES TERRITORIALES","16","BOGOTA D.C.","001","BOGOTA. D.C.","11","86","CENTRO COMERCIAL SANTAFE","5.516","6.752","0","12.268","1265","1829","1370","1344","1170","1082","896","780","742","1784","0","6"
"2023","AUTORIDADES TERRITORIALES","16","BOGOTA D.C.","001","BOGOTA. D.C.","11","87","TIBABUYES UNIVERSAL SEDE B - IED","868","949","0","1.817","548","163","162","176","166","136","121","98","79","168","0","0"
"2023","AUTORIDADES TERRITORIALES","16","BOGOTA D.C.","001","BOGOTA. D.C.","11","88","LA TOSCANA LISBOA SEDE A - IED","1.522","1.742","0","3.264","1176","321","413","422","286","220","123","117","74","112","0","0"
"2023","AUTORIDADES TERRITORIALES","16","BOGOTA D.C.","001","BOGOTA. D.C.","11","89","CENTRO COMERCIAL CENTRO SUBA","8.110","9.563","0","17.673","4916","1634","1913","1933","1609","1464","1063","883","736","1518","0","4"
"2023","AUTORIDADES TERRITORIALES","16","BOGOTA D.C.","001","BOGOTA. D.C.","11","90","ALVARO GOMEZ HURTADO SEDE B - IED","619","756","0","1.375","248","107","141","179","162","144","103","71","85","135","0","0"
"2023","AUTORIDADES TERRITORIALES","16","BOGOTA D.C.","001","BOGOTA. D.C.","11","91","JUAN LOZANO Y LOZANO SEDE B - IED","1.263","1.564","0","2.827","436","277","352","367","301","284","209","147","140","312","0","2"
"2023","AUTORIDADES TERRITORIALES","16","BOGOTA D.C.","001","BOGOTA. D.C.","11","92","LA GAITANA SEDE B - IED","1.513","1.589","0","3.102","1027","302","355","394","294","211","144","117","116","141","0","1"
"2023","AUTORIDADES TERRITORIALES","16","BOGOTA D.C.","001","BOGOTA. D.C.","11","93","LICEO ARKADIA","159","198","0","357","49","35","35","55","38","46","37","23","11","28","0","0"
"2023","AUTORIDADES TERRITORIALES","16","BOGOTA D.C.","001","BOGOTA. D.C.","11","94","REPUBLICA DOMINICANA SEDE B - IED","1.140","1.463","0","2.603","578","203","266","326","258","190","171","160","168","282","0","1"
"2023","AUTORIDADES TERRITORIALES","16","BOGOTA D.C.","001","BOGOTA. D.C.","11","95","CENTRO COMERCIAL PLAZA IMPERIAL","7.826","9.779","0","17.605","3879","1708","1973","1946","1661","1520","1185","967","903","1863","0","0"
"2023","AUTORIDADES TERRITORIALES","16","BOGOTA D.C.","001","BOGOTA. D.C.","11","96","SALON COMUNAL EL SOLAR","622","827","0","1.449","150","104","137","193","149","152","117","109","112","226","0","0"
"2023","AUTORIDADES TERRITORIALES","16","BOGOTA D.C.","001","BOGOTA. D.C.","11","97","SALON COMUNAL SAN PEDRO DE TIBABUYES","520","545","0","1.065","362","85","125","128","115","71","50","50","34","44","0","1"
"2023","AUTORIDADES TERRITORIALES","16","BOGOTA D.C.","001","BOGOTA. D.C.","11","98","SALON COMUNAL COMPARTIR 1","599","694","0","1.293","346","97","97","132","105","113","95","73","92","142","0","1"
"2023","AUTORIDADES TERRITORIALES","16","BOGOTA D.C.","001","BOGOTA. D.C.","11","99","COMPARTIR SEDE B IED","815","1.044","0","1.859","291","135","169","173","185","152","164","158","167","263","0","2"
"2023","AUTORIDADES TERRITORIALES","16","BOGOTA D.C.","001","BOGOTA. D.C.","11","A1","VILLA ELISA SEDE B IED","147","225","0","372","111","18","18","34","32","36","27","37","16","42","0","1"
"2023","AUTORIDADES TERRITORIALES","16","BOGOTA D.C.","001","BOGOTA. D.C.","11","A2","SALON COMUNAL CIUDAD JARDIN NORTE","391","459","0","850","86","64","81","94","90","100","80","73","55","121","0","6"
"2023","AUTORIDADES TERRITORIALES","16","BOGOTA D.C.","001","BOGOTA. D.C.","11","A3","CENTRO COMERCIAL BIMA","282","325","0","607","114","29","23","29","44","80","72","50","54","106","0","6"
"2023","AUTORIDADES TERRITORIALES","16","BOGOTA D.C.","001","BOGOTA. D.C.","11","A4","COLEGIO HELVETIA","521","667","0","1.188","102","98","122","113","125","155","81","80","95","199","0","18"
"2023","AUTORIDADES TERRITORIALES","16","BOGOTA D.C.","001","BOGOTA. D.C.","12","01","LA CASTELLANA","4.028","4.538","0","8.566","9","257","785","1213","1010","704","618","626","794","2550","0","0"
"2023","AUTORIDADES TERRITORIALES","16","BOGOTA D.C.","001","BOGOTA. D.C.","12","02","RIONEGRO","4.085","4.580","0","8.665","28","586","1005","1113","1118","717","622","632","674","2168","0","2"
"2023","AUTORIDADES TERRITORIALES","16","BOGOTA D.C.","001","BOGOTA. D.C.","12","03","PATRIA","1.275","1.352","0","2.627","29","194","239","422","299","150","160","165","237","732","0","0"
"2023","AUTORIDADES TERRITORIALES","16","BOGOTA D.C.","001","BOGOTA. D.C.","12","04","GAITAN","3.346","3.206","0","6.552","237","444","611","701","643","580","544","601","589","1602","0","0"
"2023","AUTORIDADES TERRITORIALES","16","BOGOTA D.C.","001","BOGOTA. D.C.","12","05","ENTRE RIOS","2.266","2.515","0","4.781","103","312","422","584","447","350","384","344","383","1447","0","5"
"2023","AUTORIDADES TERRITORIALES","16","BOGOTA D.C.","001","BOGOTA. D.C.","12","06","METROPOLIS","4.438","4.991","0","9.429","2","102","577","695","843","1034","1094","981","1038","3063","0","0"
"2023","AUTORIDADES TERRITORIALES","16","BOGOTA D.C.","001","BOGOTA. D.C.","12","07","SIMON BOLIVAR","5.495","5.905","0","11.400","29","822","1379","1312","1194","1008","948","994","1002","2711","0","1"
"2023","AUTORIDADES TERRITORIALES","16","BOGOTA D.C.","001","BOGOTA. D.C.","12","08","JOSE JOAQUIN VARGAS","4.704","5.283","0","9.987","175","1516","992","980","784","678","665","741","940","2516","0","0"
"2023","AUTORIDADES TERRITORIALES","16","BOGOTA D.C.","001","BOGOTA. D.C.","12","09","SAN FERNANDO","4.521","4.674","0","9.195","32","1018","1366","1082","956","598","559","602","734","2248","0","0"
"2023","AUTORIDADES TERRITORIALES","16","BOGOTA D.C.","001","BOGOTA. D.C.","12","10","POPULAR MODELO","4.707","5.766","0","10.473","15","812","991","928","891","936","999","965","946","2989","0","1"
"2023","AUTORIDADES TERRITORIALES","16","BOGOTA D.C.","001","BOGOTA. D.C.","12","11","12 DE OCTUBRE","2.161","2.033","0","4.194","145","386","504","514","380","282","281","333","336","1033","0","0"
"2023","AUTORIDADES TERRITORIALES","16","BOGOTA D.C.","001","BOGOTA. D.C.","12","12","SANTA SOFIA","2.477","2.554","0","5.031","90","336","498","518","768","346","373","351","399","1352","0","0"
"2023","AUTORIDADES TERRITORIALES","16","BOGOTA D.C.","001","BOGOTA. D.C.","12","13","POLO CLUB","2.233","2.705","0","4.938","0","145","231","292","508","321","390","430","487","2134","0","0"
"2023","AUTORIDADES TERRITORIALES","16","BOGOTA D.C.","001","BOGOTA. D.C.","12","14","SAN FELIPE","1.457","1.647","0","3.104","30","144","194","244","566","249","233","237","251","956","0","0"
"2023","AUTORIDADES TERRITORIALES","16","BOGOTA D.C.","001","BOGOTA. D.C.","12","15","LOS ALCAZARES","2.606","2.669","0","5.275","158","383","463","483","686","384","332","392","443","1548","0","3"
"2023","AUTORIDADES TERRITORIALES","16","BOGOTA D.C.","001","BOGOTA. D.C.","12","16","LA PAZ","1.854","1.559","0","3.413","58","207","253","312","437","334","307","313","333","858","0","1"
"2023","AUTORIDADES TERRITORIALES","16","BOGOTA D.C.","001","BOGOTA. D.C.","12","17","COLOMBIA","2.083","2.047","0","4.130","101","287","387","447","533","414","367","314","340","940","0","0"
"2023","AUTORIDADES TERRITORIALES","16","BOGOTA D.C.","001","BOGOTA. D.C.","12","18","LA MUEQUETA","1.190","1.207","0","2.397","1","92","150","214","298","214","217","231","255","725","0","0"
"2023","AUTORIDADES TERRITORIALES","16","BOGOTA D.C.","001","BOGOTA. D.C.","12","19","SIETE DE AGOSTO","3.830","3.985","0","7.815","267","747","871","882","755","596","510","555","631","2001","0","0"
"2023","AUTORIDADES TERRITORIALES","16","BOGOTA D.C.","001","BOGOTA. D.C.","12","20","BENJAMIN HERRERA","1.926","1.942","0","3.868","159","285","290","359","354","352","353","330","327","1059","0","0"
"2023","AUTORIDADES TERRITORIALES","16","BOGOTA D.C.","001","BOGOTA. D.C.","12","21","POLIDEPORTIVOPOLO","1.049","1.135","0","2.184","103","184","239","247","244","233","153","128","165","485","0","3"
"2023","AUTORIDADES TERRITORIALES","16","BOGOTA D.C.","001","BOGOTA. D.C.","12","22","ISERRA 100","3.293","3.874","0","7.167","452","709","861","968","834","754","518","463","479","1118","0","11"
"2023","AUTORIDADES TERRITORIALES","16","BOGOTA D.C.","001","BOGOTA. D.C.","12","23","SAN MIGUEL","528","683","0","1.211","161","125","97","121","130","126","96","76","81","198","0","0"
"2023","AUTORIDADES TERRITORIALES","16","BOGOTA D.C.","001","BOGOTA. D.C.","12","24","PLAZA DE LOS ARTESANOS","841","1.014","0","1.855","237","197","224","232","225","186","163","102","100","189","0","0"
"2023","AUTORIDADES TERRITORIALES","16","BOGOTA D.C.","001","BOGOTA. D.C.","12","25","CAFAM AV. 68","3.736","4.364","0","8.100","1312","921","823","840","764","696","576","492","465","1205","0","6"
"2023","AUTORIDADES TERRITORIALES","16","BOGOTA D.C.","001","BOGOTA. D.C.","12","26","JORGE ELIECER GAITAN SEDE B PRIMARIA","1.009","1.112","0","2.121","439","187","207","180","225","197","143","144","117","279","0","3"
"2023","AUTORIDADES TERRITORIALES","16","BOGOTA D.C.","001","BOGOTA. D.C.","12","27","REPUBLICA DE PANAMA SEDE C","343","439","0","782","144","80","100","93","64","63","51","53","42","92","0","0"
"2023","AUTORIDADES TERRITORIALES","16","BOGOTA D.C.","001","BOGOTA. D.C.","12","28","LORENCITA VILLEGAS DE SANTOS","82","119","0","201","27","14","22","24","17","23","21","10","15","28","0","0"
"2023","AUTORIDADES TERRITORIALES","16","BOGOTA D.C.","001","BOGOTA. D.C.","12","29","HELADIA MEJIA SEDE A","155","185","0","340","87","41","46","29","25","28","29","14","6","35","0","0"
"2023","AUTORIDADES TERRITORIALES","16","BOGOTA D.C.","001","BOGOTA. D.C.","12","30","DOMINGO FAUSTINO SARMIENTO SEDE B","335","366","0","701","115","68","79","89","75","67","47","33","40","88","0","0"
"2023","AUTORIDADES TERRITORIALES","16","BOGOTA D.C.","001","BOGOTA. D.C.","12","31","11 DE NOVIEMBRE","122","171","0","293","39","40","48","47","29","28","19","16","12","15","0","0"
"2023","AUTORIDADES TERRITORIALES","16","BOGOTA D.C.","001","BOGOTA. D.C.","12","32","RAFAEL BERNAL JIMENEZ SEDE A","63","82","0","145","20","11","17","13","14","12","18","11","9","20","0","0"
"2023","AUTORIDADES TERRITORIALES","16","BOGOTA D.C.","001","BOGOTA. D.C.","13","01","DIVINO SALVADOR","3.368","3.169","0","6.537","96","275","759","1082","908","467","441","477","492","1540","0","0"
"2023","AUTORIDADES TERRITORIALES","16","BOGOTA D.C.","001","BOGOTA. D.C.","13","02","SAN LUIS","3.185","2.988","0","6.173","89","444","1104","1168","642","505","417","347","355","1097","0","5"
"2023","AUTORIDADES TERRITORIALES","16","BOGOTA D.C.","001","BOGOTA. D.C.","13","03","EL CAMPIN","2.707","2.630","0","5.337","25","828","507","554","409","339","309","379","520","1465","0","2"
"2023","AUTORIDADES TERRITORIALES","16","BOGOTA D.C.","001","BOGOTA. D.C.","13","04","NICOLAS DE FEDERMAN","4.057","4.893","0","8.950","217","492","875","783","801","851","749","710","819","2653","0","0"
"2023","AUTORIDADES TERRITORIALES","16","BOGOTA D.C.","001","BOGOTA. D.C.","13","05","PABLO VI","3.729","4.774","0","8.503","2","93","488","693","591","691","775","790","932","3448","0","0"
"2023","AUTORIDADES TERRITORIALES","16","BOGOTA D.C.","001","BOGOTA. D.C.","13","06","EL SALITRE","1.750","1.751","0","3.501","4","619","413","368","324","265","188","226","287","807","0","0"
"2023","AUTORIDADES TERRITORIALES","16","BOGOTA D.C.","001","BOGOTA. D.C.","13","07","LA ESMERALDA","2.974","3.531","0","6.505","234","684","576","479","499","542","563","519","638","1766","0","5"
"2023","AUTORIDADES TERRITORIALES","16","BOGOTA D.C.","001","BOGOTA. D.C.","13","08","CAFAM CALLE 51","3.022","3.225","0","6.247","23","395","502","712","747","718","548","455","488","1657","0","2"
"2023","AUTORIDADES TERRITORIALES","16","BOGOTA D.C.","001","BOGOTA. D.C.","13","09","PALERMO","4.292","5.321","0","9.613","1","72","244","497","724","857","1051","1116","1214","3837","0","0"
"2023","AUTORIDADES TERRITORIALES","16","BOGOTA D.C.","001","BOGOTA. D.C.","13","10","COLEGIO AMERICANO","4.254","5.057","0","9.311","0","19","438","527","756","897","887","877","1024","3885","1","0"
"2023","AUTORIDADES TERRITORIALES","16","BOGOTA D.C.","001","BOGOTA. D.C.","13","11","COLEGIO MONTEHELENA","2.084","2.223","0","4.307","16","492","514","500","508","383","328","313","300","952","0","1"
"2023","AUTORIDADES TERRITORIALES","16","BOGOTA D.C.","001","BOGOTA. D.C.","13","12","QUINTA PAREDES A","1.799","2.020","0","3.819","13","537","454","410","323","261","268","275","280","997","0","1"
"2023","AUTORIDADES TERRITORIALES","16","BOGOTA D.C.","001","BOGOTA. D.C.","13","13","QUINTA PAREDES B","4.295","5.428","0","9.723","381","804","997","948","913","908","782","743","770","2472","0","5"
"2023","AUTORIDADES TERRITORIALES","16","BOGOTA D.C.","001","BOGOTA. D.C.","13","14","CENTRO NARIÑO","2.450","2.836","0","5.286","1","294","403","531","475","463","413","422","477","1807","0","0"
"2023","AUTORIDADES TERRITORIALES","16","BOGOTA D.C.","001","BOGOTA. D.C.","13","15","RESIDENCIAS B.C.H.","1.846","2.090","0","3.936","0","20","193","289","240","307","329","363","518","1677","0","0"
"2023","AUTORIDADES TERRITORIALES","16","BOGOTA D.C.","001","BOGOTA. D.C.","13","16","SANTA TERESITA","1.079","1.068","0","2.147","0","12","62","182","175","217","205","212","222","860","0","0"
"2023","AUTORIDADES TERRITORIALES","16","BOGOTA D.C.","001","BOGOTA. D.C.","13","17","LA MAGDALENA","2.324","2.509","0","4.833","52","324","405","497","538","553","425","389","466","1173","0","11"
"2023","AUTORIDADES TERRITORIALES","16","BOGOTA D.C.","001","BOGOTA. D.C.","13","18","TEUSAQUILLO","3.715","3.548","0","7.263","186","857","742","730","758","692","650","514","543","1585","0","6"
"2023","AUTORIDADES TERRITORIALES","16","BOGOTA D.C.","001","BOGOTA. D.C.","13","19","PABLO VI II ETAPA","1.195","1.561","0","2.756","0","16","79","165","218","306","264","272","276","1160","0","0"
"2023","AUTORIDADES TERRITORIALES","16","BOGOTA D.C.","001","BOGOTA. D.C.","13","20","RAFAEL NUÑEZ","2.274","2.828","0","5.102","155","505","499","543","505","467","387","372","435","1231","0","3"
"2023","AUTORIDADES TERRITORIALES","16","BOGOTA D.C.","001","BOGOTA. D.C.","13","21","CIUDAD SALITRE","3.586","4.482","0","8.068","0","278","920","809","695","799","709","794","848","2216","0","0"
"2023","AUTORIDADES TERRITORIALES","16","BOGOTA D.C.","001","BOGOTA. D.C.","13","22","LICEO PARROQUIAL SARA ZAPATA","1.366","1.708","0","3.074","63","248","399","400","382","345","236","191","210","598","0","2"
"2023","AUTORIDADES TERRITORIALES","16","BOGOTA D.C.","001","BOGOTA. D.C.","13","23","ACEVEDO TEJADA","1.245","1.398","0","2.643","97","468","402","335","258","217","168","126","157","411","0","4"
"2023","AUTORIDADES TERRITORIALES","16","BOGOTA D.C.","001","BOGOTA. D.C.","13","24","BIBLIOTECA VIRGILIO BARCO","1.945","2.086","0","4.031","592","688","472","450","371","354","271","190","209","431","0","3"
"2023","AUTORIDADES TERRITORIALES","16","BOGOTA D.C.","001","BOGOTA. D.C.","13","25","IMPRENTA NACIONAL","3.696","4.428","0","8.124","447","887","853","901","812","874","748","647","657","1294","0","4"
"2023","AUTORIDADES TERRITORIALES","16","BOGOTA D.C.","001","BOGOTA. D.C.","13","26","COLEGIO DEL PILAR","305","378","0","683","82","80","57","69","72","83","61","45","33","94","0","7"
"2023","AUTORIDADES TERRITORIALES","16","BOGOTA D.C.","001","BOGOTA. D.C.","13","27","UNIVERSIDAD ECCI - SEDE G","918","1.003","0","1.921","134","288","347","320","227","164","109","80","78","173","0","1"
"2023","AUTORIDADES TERRITORIALES","16","BOGOTA D.C.","001","BOGOTA. D.C.","13","28","COLEGIO SANTA CLARA","1.450","1.599","0","3.049","346","451","339","323","299","271","181","171","169","488","0","11"
"2023","AUTORIDADES TERRITORIALES","16","BOGOTA D.C.","001","BOGOTA. D.C.","13","29","CIRCULO COLOMBIANO DE ARTISTAS","528","540","0","1.068","105","121","185","162","107","107","92","44","43","99","0","3"
"2023","AUTORIDADES TERRITORIALES","16","BOGOTA D.C.","001","BOGOTA. D.C.","13","30","UNIVERSIDAD NACIONAL AUD ALFONSO LOPEZ","1.553","1.430","0","2.983","598","904","507","314","173","146","95","72","65","100","0","9"
"2023","AUTORIDADES TERRITORIALES","16","BOGOTA D.C.","001","BOGOTA. D.C.","13","31","SUPERCADE CAD","431","409","0","840","130","114","122","85","57","65","50","42","55","120","0","0"
"2023","AUTORIDADES TERRITORIALES","16","BOGOTA D.C.","001","BOGOTA. D.C.","13","32","CENTRO EDUCATIVO LIBERTAD","148","139","0","287","59","31","37","38","15","20","15","17","9","43","0","3"
"2023","AUTORIDADES TERRITORIALES","16","BOGOTA D.C.","001","BOGOTA. D.C.","13","33","CENTRO COMERCIAL GALERIAS","2.086","2.150","0","4.236","475","477","694","594","386","340","272","235","257","490","0","16"
"2023","AUTORIDADES TERRITORIALES","16","BOGOTA D.C.","001","BOGOTA. D.C.","13","34","UNIVERSIDAD ANTONIO NARIÑO","176","205","0","381","32","38","37","38","46","48","28","26","21","61","0","6"
"2023","AUTORIDADES TERRITORIALES","16","BOGOTA D.C.","001","BOGOTA. D.C.","14","01","SANTA FE","4.004","3.578","0","7.582","1","465","951","1002","943","579","610","602","648","1781","0","0"
"2023","AUTORIDADES TERRITORIALES","16","BOGOTA D.C.","001","BOGOTA. D.C.","14","02","SAMPER MENDOZA","2.905","2.612","0","5.517","1","243","956","1149","597","396","363","352","387","1073","0","0"
"2023","AUTORIDADES TERRITORIALES","16","BOGOTA D.C.","001","BOGOTA. D.C.","14","03","COLSEGUROS","1.742","2.099","0","3.841","1","47","329","446","344","323","307","310","327","1407","0","0"
"2023","AUTORIDADES TERRITORIALES","16","BOGOTA D.C.","001","BOGOTA. D.C.","14","04","ESTACION DE LA SABANA","3.190","2.261","0","5.451","154","409","565","785","504","418","428","499","452","1237","0","0"
"2023","AUTORIDADES TERRITORIALES","16","BOGOTA D.C.","001","BOGOTA. D.C.","14","05","RICAURTE","4.234","3.993","0","8.227","251","778","818","1115","659","611","618","629","745","2003","0","0"
"2023","AUTORIDADES TERRITORIALES","16","BOGOTA D.C.","001","BOGOTA. D.C.","14","06","LA ESTANZUELA","5.575","4.314","0","9.889","178","656","1025","1048","970","1030","984","1043","927","2028","0","0"
"2023","AUTORIDADES TERRITORIALES","16","BOGOTA D.C.","001","BOGOTA. D.C.","14","07","VERAGUAS","2.260","2.350","0","4.610","0","161","364","470","434","430","428","458","473","1392","0","0"
"2023","AUTORIDADES TERRITORIALES","16","BOGOTA D.C.","001","BOGOTA. D.C.","14","08","CENTRO CRECER","3.264","3.747","0","7.011","0","35","595","636","570","522","623","636","774","2620","0","0"
"2023","AUTORIDADES TERRITORIALES","16","BOGOTA D.C.","001","BOGOTA. D.C.","14","09","EL VERGEL","2.524","2.694","0","5.218","224","611","389","525","407","464","390","424","485","1299","0","0"
"2023","AUTORIDADES TERRITORIALES","16","BOGOTA D.C.","001","BOGOTA. D.C.","14","10","EDUARDO SANTOS","2.424","2.776","0","5.200","0","234","690","510","448","383","408","448","515","1564","0","0"
"2023","AUTORIDADES TERRITORIALES","16","BOGOTA D.C.","001","BOGOTA. D.C.","14","11","SAN FASON","1.441","1.335","0","2.776","4","207","170","192","309","267","282","308","292","745","0","0"
"2023","AUTORIDADES TERRITORIALES","16","BOGOTA D.C.","001","BOGOTA. D.C.","14","12","LA REBECA","721","848","0","1.569","19","197","243","169","157","151","124","105","122","282","0","0"
"2023","AUTORIDADES TERRITORIALES","16","BOGOTA D.C.","001","BOGOTA. D.C.","14","13","PANAMERICANO","848","983","0","1.831","96","334","165","169","172","163","135","132","138","326","0","1"
"2023","AUTORIDADES TERRITORIALES","16","BOGOTA D.C.","001","BOGOTA. D.C.","14","14","ANTONIO RICAURTE","691","604","0","1.295","131","379","122","115","118","106","79","66","61","117","0","1"
"2023","AUTORIDADES TERRITORIALES","16","BOGOTA D.C.","001","BOGOTA. D.C.","14","15","COLEGIO DISTRITAL TECNICO MENORAH","787","1.020","0","1.807","227","363","190","174","143","142","116","122","92","237","0","1"
"2023","AUTORIDADES TERRITORIALES","16","BOGOTA D.C.","001","BOGOTA. D.C.","14","16","CENTRO MEMORIA","1.079","1.018","0","2.097","119","545","228","201","172","176","141","143","113","259","0","0"
"2023","AUTORIDADES TERRITORIALES","16","BOGOTA D.C.","001","BOGOTA. D.C.","14","17","SALON COMUNAL SANTA ISABEL","1.517","1.784","0","3.301","309","637","344","310","282","267","205","239","222","485","0","1"
"2023","AUTORIDADES TERRITORIALES","16","BOGOTA D.C.","001","BOGOTA. D.C.","14","18","MALLPLAZA","3.408","3.685","0","7.093","1213","777","925","818","652","589","465","404","428","817","0","5"
"2023","AUTORIDADES TERRITORIALES","16","BOGOTA D.C.","001","BOGOTA. D.C.","14","19","COLEGIO BILINGUE CEDAM","414","581","0","995","84","72","88","112","97","93","91","85","76","192","0","5"
"2023","AUTORIDADES TERRITORIALES","16","BOGOTA D.C.","001","BOGOTA. D.C.","15","01","POLICARPA","4.310","4.561","0","8.871","350","924","1072","1093","999","745","626","612","741","1709","0","0"
"2023","AUTORIDADES TERRITORIALES","16","BOGOTA D.C.","001","BOGOTA. D.C.","15","02","CIUDAD BERNA","3.055","3.304","0","6.359","253","560","891","1016","637","448","408","424","459","1263","0","0"
"2023","AUTORIDADES TERRITORIALES","16","BOGOTA D.C.","001","BOGOTA. D.C.","15","03","SAN ANTONIO","3.304","3.670","0","6.974","149","546","887","649","609","543","481","601","654","1855","0","0"
"2023","AUTORIDADES TERRITORIALES","16","BOGOTA D.C.","001","BOGOTA. D.C.","15","04","LUNA PARK","1.576","1.658","0","3.234","6","252","353","676","224","247","232","220","241","783","0","0"
"2023","AUTORIDADES TERRITORIALES","16","BOGOTA D.C.","001","BOGOTA. D.C.","15","05","CIUDAD JARDIN","4.552","5.167","0","9.719","1","479","826","928","829","796","875","920","971","3094","0","0"
"2023","AUTORIDADES TERRITORIALES","16","BOGOTA D.C.","001","BOGOTA. D.C.","15","06","RESTREPO A","6.080","6.215","0","12.295","614","1273","1497","1507","907","823","871","930","1042","2830","0","1"
"2023","AUTORIDADES TERRITORIALES","16","BOGOTA D.C.","001","BOGOTA. D.C.","15","07","RESTREPO B","6.610","6.191","0","12.801","0","282","822","1089","3590","929","863","1036","1189","3001","0","0"
"2023","AUTORIDADES TERRITORIALES","16","BOGOTA D.C.","001","BOGOTA. D.C.","15","08","LA FRAGUITA","1.864","2.097","0","3.961","187","424","447","396","387","308","275","288","326","923","0","0"
"2023","AUTORIDADES TERRITORIALES","16","BOGOTA D.C.","001","BOGOTA. D.C.","15","09","LA FRAGUA","2.911","3.112","0","6.023","295","591","811","650","500","483","464","420","462","1346","0","1"
"2023","AUTORIDADES TERRITORIALES","16","BOGOTA D.C.","001","BOGOTA. D.C.","15","10","SANTANDER","2.164","2.155","0","4.319","151","374","413","370","385","252","247","423","502","1202","0","0"
"2023","AUTORIDADES TERRITORIALES","16","BOGOTA D.C.","001","BOGOTA. D.C.","15","11","SANTANDER SUR","1.697","1.852","0","3.549","42","215","230","307","308","291","311","348","355","1142","0","0"
"2023","AUTORIDADES TERRITORIALES","16","BOGOTA D.C.","001","BOGOTA. D.C.","15","12","VILLA MAYOR","4.492","5.021","0","9.513","181","530","1062","1098","1044","991","785","825","801","2195","0","1"
"2023","AUTORIDADES TERRITORIALES","16","BOGOTA D.C.","001","BOGOTA. D.C.","15","13","SENA","3.640","3.656","0","7.296","152","354","499","627","617","690","656","724","776","2201","0","0"
"2023","AUTORIDADES TERRITORIALES","16","BOGOTA D.C.","001","BOGOTA. D.C.","15","14","LA VALVANERA","2.093","2.449","0","4.542","370","637","426","378","393","405","402","386","359","785","0","1"
"2023","AUTORIDADES TERRITORIALES","16","BOGOTA D.C.","001","BOGOTA. D.C.","15","15","SALÓN COMUNAL SAN ANTONIO","544","596","0","1.140","112","380","78","95","82","73","67","57","50","146","0","0"
"2023","AUTORIDADES TERRITORIALES","16","BOGOTA D.C.","001","BOGOTA. D.C.","15","16","COLEGIO ADVENTISTA EMMANUEL","335","442","0","777","104","154","79","73","71","82","47","41","32","94","0","0"
"2023","AUTORIDADES TERRITORIALES","16","BOGOTA D.C.","001","BOGOTA. D.C.","15","17","SALON COMUNAL VILLA MAYOR","1.216","1.447","0","2.663","198","428","348","354","265","254","189","170","168","289","0","0"
"2023","AUTORIDADES TERRITORIALES","16","BOGOTA D.C.","001","BOGOTA. D.C.","15","18","CINCO DE NOVIEMBRE","502","622","0","1.124","75","162","115","128","108","111","86","88","77","174","0","0"
"2023","AUTORIDADES TERRITORIALES","16","BOGOTA D.C.","001","BOGOTA. D.C.","15","19","CASA COMUNAL CIUDAD JARDIN","959","1.085","0","2.044","311","459","209","160","137","152","124","118","105","269","0","0"
"2023","AUTORIDADES TERRITORIALES","16","BOGOTA D.C.","001","BOGOTA. D.C.","15","20","SALON COMUNAL SEVILLA SUR","76","67","0","143","35","12","15","16","9","14","9","8","6","19","0","0"
"2023","AUTORIDADES TERRITORIALES","16","BOGOTA D.C.","001","BOGOTA. D.C.","15","21","SALON COMUNAL EDUARDO FREI","91","98","0","189","16","5","16","14","6","7","18","20","21","66","0","0"
"2023","AUTORIDADES TERRITORIALES","16","BOGOTA D.C.","001","BOGOTA. D.C.","15","22","COLEGIO NUESTRA SEÑORA DE LA PAZ","56","75","0","131","20","4","11","18","10","16","8","8","10","25","0","1"
"2023","AUTORIDADES TERRITORIALES","16","BOGOTA D.C.","001","BOGOTA. D.C.","15","23","SALON COMUNAL CIUDAD BERNA","136","151","0","287","29","18","22","27","30","26","26","19","20","70","0","0"
"2023","AUTORIDADES TERRITORIALES","16","BOGOTA D.C.","001","BOGOTA. D.C.","16","01","DELICIAS MUZU","4.784","4.942","0","9.726","31","703","1768","2123","1016","570","516","600","629","1770","0","0"
"2023","AUTORIDADES TERRITORIALES","16","BOGOTA D.C.","001","BOGOTA. D.C.","16","02","CIUDAD MONTES","5.586","6.130","0","11.716","137","2226","2040","1371","1064","678","731","696","710","2063","0","0"
"2023","AUTORIDADES TERRITORIALES","16","BOGOTA D.C.","001","BOGOTA. D.C.","16","03","SANTA MATILDE","3.344","3.858","0","7.202","0","328","703","684","571","557","522","659","838","2340","0","0"
"2023","AUTORIDADES TERRITORIALES","16","BOGOTA D.C.","001","BOGOTA. D.C.","16","04","LA ASUNCION","2.976","3.510","0","6.486","0","297","625","602","524","569","568","587","725","1989","0","0"
"2023","AUTORIDADES TERRITORIALES","16","BOGOTA D.C.","001","BOGOTA. D.C.","16","05","ALCALDIA PUENTE ARANDA","4.438","4.828","0","9.266","0","292","1009","1311","738","773","796","866","920","2561","0","0"
"2023","AUTORIDADES TERRITORIALES","16","BOGOTA D.C.","001","BOGOTA. D.C.","16","06","LA PRIMAVERA","4.552","4.804","0","9.356","1","341","1489","1314","619","660","699","858","969","2406","0","0"
"2023","AUTORIDADES TERRITORIALES","16","BOGOTA D.C.","001","BOGOTA. D.C.","16","07","CUNDINAMARCA","1.252","1.336","0","2.588","9","361","227","191","235","217","248","245","234","621","0","0"
"2023","AUTORIDADES TERRITORIALES","16","BOGOTA D.C.","001","BOGOTA. D.C.","16","08","LA FRANCIA","1.821","2.104","0","3.925","0","237","345","410","307","348","378","364","405","1131","0","0"
"2023","AUTORIDADES TERRITORIALES","16","BOGOTA D.C.","001","BOGOTA. D.C.","16","09","PUENTE ARANDA","2.197","1.914","0","4.111","32","551","626","410","316","301","283","300","352","940","0","0"
"2023","AUTORIDADES TERRITORIALES","16","BOGOTA D.C.","001","BOGOTA. D.C.","16","10","SALAZAR GOMEZ","2.639","2.290","0","4.929","54","252","378","367","2399","247","216","221","242","553","0","0"
"2023","AUTORIDADES TERRITORIALES","16","BOGOTA D.C.","001","BOGOTA. D.C.","16","11","LA TRINIDAD","1.928","1.953","0","3.881","29","265","173","238","708","246","254","309","385","1274","0","0"
"2023","AUTORIDADES TERRITORIALES","16","BOGOTA D.C.","001","BOGOTA. D.C.","16","12","LA PRADERA","2.539","2.702","0","5.241","194","451","514","561","417","457","388","464","544","1251","0","0"
"2023","AUTORIDADES TERRITORIALES","16","BOGOTA D.C.","001","BOGOTA. D.C.","16","13","COLON","5.469","6.132","0","11.601","0","23","203","649","963","1355","1217","1374","1601","4216","0","0"
"2023","AUTORIDADES TERRITORIALES","16","BOGOTA D.C.","001","BOGOTA. D.C.","16","14","SAN RAFAEL","3.148","3.757","0","6.905","11","649","619","600","524","649","570","665","656","1962","0","0"
"2023","AUTORIDADES TERRITORIALES","16","BOGOTA D.C.","001","BOGOTA. D.C.","16","15","EL JAZMIN","3.338","3.941","0","7.279","0","487","774","656","590","594","610","694","775","2099","0","0"
"2023","AUTORIDADES TERRITORIALES","16","BOGOTA D.C.","001","BOGOTA. D.C.","16","16","LA PONDEROSA","2.881","3.393","0","6.274","22","503","530","577","520","528","575","671","639","1709","0","0"
"2023","AUTORIDADES TERRITORIALES","16","BOGOTA D.C.","001","BOGOTA. D.C.","16","17","GALAN","4.889","5.279","0","10.168","0","1566","2042","1052","792","606","565","649","760","2136","0","0"
"2023","AUTORIDADES TERRITORIALES","16","BOGOTA D.C.","001","BOGOTA. D.C.","16","18","MILENTA","2.648","3.119","0","5.767","156","581","568","442","387","543","473","522","505","1589","0","1"
"2023","AUTORIDADES TERRITORIALES","16","BOGOTA D.C.","001","BOGOTA. D.C.","16","19","EL TEJAR","3.218","3.857","0","7.075","0","373","559","506","511","588","579","644","835","2480","0","0"
"2023","AUTORIDADES TERRITORIALES","16","BOGOTA D.C.","001","BOGOTA. D.C.","16","20","ALQUERIA","3.795","4.375","0","8.170","0","719","999","621","593","617","634","749","915","2323","0","0"
"2023","AUTORIDADES TERRITORIALES","16","BOGOTA D.C.","001","BOGOTA. D.C.","16","21","ALCALA","4.980","5.806","0","10.786","811","1134","987","944","850","862","857","875","973","2487","0","6"
"2023","AUTORIDADES TERRITORIALES","16","BOGOTA D.C.","001","BOGOTA. D.C.","16","22","SANTA RITA","4.156","5.010","0","9.166","0","510","856","708","812","810","802","848","1070","2750","0","0"
"2023","AUTORIDADES TERRITORIALES","16","BOGOTA D.C.","001","BOGOTA. D.C.","16","23","AUTOPISTA SUR","1.481","1.795","0","3.276","0","34","174","238","266","325","326","369","387","1157","0","0"
"2023","AUTORIDADES TERRITORIALES","16","BOGOTA D.C.","001","BOGOTA. D.C.","16","24","LOS SAUCES","2.693","3.321","0","6.014","195","455","535","540","615","592","558","538","505","1480","0","1"
"2023","AUTORIDADES TERRITORIALES","16","BOGOTA D.C.","001","BOGOTA. D.C.","16","25","CARRERA CENTRO COMERCIAL","1.464","1.088","0","2.552","348","337","393","224","209","248","179","177","174","263","0","0"
"2023","AUTORIDADES TERRITORIALES","16","BOGOTA D.C.","001","BOGOTA. D.C.","16","26","SAN ANDRESITO","1.804","1.277","0","3.081","130","194","384","337","342","391","297","291","265","450","0","0"
"2023","AUTORIDADES TERRITORIALES","16","BOGOTA D.C.","001","BOGOTA. D.C.","16","27","SALÓN COMUNAL COLÓN","1.321","1.655","0","2.976","64","193","400","390","344","305","275","242","249","513","0","1"
"2023","AUTORIDADES TERRITORIALES","16","BOGOTA D.C.","001","BOGOTA. D.C.","16","28","COLONIA ORIENTAL","1.246","1.518","0","2.764","149","357","295","330","297","271","219","212","196","438","0","0"
"2023","AUTORIDADES TERRITORIALES","16","BOGOTA D.C.","001","BOGOTA. D.C.","16","29","SALÓN COMUNAL LA TRINIDAD","1.043","1.169","0","2.212","180","216","228","297","275","221","185","139","140","331","0","0"
"2023","AUTORIDADES TERRITORIALES","16","BOGOTA D.C.","001","BOGOTA. D.C.","16","30","PRIMAVERA Y GORGONZOLA","1.454","1.716","0","3.170","382","814","288","298","262","251","220","155","184","315","0","1"
"2023","AUTORIDADES TERRITORIALES","16","BOGOTA D.C.","001","BOGOTA. D.C.","16","31","EL REMANZO","981","1.135","0","2.116","303","243","209","231","193","217","174","130","117","299","0","0"
"2023","AUTORIDADES TERRITORIALES","16","BOGOTA D.C.","001","BOGOTA. D.C.","16","32","COLEGIO ROMULO GALLEGO","650","741","0","1.391","263","196","134","141","136","113","78","95","81","154","0","0"
"2023","AUTORIDADES TERRITORIALES","16","BOGOTA D.C.","001","BOGOTA. D.C.","16","33","SALON COMUNAL VERAGUAS","1.059","1.341","0","2.400","252","328","287","260","218","224","174","165","163","329","0","0"
"2023","AUTORIDADES TERRITORIALES","16","BOGOTA D.C.","001","BOGOTA. D.C.","16","34","INSTITUTO DE INTEGRACION CULTURAL","454","585","0","1.039","115","125","117","127","101","94","90","87","62","120","0","1"
"2023","AUTORIDADES TERRITORIALES","16","BOGOTA D.C.","001","BOGOTA. D.C.","16","35","COLEGIO DISTRITAL SORRENTO","1.377","1.534","0","2.911","793","550","290","264","225","196","154","134","109","195","0","1"
"2023","AUTORIDADES TERRITORIALES","16","BOGOTA D.C.","001","BOGOTA. D.C.","16","36","LUIS CARLOS GALAN SARMIENTO","1.493","1.782","0","3.275","586","499","316","335","303","266","213","168","201","386","0","2"
"2023","AUTORIDADES TERRITORIALES","16","BOGOTA D.C.","001","BOGOTA. D.C.","16","37","CULTURA POPULAR","663","797","0","1.460","421","247","153","118","120","112","67","69","54","99","0","0"
"2023","AUTORIDADES TERRITORIALES","16","BOGOTA D.C.","001","BOGOTA. D.C.","16","38","SAN EUSEBIO","740","809","0","1.549","191","220","188","172","135","149","105","128","100","161","0","0"
"2023","AUTORIDADES TERRITORIALES","16","BOGOTA D.C.","001","BOGOTA. D.C.","16","39","LOS ANGELES","644","841","0","1.485","186","181","153","165","140","121","95","121","113","209","0","1"
"2023","AUTORIDADES TERRITORIALES","16","BOGOTA D.C.","001","BOGOTA. D.C.","16","40","C.C. OUTLET FACTORY","1.813","2.067","0","3.880","858","597","470","472","364","346","227","155","143","247","0","1"
"2023","AUTORIDADES TERRITORIALES","16","BOGOTA D.C.","001","BOGOTA. D.C.","16","41","JORGE GAITAN CORTES","221","222","0","443","85","77","35","37","34","28","28","22","32","65","0","0"
"2023","AUTORIDADES TERRITORIALES","16","BOGOTA D.C.","001","BOGOTA. D.C.","16","42","CENTRO PARA CIEGOSCRAC","564","710","0","1.274","165","179","134","155","109","121","91","92","69","158","0","1"
"2023","AUTORIDADES TERRITORIALES","16","BOGOTA D.C.","001","BOGOTA. D.C.","16","43","JOSE JOAQUIN CASAS SEDE A","139","160","0","299","39","42","31","36","43","24","27","14","18","25","0","0"
"2023","AUTORIDADES TERRITORIALES","16","BOGOTA D.C.","001","BOGOTA. D.C.","16","44","CENTRO EDUCATIVO DISTRITAL ESPAÑA","223","245","0","468","96","51","56","40","39","43","37","37","22","47","0","0"
"2023","AUTORIDADES TERRITORIALES","16","BOGOTA D.C.","001","BOGOTA. D.C.","16","45","SALON COMUNAL TORREMOLINOS I","190","238","0","428","62","35","33","38","43","37","29","45","40","66","0","0"
"2023","AUTORIDADES TERRITORIALES","16","BOGOTA D.C.","001","BOGOTA. D.C.","16","46","SALON COMUNAL JOSE ANTONIO GALAN","634","727","0","1.361","131","93","145","173","122","134","119","107","106","230","0","1"
"2023","AUTORIDADES TERRITORIALES","16","BOGOTA D.C.","001","BOGOTA. D.C.","16","47","SALON COMUNAL RAFAEL EUCALIPTOS","32","50","0","82","6","9","17","5","10","4","7","9","3","12","0","0"
"2023","AUTORIDADES TERRITORIALES","16","BOGOTA D.C.","001","BOGOTA. D.C.","16","48","SALON COMUNAL NUEVA PRIMAVERA","395","437","0","832","126","66","95","67","79","72","66","55","46","159","0","1"
"2023","AUTORIDADES TERRITORIALES","16","BOGOTA D.C.","001","BOGOTA. D.C.","16","49","SALON COMUNAL VILLA INES","207","291","0","498","49","40","43","38","46","33","32","39","35","143","0","0"
"2023","AUTORIDADES TERRITORIALES","16","BOGOTA D.C.","001","BOGOTA. D.C.","16","50","SALON COMUNAL BOCHICA CENTRAL","253","299","0","552","83","46","34","43","44","51","55","40","48","108","0","0"
"2023","AUTORIDADES TERRITORIALES","16","BOGOTA D.C.","001","BOGOTA. D.C.","17","01","LA CONCORDIA","4.708","4.368","0","9.076","169","649","886","1054","1264","883","768","698","700","2001","0","4"
"2023","AUTORIDADES TERRITORIALES","16","BOGOTA D.C.","001","BOGOTA. D.C.","17","02","ALCALDIA MAYOR","5.791","5.026","0","10.817","3","16","252","664","1173","1006","1131","1123","1292","4156","1","0"
"2023","AUTORIDADES TERRITORIALES","16","BOGOTA D.C.","001","BOGOTA. D.C.","17","03","EGIPTO","2.511","3.055","0","5.566","0","301","704","724","631","461","467","480","512","1286","0","0"
"2023","AUTORIDADES TERRITORIALES","16","BOGOTA D.C.","001","BOGOTA. D.C.","17","04","ARCHIVO DISTRITAL","3.637","3.781","0","7.418","221","638","868","925","793","771","589","553","544","1514","0","2"
"2023","AUTORIDADES TERRITORIALES","16","BOGOTA D.C.","001","BOGOTA. D.C.","17","05","MURILLO TORO","3.234","2.672","0","5.906","264","958","611","605","622","549","474","438","424","953","0","8"
"2023","AUTORIDADES TERRITORIALES","16","BOGOTA D.C.","001","BOGOTA. D.C.","17","06","COLEGIO MAYOR SAN BARTOLOME","1.638","1.483","0","3.121","240","360","346","314","294","303","233","249","228","552","0","2"
"2023","AUTORIDADES TERRITORIALES","16","BOGOTA D.C.","001","BOGOTA. D.C.","17","07","AUTONOMA DE COLOMBIA","712","766","0","1.478","108","235","215","210","161","112","115","79","83","160","0","0"
"2023","AUTORIDADES TERRITORIALES","16","BOGOTA D.C.","001","BOGOTA. D.C.","17","08","EGIPTO ESCUELA QUINTA DIAZ","550","559","0","1.109","111","197","109","93","88","79","67","71","95","199","0","0"
"2023","AUTORIDADES TERRITORIALES","16","BOGOTA D.C.","001","BOGOTA. D.C.","17","09","LA SALLE CANDELARIA","517","527","0","1.044","188","223","103","100","64","61","57","49","52","147","0","0"
"2023","AUTORIDADES TERRITORIALES","16","BOGOTA D.C.","001","BOGOTA. D.C.","18","01","CLARET","4.022","3.875","0","7.897","1","83","1102","1569","1117","431","399","550","661","1984","0","0"
"2023","AUTORIDADES TERRITORIALES","16","BOGOTA D.C.","001","BOGOTA. D.C.","18","02","INGLES","3.946","4.485","0","8.431","1","139","1227","1348","1314","521","510","598","650","2123","0","0"
"2023","AUTORIDADES TERRITORIALES","16","BOGOTA D.C.","001","BOGOTA. D.C.","18","03","BRAVO PAEZ","2.381","2.381","0","4.762","0","582","750","713","493","303","290","282","357","992","0","0"
"2023","AUTORIDADES TERRITORIALES","16","BOGOTA D.C.","001","BOGOTA. D.C.","18","04","LIBERTADOR II","3.000","3.269","0","6.269","308","841","693","714","539","446","433","442","533","1319","0","1"
"2023","AUTORIDADES TERRITORIALES","16","BOGOTA D.C.","001","BOGOTA. D.C.","18","05","CENTENARIO","3.122","3.084","0","6.206","0","75","597","2106","415","326","382","357","484","1464","0","0"
"2023","AUTORIDADES TERRITORIALES","16","BOGOTA D.C.","001","BOGOTA. D.C.","18","06","OLAYA","3.320","3.424","0","6.744","23","1054","749","954","589","449","411","456","541","1518","0","0"
"2023","AUTORIDADES TERRITORIALES","16","BOGOTA D.C.","001","BOGOTA. D.C.","18","07","SAN JOSE","3.710","4.291","0","8.001","188","748","913","811","569","587","632","663","769","2120","0","1"
"2023","AUTORIDADES TERRITORIALES","16","BOGOTA D.C.","001","BOGOTA. D.C.","18","08","ALEJANDRO OBREGON GUSTAVO REST","2.935","3.277","0","6.212","0","11","765","722","602","486","509","594","631","1892","0","0"
"2023","AUTORIDADES TERRITORIALES","16","BOGOTA D.C.","001","BOGOTA. D.C.","18","09","QUIROGA","3.682","3.867","0","7.549","403","1566","1137","985","554","442","410","400","403","1248","0","1"
"2023","AUTORIDADES TERRITORIALES","16","BOGOTA D.C.","001","BOGOTA. D.C.","18","10","ALCALDIA QUIROGA","4.467","5.076","0","9.543","0","94","1048","1089","885","828","816","834","950","2999","0","0"
"2023","AUTORIDADES TERRITORIALES","16","BOGOTA D.C.","001","BOGOTA. D.C.","18","11","CENTRAL QUIROGA","2.670","2.932","0","5.602","506","717","683","433","450","462","372","396","403","1180","0","0"
"2023","AUTORIDADES TERRITORIALES","16","BOGOTA D.C.","001","BOGOTA. D.C.","18","12","SANTA LUCIA","4.150","4.390","0","8.540","492","1034","1156","776","609","550","564","647","744","1968","0","0"
"2023","AUTORIDADES TERRITORIALES","16","BOGOTA D.C.","001","BOGOTA. D.C.","18","13","LAS COLINAS","2.230","2.455","0","4.685","136","485","497","378","381","364","335","392","510","1207","0","0"
"2023","AUTORIDADES TERRITORIALES","16","BOGOTA D.C.","001","BOGOTA. D.C.","18","14","COUNTRY SUR","5.537","6.652","0","12.189","901","1274","1150","1177","1061","1036","944","964","1074","2605","0","3"
"2023","AUTORIDADES TERRITORIALES","16","BOGOTA D.C.","001","BOGOTA. D.C.","18","15","LAS LOMAS","3.611","4.188","0","7.799","46","1298","1143","1057","621","494","498","611","702","1329","0","0"
"2023","AUTORIDADES TERRITORIALES","16","BOGOTA D.C.","001","BOGOTA. D.C.","18","16","ALEXANDER FLEMING SAN JORGE","3.557","3.729","0","7.286","0","15","1365","991","571","555","561","582","803","1843","0","0"
"2023","AUTORIDADES TERRITORIALES","16","BOGOTA D.C.","001","BOGOTA. D.C.","18","17","REINO DE HOLANDA","2.203","2.606","0","4.809","0","112","976","554","428","462","410","458","433","976","0","0"
"2023","AUTORIDADES TERRITORIALES","16","BOGOTA D.C.","001","BOGOTA. D.C.","18","18","MARCO FIDEL SUAREZ","3.500","4.163","0","7.663","40","1085","716","558","669","682","666","663","726","1858","0","0"
"2023","AUTORIDADES TERRITORIALES","16","BOGOTA D.C.","001","BOGOTA. D.C.","18","19","EL SOCORRO SUR","1.795","2.085","0","3.880","0","262","494","431","338","359","356","404","358","878","0","0"
"2023","AUTORIDADES TERRITORIALES","16","BOGOTA D.C.","001","BOGOTA. D.C.","18","20","MOLINOS DEL SUR","7.250","8.719","0","15.969","0","2076","2266","1658","1417","1336","1217","1227","1307","3465","0","0"
"2023","AUTORIDADES TERRITORIALES","16","BOGOTA D.C.","001","BOGOTA. D.C.","18","21","CIUDAD BOCHICA SUR","4.936","5.969","0","10.905","97","1707","1617","1067","853","841","826","909","866","2122","0","0"
"2023","AUTORIDADES TERRITORIALES","16","BOGOTA D.C.","001","BOGOTA. D.C.","18","22","LOS MOLINOS II SECTOR","4.203","4.822","0","9.025","87","1727","1116","793","760","735","651","636","612","1908","0","0"
"2023","AUTORIDADES TERRITORIALES","16","BOGOTA D.C.","001","BOGOTA. D.C.","18","23","PALERMO SUR","3.251","3.641","0","6.892","33","1374","1022","674","539","584","435","524","455","1252","0","0"
"2023","AUTORIDADES TERRITORIALES","16","BOGOTA D.C.","001","BOGOTA. D.C.","18","24","VILLA MAYOR LA NUEVA","1.870","2.113","0","3.983","12","380","447","416","390","384","265","305","364","1019","0","1"
"2023","AUTORIDADES TERRITORIALES","16","BOGOTA D.C.","001","BOGOTA. D.C.","18","25","GRANJAS DE SAN PABLO","1.805","2.178","0","3.983","0","324","545","383","319","404","335","351","380","942","0","0"
"2023","AUTORIDADES TERRITORIALES","16","BOGOTA D.C.","001","BOGOTA. D.C.","18","26","RESURRECCION","1.675","1.980","0","3.655","15","476","468","300","366","327","316","305","292","790","0","0"
"2023","AUTORIDADES TERRITORIALES","16","BOGOTA D.C.","001","BOGOTA. D.C.","18","27","RAFAEL URIBE LA PAZ","1.448","1.677","0","3.125","0","40","561","382","307","253","238","262","282","800","0","0"
"2023","AUTORIDADES TERRITORIALES","16","BOGOTA D.C.","001","BOGOTA. D.C.","18","28","SAN AGUSTIN SUR","4.693","5.537","0","10.230","499","944","1409","1089","1077","1076","887","822","776","1651","0","0"
"2023","AUTORIDADES TERRITORIALES","16","BOGOTA D.C.","001","BOGOTA. D.C.","18","29","COVIVIENDA DEL SUR ORIENTE","3.556","4.322","0","7.878","103","229","900","677","605","730","721","779","685","2449","0","0"
"2023","AUTORIDADES TERRITORIALES","16","BOGOTA D.C.","001","BOGOTA. D.C.","18","30","MARRUECOS APARTAMENTOS","1.944","2.220","0","4.164","0","217","679","633","394","352","270","302","360","957","0","0"
"2023","AUTORIDADES TERRITORIALES","16","BOGOTA D.C.","001","BOGOTA. D.C.","18","31","SALON COMUNAL LA MARQUEZA","841","1.079","0","1.920","0","8","63","155","291","266","201","183","177","576","0","0"
"2023","AUTORIDADES TERRITORIALES","16","BOGOTA D.C.","001","BOGOTA. D.C.","18","32","MIRADOR DE MARROCOS","587","643","0","1.230","0","149","165","175","125","123","65","79","118","231","0","0"
"2023","AUTORIDADES TERRITORIALES","16","BOGOTA D.C.","001","BOGOTA. D.C.","18","33","SAN JUANITO","743","791","0","1.534","2","78","121","184","195","189","180","150","140","295","0","0"
"2023","AUTORIDADES TERRITORIALES","16","BOGOTA D.C.","001","BOGOTA. D.C.","18","34","PROVIDENCIA","803","837","0","1.640","133","307","258","149","150","148","123","105","84","183","0","0"
"2023","AUTORIDADES TERRITORIALES","16","BOGOTA D.C.","001","BOGOTA. D.C.","18","35","GUSTAVO RESTREPO","2.783","3.235","0","6.018","957","1353","609","477","421","459","344","345","313","740","0","0"
"2023","AUTORIDADES TERRITORIALES","16","BOGOTA D.C.","001","BOGOTA. D.C.","18","36","SALÓN COMUNAL INGLES","810","839","0","1.649","24","550","155","135","129","125","101","92","108","230","0","0"
"2023","AUTORIDADES TERRITORIALES","16","BOGOTA D.C.","001","BOGOTA. D.C.","18","37","SALÓN COMUNAL CLARET","1.638","1.769","0","3.407","546","665","299","288","283","304","231","200","185","406","0","0"
"2023","AUTORIDADES TERRITORIALES","16","BOGOTA D.C.","001","BOGOTA. D.C.","18","38","SAN JORGE","1.280","1.358","0","2.638","34","1371","358","142","146","143","109","111","71","152","0","1"
"2023","AUTORIDADES TERRITORIALES","16","BOGOTA D.C.","001","BOGOTA. D.C.","18","39","LICEO SAN PABLO","429","549","0","978","11","141","128","125","105","102","65","83","59","159","0","0"
"2023","AUTORIDADES TERRITORIALES","16","BOGOTA D.C.","001","BOGOTA. D.C.","18","40","SALÓN COMUNAL CEBADAL","149","199","0","348","0","6","71","53","45","46","25","25","21","56","0","0"
"2023","AUTORIDADES TERRITORIALES","16","BOGOTA D.C.","001","BOGOTA. D.C.","18","41","LA MARQUEZA","559","754","0","1.313","69","226","186","152","136","126","95","77","60","186","0","0"
"2023","AUTORIDADES TERRITORIALES","16","BOGOTA D.C.","001","BOGOTA. D.C.","18","42","RAFAEL DELGADO SEDE C","331","422","0","753","58","120","81","96","88","83","50","46","51","80","0","0"
"2023","AUTORIDADES TERRITORIALES","16","BOGOTA D.C.","001","BOGOTA. D.C.","18","43","SALÓN COMUNAL LA PAZ NARANJOS","517","584","0","1.101","174","178","102","131","98","96","56","58","68","139","0","1"
"2023","AUTORIDADES TERRITORIALES","16","BOGOTA D.C.","001","BOGOTA. D.C.","18","44","INTEG. RAFAEL DELGADO SALGUERO","388","438","0","826","148","171","62","84","66","74","48","40","29","103","0","1"
"2023","AUTORIDADES TERRITORIALES","16","BOGOTA D.C.","001","BOGOTA. D.C.","18","45","PARROQUIAL SAN JOSE","606","724","0","1.330","253","167","93","147","138","128","97","73","81","153","0","0"
"2023","AUTORIDADES TERRITORIALES","16","BOGOTA D.C.","001","BOGOTA. D.C.","18","46","LICEO PSICOPEDAGOGICO MARCO FIDEL SUAREZ","757","877","0","1.634","428","163","160","168","181","135","106","98","67","128","0","0"
"2023","AUTORIDADES TERRITORIALES","16","BOGOTA D.C.","001","BOGOTA. D.C.","18","47","MARIA CANO","1.694","2.144","0","3.838","956","489","355","345","369","357","232","166","194","374","0","1"
"2023","AUTORIDADES TERRITORIALES","16","BOGOTA D.C.","001","BOGOTA. D.C.","18","48","CAFAM SANTA LUCIA","1.183","1.403","0","2.586","1109","525","209","186","143","120","72","76","55","91","0","0"
"2023","AUTORIDADES TERRITORIALES","16","BOGOTA D.C.","001","BOGOTA. D.C.","18","49","DIANA TURBAY","2.584","2.664","0","5.248","2102","1123","336","351","321","303","172","151","129","259","0","1"
"2023","AUTORIDADES TERRITORIALES","16","BOGOTA D.C.","001","BOGOTA. D.C.","18","50","ALIANZA QUIROGA","1.819","2.078","0","3.897","760","629","360","343","299","307","248","207","228","513","0","3"
"2023","AUTORIDADES TERRITORIALES","16","BOGOTA D.C.","001","BOGOTA. D.C.","18","51","ESTADOS UNIDOS DE AMERICA","441","458","0","899","112","81","86","94","83","83","60","66","90","144","0","0"
"2023","AUTORIDADES TERRITORIALES","16","BOGOTA D.C.","001","BOGOTA. D.C.","18","52","TORRE MAYOR","118","130","0","248","64","26","21","25","25","20","10","14","13","30","0","0"
"2023","AUTORIDADES TERRITORIALES","16","BOGOTA D.C.","001","BOGOTA. D.C.","18","53","LICEO FEMENINO MERCEDES NARIÑO","209","379","0","588","144","80","64","73","70","47","28","22","27","33","0","0"
"2023","AUTORIDADES TERRITORIALES","16","BOGOTA D.C.","001","BOGOTA. D.C.","18","54","COLEGIOTORIBIO DE MOGROVEJO","104","145","0","249","35","24","28","31","37","34","11","19","10","20","0","0"
"2023","AUTORIDADES TERRITORIALES","16","BOGOTA D.C.","001","BOGOTA. D.C.","18","55","COLEGIO JOSE MARTI LUIS LOPEZ DE MESA","147","214","0","361","129","44","41","45","27","26","17","12","5","15","0","0"
"2023","AUTORIDADES TERRITORIALES","16","BOGOTA D.C.","001","BOGOTA. D.C.","18","56","COLEGIORESTREPO MILLAN SEDEA","765","831","0","1.596","532","155","146","149","142","129","67","63","71","141","0","1"
"2023","AUTORIDADES TERRITORIALES","16","BOGOTA D.C.","001","BOGOTA. D.C.","18","57","IDIPRON UPI MOLINOS","625","800","0","1.425","242","100","141","153","125","126","106","97","108","227","0","0"
"2023","AUTORIDADES TERRITORIALES","16","BOGOTA D.C.","001","BOGOTA. D.C.","18","58","EL MIRADOR","83","95","0","178","50","9","16","23","18","22","13","7","9","11","0","0"
"2023","AUTORIDADES TERRITORIALES","16","BOGOTA D.C.","001","BOGOTA. D.C.","18","59","SALON COMUNAL DIANAT SECTOR AYACUCHO","75","80","0","155","19","18","12","11","19","19","17","10","2","28","0","0"
"2023","AUTORIDADES TERRITORIALES","16","BOGOTA D.C.","001","BOGOTA. D.C.","19","01","LUCERO DEL SUR","6.679","6.465","0","13.144","0","747","2494","3043","2078","755","774","806","728","1719","0","0"
"2023","AUTORIDADES TERRITORIALES","16","BOGOTA D.C.","001","BOGOTA. D.C.","19","02","SAN JOAQUIN DEL VATICANO","4.792","4.848","0","9.640","259","1458","1911","2090","958","552","500","464","398","1050","0","0"
"2023","AUTORIDADES TERRITORIALES","16","BOGOTA D.C.","001","BOGOTA. D.C.","19","03","PASQUILLA","979","768","0","1.747","53","222","259","490","177","94","76","78","87","211","0","0"
"2023","AUTORIDADES TERRITORIALES","16","BOGOTA D.C.","001","BOGOTA. D.C.","19","04","EL TESORO","5.285","5.692","0","10.977","1361","2491","1543","1170","781","676","590","540","519","1306","0","0"
"2023","AUTORIDADES TERRITORIALES","16","BOGOTA D.C.","001","BOGOTA. D.C.","19","05","MEXICO","6.705","7.417","0","14.122","815","1422","1355","3214","1086","898","941","1026","1023","2342","0","0"
"2023","AUTORIDADES TERRITORIALES","16","BOGOTA D.C.","001","BOGOTA. D.C.","19","06","LUCERO MEDIO","3.276","3.280","0","6.556","0","168","2171","1263","566","380","338","370","355","945","0","0"
"2023","AUTORIDADES TERRITORIALES","16","BOGOTA D.C.","001","BOGOTA. D.C.","19","07","VISTAHERMOSA","5.985","7.163","0","13.148","0","1853","1631","1190","1250","1193","1157","1008","965","2901","0","0"
"2023","AUTORIDADES TERRITORIALES","16","BOGOTA D.C.","001","BOGOTA. D.C.","19","08","LA ACACIA","6.103","7.488","0","13.591","730","1159","1161","1271","1198","1408","1332","1304","1165","2863","0","0"
"2023","AUTORIDADES TERRITORIALES","16","BOGOTA D.C.","001","BOGOTA. D.C.","19","09","JERUSALEN (EL TANQUE)","4.474","4.944","0","9.418","0","868","1353","1502","1160","751","693","590","616","1885","0","0"
"2023","AUTORIDADES TERRITORIALES","16","BOGOTA D.C.","001","BOGOTA. D.C.","19","10","JUAN PABLO II","3.787","4.296","0","8.083","0","758","1549","1143","862","651","576","564","447","1533","0","0"
"2023","AUTORIDADES TERRITORIALES","16","BOGOTA D.C.","001","BOGOTA. D.C.","19","11","SAN FRANCISCO","8.759","9.750","0","18.509","0","416","3709","2683","1897","1321","1461","1639","1460","3923","0","0"
"2023","AUTORIDADES TERRITORIALES","16","BOGOTA D.C.","001","BOGOTA. D.C.","19","12","CANDELARIA LA NUEVA","9.312","10.463","0","19.775","0","445","3873","2949","1918","1406","1468","1562","1621","4533","0","0"
"2023","AUTORIDADES TERRITORIALES","16","BOGOTA D.C.","001","BOGOTA. D.C.","19","13","ARBORIZADORA BAJA","6.411","7.269","0","13.680","110","2428","1827","1091","1052","1088","879","991","1066","3147","1","0"
"2023","AUTORIDADES TERRITORIALES","16","BOGOTA D.C.","001","BOGOTA. D.C.","19","14","MADELENA","6.001","7.182","0","13.183","0","2213","2182","1335","1227","1014","899","961","911","2441","0","0"
"2023","AUTORIDADES TERRITORIALES","16","BOGOTA D.C.","001","BOGOTA. D.C.","19","15","ISMAEL PERDOMO","8.522","9.009","0","17.531","0","228","3287","2565","1656","1273","1313","1533","1665","4011","0","0"
"2023","AUTORIDADES TERRITORIALES","16","BOGOTA D.C.","001","BOGOTA. D.C.","19","16","MOCHUELO ALTO","625","539","0","1.164","59","163","191","179","133","70","65","70","63","171","0","0"
"2023","AUTORIDADES TERRITORIALES","16","BOGOTA D.C.","001","BOGOTA. D.C.","19","17","MOCHUELO BAJO","1.291","1.318","0","2.609","238","409","399","266","225","210","172","177","159","354","0","0"
"2023","AUTORIDADES TERRITORIALES","16","BOGOTA D.C.","001","BOGOTA. D.C.","19","18","CORDILLERA","815","962","0","1.777","91","149","264","240","181","169","153","131","116","283","0","0"
"2023","AUTORIDADES TERRITORIALES","16","BOGOTA D.C.","001","BOGOTA. D.C.","19","19","NUEVA ARGENTINA","1.353","1.605","0","2.958","8","272","319","314","332","332","270","246","227","638","0","0"
"2023","AUTORIDADES TERRITORIALES","16","BOGOTA D.C.","001","BOGOTA. D.C.","19","20","LA ESTANCIA","9.286","9.068","0","18.354","0","128","6547","4442","1638","828","784","888","876","2223","0","0"
"2023","AUTORIDADES TERRITORIALES","16","BOGOTA D.C.","001","BOGOTA. D.C.","19","21","EL PARAISO","3.440","4.110","0","7.550","0","310","1920","902","674","637","584","644","544","1335","0","0"
"2023","AUTORIDADES TERRITORIALES","16","BOGOTA D.C.","001","BOGOTA. D.C.","19","22","VEREDA QUIBA","664","672","0","1.336","95","176","153","116","142","114","122","105","115","198","0","0"
"2023","AUTORIDADES TERRITORIALES","16","BOGOTA D.C.","001","BOGOTA. D.C.","19","23","MANUELA BELTRAN","2.551","2.983","0","5.534","378","600","481","603","548","619","503","403","361","1037","0","1"
"2023","AUTORIDADES TERRITORIALES","16","BOGOTA D.C.","001","BOGOTA. D.C.","19","24","SIERRA MORENA","6.579","7.235","0","13.814","73","2314","2477","1835","1573","1065","801","805","855","2016","0","0"
"2023","AUTORIDADES TERRITORIALES","16","BOGOTA D.C.","001","BOGOTA. D.C.","19","25","SOTAVENTO","4.428","5.529","0","9.957","524","887","1041","1030","1101","1103","901","948","836","1586","0","0"
"2023","AUTORIDADES TERRITORIALES","16","BOGOTA D.C.","001","BOGOTA. D.C.","19","26","SANTO DOMINGO","3.486","4.032","0","7.518","22","937","972","970","699","656","682","753","686","1141","0","0"
"2023","AUTORIDADES TERRITORIALES","16","BOGOTA D.C.","001","BOGOTA. D.C.","19","27","VILLA GLORIA SUR","1.221","1.471","0","2.692","19","425","349","237","263","278","255","198","169","499","0","0"
"2023","AUTORIDADES TERRITORIALES","16","BOGOTA D.C.","001","BOGOTA. D.C.","19","28","GALICIA","8.953","9.887","0","18.840","101","5464","3043","1484","1477","1423","1163","1213","1182","2290","0","0"
"2023","AUTORIDADES TERRITORIALES","16","BOGOTA D.C.","001","BOGOTA. D.C.","19","29","ARBORIZADORA ALTA","7.138","8.404","0","15.542","2245","2516","1926","1853","1269","1160","902","895","870","1906","0","0"
"2023","AUTORIDADES TERRITORIALES","16","BOGOTA D.C.","001","BOGOTA. D.C.","19","30","CASAVIANCA","1.909","1.906","0","3.815","0","239","734","526","384","438","348","333","252","561","0","0"
"2023","AUTORIDADES TERRITORIALES","16","BOGOTA D.C.","001","BOGOTA. D.C.","19","31","CASONA DEL LIBERTADOR","4.800","5.982","0","10.782","0","325","903","1496","1426","1310","1185","1091","915","2131","0","0"
"2023","AUTORIDADES TERRITORIALES","16","BOGOTA D.C.","001","BOGOTA. D.C.","19","32","MEISSEN","2.589","2.651","0","5.240","46","1111","740","552","509","425","372","371","362","752","0","0"
"2023","AUTORIDADES TERRITORIALES","16","BOGOTA D.C.","001","BOGOTA. D.C.","19","33","POTOSI (LA LAGUNA)","2.513","2.932","0","5.445","0","486","857","873","658","460","448","418","370","875","0","0"
"2023","AUTORIDADES TERRITORIALES","16","BOGOTA D.C.","001","BOGOTA. D.C.","19","34","ALTOS DE JALISCO","667","748","0","1.415","23","199","132","108","155","153","157","115","105","268","0","0"
"2023","AUTORIDADES TERRITORIALES","16","BOGOTA D.C.","001","BOGOTA. D.C.","19","35","ESTRELLA DEL SUR","2.635","2.987","0","5.622","0","481","903","609","555","513","496","510","461","1094","0","0"
"2023","AUTORIDADES TERRITORIALES","16","BOGOTA D.C.","001","BOGOTA. D.C.","19","36","CARACOLI","1.407","1.535","0","2.942","29","708","711","274","201","212","192","190","151","274","0","0"
"2023","AUTORIDADES TERRITORIALES","16","BOGOTA D.C.","001","BOGOTA. D.C.","19","37","SANTA ROSA","98","77","0","175","16","31","27","12","16","9","8","13","8","35","0","0"
"2023","AUTORIDADES TERRITORIALES","16","BOGOTA D.C.","001","BOGOTA. D.C.","19","38","BRISAS DEL VOLADOR","934","1.203","0","2.137","212","287","236","246","219","195","174","143","136","289","0","0"
"2023","AUTORIDADES TERRITORIALES","16","BOGOTA D.C.","001","BOGOTA. D.C.","19","39","DIVINO NIÑO","845","1.010","0","1.855","23","421","269","180","139","141","146","153","132","251","0","0"
"2023","AUTORIDADES TERRITORIALES","16","BOGOTA D.C.","001","BOGOTA. D.C.","19","40","CASA GRANDE","1.221","1.679","0","2.900","0","239","399","326","293","280","327","319","265","452","0","0"
"2023","AUTORIDADES TERRITORIALES","16","BOGOTA D.C.","001","BOGOTA. D.C.","19","41","MONTREAL","839","1.012","0","1.851","4","325","285","176","207","208","154","148","105","239","0","0"
"2023","AUTORIDADES TERRITORIALES","16","BOGOTA D.C.","001","BOGOTA. D.C.","19","42","UNION EUROPEA","853","1.045","0","1.898","267","352","216","202","192","191","121","82","73","202","0","0"
"2023","AUTORIDADES TERRITORIALES","16","BOGOTA D.C.","001","BOGOTA. D.C.","19","43","SAN FRANCISCO SEDE B","2.292","2.623","0","4.915","45","2134","648","340","369","369","258","194","171","387","0","0"
"2023","AUTORIDADES TERRITORIALES","16","BOGOTA D.C.","001","BOGOTA. D.C.","19","44","SAN FRANCISCO SEDE A","3.380","3.992","0","7.372","1512","2210","576","535","520","511","416","346","265","479","0","2"
"2023","AUTORIDADES TERRITORIALES","16","BOGOTA D.C.","001","BOGOTA. D.C.","19","45","JOSE CELESTINO MUTIS","3.691","4.051","0","7.742","132","3405","948","462","582","589","425","323","277","599","0","0"
"2023","AUTORIDADES TERRITORIALES","16","BOGOTA D.C.","001","BOGOTA. D.C.","19","46","BONAVISTA","4.280","5.215","0","9.495","988","2064","1128","862","966","852","602","543","495","995","0","0"
"2023","AUTORIDADES TERRITORIALES","16","BOGOTA D.C.","001","BOGOTA. D.C.","19","47","BELLA FLOR","792","916","0","1.708","496","441","113","97","122","103","83","74","71","108","0","0"
"2023","AUTORIDADES TERRITORIALES","16","BOGOTA D.C.","001","BOGOTA. D.C.","19","48","EL MIRADOR","2.097","2.537","0","4.634","926","1001","486","426","372","355","270","238","187","373","0","0"
"2023","AUTORIDADES TERRITORIALES","16","BOGOTA D.C.","001","BOGOTA. D.C.","19","49","LAS QUINTAS","967","989","0","1.956","650","430","135","165","141","124","90","61","51","109","0","0"
"2023","AUTORIDADES TERRITORIALES","16","BOGOTA D.C.","001","BOGOTA. D.C.","19","50","COLEGIO FANNY MIKEY","1.211","1.435","0","2.646","1066","451","181","209","209","187","90","65","65","123","0","0"
"2023","AUTORIDADES TERRITORIALES","16","BOGOTA D.C.","001","BOGOTA. D.C.","19","51","MARANDU","222","263","0","485","129","96","26","49","48","32","15","15","16","59","0","0"
"2023","AUTORIDADES TERRITORIALES","16","BOGOTA D.C.","001","BOGOTA. D.C.","19","52","LAS MANAS","184","200","0","384","92","88","28","28","32","26","17","18","17","38","0","0"
"2023","AUTORIDADES TERRITORIALES","16","BOGOTA D.C.","001","BOGOTA. D.C.","19","53","BALMORAL","652","718","0","1.370","395","192","121","124","120","105","68","80","68","97","0","0"
"2023","AUTORIDADES TERRITORIALES","16","BOGOTA D.C.","001","BOGOTA. D.C.","19","54","LA CORUÑA - LICEO CONTADORA","1.188","1.344","0","2.532","571","347","214","236","240","221","160","125","117","301","0","0"
"2023","AUTORIDADES TERRITORIALES","16","BOGOTA D.C.","001","BOGOTA. D.C.","19","55","TANQUE-SIERRA MORENA","1.115","1.251","0","2.366","949","395","192","179","136","120","97","92","63","143","0","0"
"2023","AUTORIDADES TERRITORIALES","16","BOGOTA D.C.","001","BOGOTA. D.C.","19","56","ICES LAS BRISAS","278","287","0","565","96","135","50","50","44","45","34","27","16","68","0","0"
"2023","AUTORIDADES TERRITORIALES","16","BOGOTA D.C.","001","BOGOTA. D.C.","19","57","ALTOS DE LA ESTANCIA","1.031","1.001","0","2.032","895","540","105","95","99","94","53","49","40","62","0","0"
"2023","AUTORIDADES TERRITORIALES","16","BOGOTA D.C.","001","BOGOTA. D.C.","19","58","MILLAN","183","201","0","384","71","79","33","34","35","41","23","15","17","36","0","0"
"2023","AUTORIDADES TERRITORIALES","16","BOGOTA D.C.","001","BOGOTA. D.C.","19","59","GRAN PLAZA EL ENSUEÑO","8.958","10.673","0","19.631","3946","4235","2049","2027","1884","1631","1110","819","668","1261","0","1"
"2023","AUTORIDADES TERRITORIALES","16","BOGOTA D.C.","001","BOGOTA. D.C.","19","60","CASA LINDA TUNAL UNIDAD 2","971","1.359","0","2.330","73","537","182","200","165","179","170","197","229","397","0","1"
"2023","AUTORIDADES TERRITORIALES","16","BOGOTA D.C.","001","BOGOTA. D.C.","19","61","ARBORIZADORA BAJA SALON COMUNAL","1.255","1.338","0","2.593","980","223","227","205","211","181","128","128","113","197","0","0"
"2023","AUTORIDADES TERRITORIALES","16","BOGOTA D.C.","001","BOGOTA. D.C.","19","62","SALON COMUNAL SIERRA MORENA I","511","566","0","1.077","601","63","54","65","54","47","45","48","26","74","0","0"
"2023","AUTORIDADES TERRITORIALES","16","BOGOTA D.C.","001","BOGOTA. D.C.","19","63","POLIDEPORTIVO LA ESTANCIA","1.960","2.196","0","4.156","1081","437","437","481","422","349","219","230","186","312","0","2"
"2023","AUTORIDADES TERRITORIALES","16","BOGOTA D.C.","001","BOGOTA. D.C.","19","64","CALASANZ BUENAVISTA","314","395","0","709","236","72","79","67","60","53","31","37","23","51","0","0"
"2023","AUTORIDADES TERRITORIALES","16","BOGOTA D.C.","001","BOGOTA. D.C.","19","65","SALON COMUNAL SANFRANCISCO I SECTOR","749","816","0","1.565","750","89","101","106","93","81","91","88","64","102","0","0"
"2023","AUTORIDADES TERRITORIALES","16","BOGOTA D.C.","001","BOGOTA. D.C.","19","66","CASA DE LA CULTURA CIUDAD BOLIVAR","1.456","1.729","0","3.185","1073","362","330","304","248","221","170","129","123","225","0","0"
"2023","AUTORIDADES TERRITORIALES","16","BOGOTA D.C.","001","BOGOTA. D.C.","19","67","COLEGIO CIUDAD BOLIVAR ARGENTINA IED","895","1.077","0","1.972","539","219","222","185","190","179","126","88","83","140","0","1"
"2023","AUTORIDADES TERRITORIALES","16","BOGOTA D.C.","001","BOGOTA. D.C.","19","68","ROGELIO SALMONA","1.170","1.452","0","2.622","648","175","247","284","285","277","170","164","128","242","0","2"
"2023","AUTORIDADES TERRITORIALES","16","BOGOTA D.C.","001","BOGOTA. D.C.","19","69","JARDIN INFANTIL LARA BONILLA","608","669","0","1.277","359","95","110","124","102","110","89","60","85","142","0","1"
"2023","AUTORIDADES TERRITORIALES","16","BOGOTA D.C.","001","BOGOTA. D.C.","20","01","SAN JUAN DE SUMAPAZ","526","421","0","947","44","86","109","115","101","99","75","90","79","149","0","0"
"2023","AUTORIDADES TERRITORIALES","16","BOGOTA D.C.","001","BOGOTA. D.C.","20","02","NAZARETH","738","737","0","1.475","68","167","186","157","129","125","98","129","141","275","0","0"
"2023","AUTORIDADES TERRITORIALES","16","BOGOTA D.C.","001","BOGOTA. D.C.","20","03","BETANIA","521","467","0","988","40","113","119","115","97","94","61","75","81","193","0","0"
"2023","AUTORIDADES TERRITORIALES","16","BOGOTA D.C.","001","BOGOTA. D.C.","20","04","LA UNION","279","242","0","521","23","57","68","65","62","34","42","48","38","84","0","0"
"2023","AUTORIDADES TERRITORIALES","16","BOGOTA D.C.","001","BOGOTA. D.C.","20","05","LA Y SANTA ROSA","527","513","0","1.040","52","127","118","130","98","91","97","87","86","154","0","0"
"2023","AUTORIDADES TERRITORIALES","16","BOGOTA D.C.","001","BOGOTA. D.C.","20","06","NUEVA GRANADA","133","121","0","254","16","31","28","24","31","20","20","28","15","41","0","0"
"2023","AUTORIDADES TERRITORIALES","16","BOGOTA D.C.","001","BOGOTA. D.C.","90","01","PUESTO CENSO(FERIA EXPOSICION)","166.479","149.479","0","315.958","0","84","11","7","50380","107292","77888","43915","13635","22744","2","0"
"2023","AUTORIDADES TERRITORIALES","16","BOGOTA D.C.","001","BOGOTA. D.C.","98","01","PENITENCIARIA LA PICOTA","509","36","0","545","1","8","31","109","91","121","69","48","33","34","0","0"
"2023","AUTORIDADES TERRITORIALES","16","BOGOTA D.C.","001","BOGOTA. D.C.","98","02","CARCEL DISTRITAL JUDICIAL MODELO","314","17","0","331","0","3","13","42","49","84","52","29","24","35","0","0"
"2023","AUTORIDADES TERRITORIALES","16","BOGOTA D.C.","001","BOGOTA. D.C.","98","03","RECLUSION DE MUJERES EL BUEN PASTOR","10","182","0","192","0","6","18","38","25","29","21","26","12","17","0","0"
"2023","AUTORIDADES TERRITORIALES","16","BOGOTA D.C.","001","BOGOTA. D.C.","98","04","CARCEL DISTRITAL","284","66","0","350","2","21","32","55","56","54","30","44","26","30","0","0"

