"Año","Tipo de elección","Cod_depto","Departamento","Cod_municipio","Municipio","Zona","Cod_puesto","Puesto de votación","Sexo","","","Potencial electoral","Rangos Etareos","","","","","","","","","","",""
"","","","","","","","","","Hombres","Mujeres","Otros","","18-20","21-25","26-30","31-35","36-40","41-45","46-50","51-55","56-60","mas de 60","sin fecha de nacimiento","extranjero"
"2019","AUTORIDADES TERRITORIALES","16","BOGOTA D.C.","001","BOGOTA. D.C.","01","01","USAQUÉN","18.503","16.472","0","34.975","1808","5092","6497","3787","1391","1967","5987","2026","1838","4582","0","0"
"2019","AUTORIDADES TERRITORIALES","16","BOGOTA D.C.","001","BOGOTA. D.C.","01","02","SERVITA","12.159","15.126","0","27.285","62","3597","3965","3389","2123","2011","2181","2480","2177","5300","0","0"
"2019","AUTORIDADES TERRITORIALES","16","BOGOTA D.C.","001","BOGOTA. D.C.","01","03","CALAZANS","5.332","6.336","0","11.668","453","1426","1951","1331","964","911","892","917","793","2030","0","0"
"2019","AUTORIDADES TERRITORIALES","16","BOGOTA D.C.","001","BOGOTA. D.C.","01","04","AQUILEO PARRA","7.675","9.252","0","16.927","881","2768","1673","1970","1521","1476","1420","1379","1187","2652","0","0"
"2019","AUTORIDADES TERRITORIALES","16","BOGOTA D.C.","001","BOGOTA. D.C.","01","05","LIJACA","6.121","7.049","0","13.170","502","1963","2764","1488","1238","1015","965","869","748","1618","0","0"
"2019","AUTORIDADES TERRITORIALES","16","BOGOTA D.C.","001","BOGOTA. D.C.","01","06","SAN ANTONIO UNIÓN COLOMBIA","5.868","6.891","0","12.759","949","2143","1483","1221","1176","1048","1026","1006","915","1791","0","1"
"2019","AUTORIDADES TERRITORIALES","16","BOGOTA D.C.","001","BOGOTA. D.C.","01","07","BARRANCAS","6.169","7.184","0","13.353","798","2419","2035","1205","898","931","871","940","904","2351","1","0"
"2019","AUTORIDADES TERRITORIALES","16","BOGOTA D.C.","001","BOGOTA. D.C.","01","08","LOS CEDRITOS 151","10.661","14.393","0","25.054","96","1424","2597","1852","2121","2126","1953","2131","2326","8428","0","0"
"2019","AUTORIDADES TERRITORIALES","16","BOGOTA D.C.","001","BOGOTA. D.C.","01","09","UNIVERSIDAD DEL BOSQUE","8.863","11.369","0","20.232","935","2993","2510","1995","1415","1378","1137","1326","1488","5055","0","0"
"2019","AUTORIDADES TERRITORIALES","16","BOGOTA D.C.","001","BOGOTA. D.C.","01","10","SANTO TOMAS DE AQUINO","8.572","11.218","0","19.790","33","1378","1837","1498","1655","1633","1530","1571","1777","6878","0","0"
"2019","AUTORIDADES TERRITORIALES","16","BOGOTA D.C.","001","BOGOTA. D.C.","01","11","INSTITUTO PEDAGOGICO","7.597","8.790","0","16.387","802","2338","1624","4870","1047","903","738","836","847","2382","0","0"
"2019","AUTORIDADES TERRITORIALES","16","BOGOTA D.C.","001","BOGOTA. D.C.","01","12","UNICENTRO","17.232","21.297","0","38.529","84","1135","3367","3814","3102","3591","3418","3975","3637","12406","0","0"
"2019","AUTORIDADES TERRITORIALES","16","BOGOTA D.C.","001","BOGOTA. D.C.","01","13","PLAZA MEXICO","6.668","8.116","0","14.784","388","1465","1595","1250","1317","1132","1028","1316","1419","3874","0","0"
"2019","AUTORIDADES TERRITORIALES","16","BOGOTA D.C.","001","BOGOTA. D.C.","01","14","SANTA PAULA","5.363","6.752","0","12.115","357","1451","1363","1218","1303","1205","905","950","865","2498","0","0"
"2019","AUTORIDADES TERRITORIALES","16","BOGOTA D.C.","001","BOGOTA. D.C.","01","15","HACIENDA SANTA BARBARA","6.689","8.316","0","15.005","386","1281","1448","1298","1234","1347","1152","1320","1433","4106","0","0"
"2019","AUTORIDADES TERRITORIALES","16","BOGOTA D.C.","001","BOGOTA. D.C.","01","16","ALTOS DE SAN ISIDRO","1.282","1.280","0","2.562","123","373","325","244","232","257","241","202","198","367","0","0"
"2019","AUTORIDADES TERRITORIALES","16","BOGOTA D.C.","001","BOGOTA. D.C.","01","17","LAS ORQUIDEAS","7.275","8.789","0","16.064","539","1802","1532","1540","1624","1526","1457","1429","1292","3323","0","0"
"2019","AUTORIDADES TERRITORIALES","16","BOGOTA D.C.","001","BOGOTA. D.C.","01","18","LOS CEDRITOS","6.010","7.927","0","13.937","275","1126","1333","1299","1413","1261","1047","1043","1159","3981","0","0"
"2019","AUTORIDADES TERRITORIALES","16","BOGOTA D.C.","001","BOGOTA. D.C.","01","19","CEDRO GOLF","5.646","7.135","0","12.781","684","1397","1607","1055","1143","1083","889","870","997","3048","0","8"
"2019","AUTORIDADES TERRITORIALES","16","BOGOTA D.C.","001","BOGOTA. D.C.","01","20","BUENAVISTA","4.026","4.824","0","8.850","421","1526","1417","983","811","784","686","579","499","1144","0","0"
"2019","AUTORIDADES TERRITORIALES","16","BOGOTA D.C.","001","BOGOTA. D.C.","01","21","CANAIMA","2.619","2.361","0","4.980","131","1488","1637","282","284","267","209","188","184","310","0","0"
"2019","AUTORIDADES TERRITORIALES","16","BOGOTA D.C.","001","BOGOTA. D.C.","01","22","ALESSANDRO VOLTA","1.615","1.943","0","3.558","427","407","324","389","423","346","277","255","229","479","0","2"
"2019","AUTORIDADES TERRITORIALES","16","BOGOTA D.C.","001","BOGOTA. D.C.","01","23","LA CAROLINA","1.307","1.756","0","3.063","273","366","281","306","388","317","241","234","198","459","0","0"
"2019","AUTORIDADES TERRITORIALES","16","BOGOTA D.C.","001","BOGOTA. D.C.","01","24","CRISTOBAL COLON","2.056","2.500","0","4.556","695","450","421","487","566","473","366","301","259","534","0","4"
"2019","AUTORIDADES TERRITORIALES","16","BOGOTA D.C.","001","BOGOTA. D.C.","01","25","DIVINO MAESTRO ""A""","2.018","2.627","0","4.645","623","644","462","550","567","506","338","311","231","413","0","0"
"2019","AUTORIDADES TERRITORIALES","16","BOGOTA D.C.","001","BOGOTA. D.C.","01","26","DIVINO MAESTRO ""B""","1.354","1.553","0","2.907","965","667","186","211","241","183","136","103","69","146","0","0"
"2019","AUTORIDADES TERRITORIALES","16","BOGOTA D.C.","001","BOGOTA. D.C.","01","27","LAS MARGARITAS","4.347","5.835","0","10.182","1047","1095","946","1079","1112","852","741","722","681","1900","0","7"
"2019","AUTORIDADES TERRITORIALES","16","BOGOTA D.C.","001","BOGOTA. D.C.","01","28","ALTA BLANCA","1.073","1.453","0","2.526","362","260","232","312","300","248","187","156","154","314","0","1"
"2019","AUTORIDADES TERRITORIALES","16","BOGOTA D.C.","001","BOGOTA. D.C.","01","29","COLEGIO TOBERIN ""B""","1.474","1.856","0","3.330","480","328","351","341","377","336","269","244","200","403","0","1"
"2019","AUTORIDADES TERRITORIALES","16","BOGOTA D.C.","001","BOGOTA. D.C.","01","30","EL PITE","323","417","0","740","127","94","72","69","104","62","61","42","41","68","0","0"
"2019","AUTORIDADES TERRITORIALES","16","BOGOTA D.C.","001","BOGOTA. D.C.","01","31","EL CODITO","1.139","1.303","0","2.442","948","722","143","140","147","99","56","58","44","85","0","0"
"2019","AUTORIDADES TERRITORIALES","16","BOGOTA D.C.","001","BOGOTA. D.C.","01","32","VERBENAL SANTA MARIA","2.087","2.738","0","4.825","833","482","583","559","615","425","347","272","244","462","0","3"
"2019","AUTORIDADES TERRITORIALES","16","BOGOTA D.C.","001","BOGOTA. D.C.","01","33","SALUDCOOP NORTE","1.489","1.923","0","3.412","442","427","404","441","469","331","240","206","167","284","0","1"
"2019","AUTORIDADES TERRITORIALES","16","BOGOTA D.C.","001","BOGOTA. D.C.","01","34","TORCA","149","144","0","293","106","54","13","7","18","15","21","14","17","28","0","0"
"2019","AUTORIDADES TERRITORIALES","16","BOGOTA D.C.","001","BOGOTA. D.C.","01","35","CARULLA 140","3.756","5.593","0","9.349","675","622","1038","1341","1224","830","583","598","616","1822","0","0"
"2019","AUTORIDADES TERRITORIALES","16","BOGOTA D.C.","001","BOGOTA. D.C.","01","36","COLEGIO SAN FRANCISCO CL 186","339","410","0","749","189","67","90","76","90","64","50","44","43","36","0","0"
"2019","AUTORIDADES TERRITORIALES","16","BOGOTA D.C.","001","BOGOTA. D.C.","01","37","BUEN CONSEJO","635","782","0","1.417","123","79","157","183","224","138","84","86","89","226","0","28"
"2019","AUTORIDADES TERRITORIALES","16","BOGOTA D.C.","001","BOGOTA. D.C.","01","38","PLAZOLETA SANTA BARBARA","1.008","1.155","0","2.163","496","166","221","214","200","164","143","148","143","250","0","18"
"2019","AUTORIDADES TERRITORIALES","16","BOGOTA D.C.","001","BOGOTA. D.C.","01","39","UNIVERSIDAD MILITAR","252","245","0","497","91","68","65","50","54","37","34","25","18","51","0","4"
"2019","AUTORIDADES TERRITORIALES","16","BOGOTA D.C.","001","BOGOTA. D.C.","01","40","LA ESTRELLITA","174","287","0","461","112","42","38","65","50","37","40","31","13","33","0","0"
"2019","AUTORIDADES TERRITORIALES","16","BOGOTA D.C.","001","BOGOTA. D.C.","01","41","ESCLAVAS DEL SAGRADO CORAZON","470","558","0","1.028","116","98","118","110","99","103","75","81","53","173","0","2"
"2019","AUTORIDADES TERRITORIALES","16","BOGOTA D.C.","001","BOGOTA. D.C.","01","42","CARDENAL SANCHA","652","819","0","1.471","178","130","166","171","141","116","102","108","87","253","0","19"
"2019","AUTORIDADES TERRITORIALES","16","BOGOTA D.C.","001","BOGOTA. D.C.","01","43","SIERVAS SAN JOSE LA CALLEJA","398","480","0","878","114","67","77","91","101","71","69","68","62","151","0","7"
"2019","AUTORIDADES TERRITORIALES","16","BOGOTA D.C.","001","BOGOTA. D.C.","01","44","COLEGIO PROVINMA","1.060","1.376","0","2.436","240","177","285","304","268","178","166","172","176","447","0","23"
"2019","AUTORIDADES TERRITORIALES","16","BOGOTA D.C.","001","BOGOTA. D.C.","01","45","COLEGIO SANS FACON","236","267","0","503","85","40","38","45","64","51","37","40","34","64","0","5"
"2019","AUTORIDADES TERRITORIALES","16","BOGOTA D.C.","001","BOGOTA. D.C.","01","46","ANGLO AMERICANO","249","302","0","551","75","43","50","67","84","61","41","37","29","64","0","0"
"2019","AUTORIDADES TERRITORIALES","16","BOGOTA D.C.","001","BOGOTA. D.C.","01","47","PUREZA DE MARÍA","331","375","0","706","155","39","66","82","76","52","57","46","43","88","0","2"
"2019","AUTORIDADES TERRITORIALES","16","BOGOTA D.C.","001","BOGOTA. D.C.","02","01","CHICO NORTE","20.073","5.494","0","25.567","1561","2121","3357","3155","4244","3451","1909","1135","1141","3493","0","0"
"2019","AUTORIDADES TERRITORIALES","16","BOGOTA D.C.","001","BOGOTA. D.C.","02","02","CHICO RESERVADO","3.746","12.818","0","16.564","747","1395","1483","1282","2978","1771","1178","1181","1116","3432","1","0"
"2019","AUTORIDADES TERRITORIALES","16","BOGOTA D.C.","001","BOGOTA. D.C.","02","03","CHICO LICEO FRANCES LOUIS PAST","7.020","8.103","0","15.123","1002","1383","1008","1180","1219","1329","1233","1238","1409","4108","0","14"
"2019","AUTORIDADES TERRITORIALES","16","BOGOTA D.C.","001","BOGOTA. D.C.","02","04","ANTIGUO COUNTRY PLAZOLETA CARU","6.084","6.745","0","12.829","179","649","884","1248","1302","1280","1069","1187","1304","3727","0","0"
"2019","AUTORIDADES TERRITORIALES","16","BOGOTA D.C.","001","BOGOTA. D.C.","02","05","UNIVERSIDAD EAN","4.279","5.116","0","9.395","298","781","890","838","776","821","706","766","805","2708","0","6"
"2019","AUTORIDADES TERRITORIALES","16","BOGOTA D.C.","001","BOGOTA. D.C.","02","06","UNIVERSIDAD SERGIO ARBOLEDA","3.011","2.749","0","5.760","282","629","817","816","575","452","393","385","420","972","0","19"
"2019","AUTORIDADES TERRITORIALES","16","BOGOTA D.C.","001","BOGOTA. D.C.","02","07","UNIVERSIDAD PEDAGOGICA NACIONA","3.572","4.127","0","7.699","396","572","513","678","613","644","661","772","751","2091","0","8"
"2019","AUTORIDADES TERRITORIALES","16","BOGOTA D.C.","001","BOGOTA. D.C.","02","08","GRANADA COLEGIO SIMON RODRIGUEZ SD B","2.101","2.362","0","4.463","29","1206","1004","435","329","296","225","204","198","537","0","0"
"2019","AUTORIDADES TERRITORIALES","16","BOGOTA D.C.","001","BOGOTA. D.C.","02","09","SENA CALLE 65","4.634","4.110","0","8.744","48","886","527","911","808","768","823","946","888","2139","0","0"
"2019","AUTORIDADES TERRITORIALES","16","BOGOTA D.C.","001","BOGOTA. D.C.","02","10","UNIVERSIDAD KONRAD LORENZ","4.148","6.994","0","11.142","263","561","570","665","1138","961","787","924","1221","4052","0","0"
"2019","AUTORIDADES TERRITORIALES","16","BOGOTA D.C.","001","BOGOTA. D.C.","02","11","SENA CALLE 52","5.524","5.490","0","11.014","691","1258","1668","1736","1259","935","671","662","619","1515","0","0"
"2019","AUTORIDADES TERRITORIALES","16","BOGOTA D.C.","001","BOGOTA. D.C.","02","12","UNIVERSIDAD PILOTO","2.677","4.420","0","7.097","36","594","287","375","553","552","596","674","829","2601","0","0"
"2019","AUTORIDADES TERRITORIALES","16","BOGOTA D.C.","001","BOGOTA. D.C.","02","13","COLEGIO CAMPESTRE MONTEVERDE S","2.540","3.038","0","5.578","350","839","883","614","551","432","394","365","345","804","0","1"
"2019","AUTORIDADES TERRITORIALES","16","BOGOTA D.C.","001","BOGOTA. D.C.","02","14","COLEGIO SIMON RODRIGUEZ SEDE A","4.571","2.505","0","7.076","227","400","872","1430","1057","966","825","672","334","289","0","4"
"2019","AUTORIDADES TERRITORIALES","16","BOGOTA D.C.","001","BOGOTA. D.C.","02","15","UNIVERSIDAD DISTRITAL","5.300","3.981","0","9.281","608","1043","1979","1724","1156","967","604","581","300","317","0","2"
"2019","AUTORIDADES TERRITORIALES","16","BOGOTA D.C.","001","BOGOTA. D.C.","02","16","CENTRO COMERCIAL DE LA 93","1.855","2.197","0","4.052","249","376","552","600","514","360","274","259","259","597","0","12"
"2019","AUTORIDADES TERRITORIALES","16","BOGOTA D.C.","001","BOGOTA. D.C.","02","17","MUSEO DEL CHICO","728","936","0","1.664","117","178","204","218","212","172","138","115","104","206","0","0"
"2019","AUTORIDADES TERRITORIALES","16","BOGOTA D.C.","001","BOGOTA. D.C.","02","18","COLEGIO SAN MARTIN DE PORRES","326","436","0","762","148","128","69","73","76","69","66","37","41","55","0","0"
"2019","AUTORIDADES TERRITORIALES","16","BOGOTA D.C.","001","BOGOTA. D.C.","02","19","MARISCAL SUCRE SEDE B","305","360","0","665","150","152","76","59","46","47","23","43","23","46","0","0"
"2019","AUTORIDADES TERRITORIALES","16","BOGOTA D.C.","001","BOGOTA. D.C.","02","20","BETHLEMITAS-CALLE 65","470","460","0","930","96","99","135","128","121","88","56","48","61","90","0","8"
"2019","AUTORIDADES TERRITORIALES","16","BOGOTA D.C.","001","BOGOTA. D.C.","02","21","U. SANTO TOMAS CLAUSTRO","470","435","0","905","91","134","164","156","109","50","56","32","49","62","0","2"
"2019","AUTORIDADES TERRITORIALES","16","BOGOTA D.C.","001","BOGOTA. D.C.","02","22","EL AQUINATE U. SANTO TOMAS","246","210","0","456","31","45","79","73","55","29","35","28","32","47","0","2"
"2019","AUTORIDADES TERRITORIALES","16","BOGOTA D.C.","001","BOGOTA. D.C.","02","23","COLEGIO NUEVO GIMNASIO","182","205","0","387","114","31","53","37","40","28","19","15","17","32","0","1"
"2019","AUTORIDADES TERRITORIALES","16","BOGOTA D.C.","001","BOGOTA. D.C.","02","24","UNIVERSIDAD CATOLICA","397","428","0","825","101","125","172","113","85","52","42","44","40","50","0","1"
"2019","AUTORIDADES TERRITORIALES","16","BOGOTA D.C.","001","BOGOTA. D.C.","02","25","UNIVERSIDAD DE LA SALLE","570","444","0","1.014","91","106","154","201","140","82","55","54","43","80","0","8"
"2019","AUTORIDADES TERRITORIALES","16","BOGOTA D.C.","001","BOGOTA. D.C.","03","01","CAMILO TORRES","3.951","3.659","0","7.610","759","634","1067","1226","728","554","484","550","494","1108","0","6"
"2019","AUTORIDADES TERRITORIALES","16","BOGOTA D.C.","001","BOGOTA. D.C.","03","02","LA PERSEVERANCIA","3.214","3.428","0","6.642","295","1191","1258","810","469","345","376","418","361","1119","0","0"
"2019","AUTORIDADES TERRITORIALES","16","BOGOTA D.C.","001","BOGOTA. D.C.","03","03","POLICARPA SALAVARRIETA","2.549","2.595","0","5.144","125","282","644","513","430","475","455","469","451","1300","0","0"
"2019","AUTORIDADES TERRITORIALES","16","BOGOTA D.C.","001","BOGOTA. D.C.","03","04","PALACIO SAN FRANCISCO","6.537","4.813","0","11.350","174","669","1135","924","1064","1102","1094","1228","1151","2808","0","1"
"2019","AUTORIDADES TERRITORIALES","16","BOGOTA D.C.","001","BOGOTA. D.C.","03","05","BIBLIOTECA DISTRITAL ANTONIO N","2.526","1.803","0","4.329","77","255","480","453","381","392","420","496","419","956","0","0"
"2019","AUTORIDADES TERRITORIALES","16","BOGOTA D.C.","001","BOGOTA. D.C.","03","06","LOS LACHES","3.437","3.606","0","7.043","712","1162","749","746","531","452","488","576","526","1101","0","0"
"2019","AUTORIDADES TERRITORIALES","16","BOGOTA D.C.","001","BOGOTA. D.C.","03","07","CENTRO ORIENTE","1.863","2.143","0","4.006","211","375","282","369","394","310","353","380","348","984","0","0"
"2019","AUTORIDADES TERRITORIALES","16","BOGOTA D.C.","001","BOGOTA. D.C.","03","08","SAN BERNARDO","2.471","2.538","0","5.009","352","576","509","422","328","360","383","460","445","1174","0","0"
"2019","AUTORIDADES TERRITORIALES","16","BOGOTA D.C.","001","BOGOTA. D.C.","03","09","LAS CRUCES","5.408","5.321","0","10.729","542","1257","1026","1010","800","794","949","966","897","2488","0","0"
"2019","AUTORIDADES TERRITORIALES","16","BOGOTA D.C.","001","BOGOTA. D.C.","03","10","GIRARDOT","1.848","2.142","0","3.990","428","711","532","493","285","259","226","242","226","588","0","0"
"2019","AUTORIDADES TERRITORIALES","16","BOGOTA D.C.","001","BOGOTA. D.C.","03","11","EL CONSUELO","3.095","3.661","0","6.756","369","932","899","619","535","530","640","632","497","1103","0","0"
"2019","AUTORIDADES TERRITORIALES","16","BOGOTA D.C.","001","BOGOTA. D.C.","03","12","MEDICINA LEGAL","1.466","1.042","0","2.508","43","168","225","253","340","285","279","281","247","387","0","0"
"2019","AUTORIDADES TERRITORIALES","16","BOGOTA D.C.","001","BOGOTA. D.C.","03","13","LAS AGUAS","2.444","2.266","0","4.710","501","718","473","463","442","325","354","340","345","749","0","0"
"2019","AUTORIDADES TERRITORIALES","16","BOGOTA D.C.","001","BOGOTA. D.C.","03","14","LAS NIEVES","3.771","3.347","0","7.118","239","591","578","731","687","651","657","651","753","1580","0","0"
"2019","AUTORIDADES TERRITORIALES","16","BOGOTA D.C.","001","BOGOTA. D.C.","03","15","EL VERJON","220","201","0","421","58","39","94","40","36","32","19","23","22","58","0","0"
"2019","AUTORIDADES TERRITORIALES","16","BOGOTA D.C.","001","BOGOTA. D.C.","03","16","EL GRAN SAN","511","514","0","1.025","78","130","110","117","106","115","87","107","77","97","0","1"
"2019","AUTORIDADES TERRITORIALES","16","BOGOTA D.C.","001","BOGOTA. D.C.","03","17","COLEGIO RAMON JIMENO","34","45","0","79","19","9","6","9","6","7","7","5","6","5","0","0"
"2019","AUTORIDADES TERRITORIALES","16","BOGOTA D.C.","001","BOGOTA. D.C.","03","18","COLEGIO LA GIRALDA","504","664","0","1.168","94","106","125","130","126","122","107","94","81","183","0","0"
"2019","AUTORIDADES TERRITORIALES","16","BOGOTA D.C.","001","BOGOTA. D.C.","03","19","UNIVERSIDAD JORGE TADEO LOZANO","912","1.138","0","2.050","282","236","299","228","197","138","163","159","109","236","0","3"
"2019","AUTORIDADES TERRITORIALES","16","BOGOTA D.C.","001","BOGOTA. D.C.","03","20","UNIVERSIDAD INCCA DE COLOMBIA","259","254","0","513","47","57","45","50","51","38","45","48","56","76","0","0"
"2019","AUTORIDADES TERRITORIALES","16","BOGOTA D.C.","001","BOGOTA. D.C.","04","01","LAS BRISAS","2.961","2.757","0","5.718","460","960","1166","1298","311","260","265","289","222","487","0","0"
"2019","AUTORIDADES TERRITORIALES","16","BOGOTA D.C.","001","BOGOTA. D.C.","04","02","SANTA ANA SUR","4.300","4.722","0","9.022","1785","1237","1203","724","432","445","459","588","539","1610","0","0"
"2019","AUTORIDADES TERRITORIALES","16","BOGOTA D.C.","001","BOGOTA. D.C.","04","03","SAN CRISTOBAL SUR","6.897","7.436","0","14.333","286","3964","2122","1824","710","710","809","976","875","2057","0","0"
"2019","AUTORIDADES TERRITORIALES","16","BOGOTA D.C.","001","BOGOTA. D.C.","04","04","LAS MERCEDES","4.350","4.897","0","9.247","602","918","1489","1086","750","733","716","776","675","1502","0","0"
"2019","AUTORIDADES TERRITORIALES","16","BOGOTA D.C.","001","BOGOTA. D.C.","04","05","SAN BLAS","6.764","7.686","0","14.450","1663","2365","1940","1762","1038","903","941","1104","888","1845","0","1"
"2019","AUTORIDADES TERRITORIALES","16","BOGOTA D.C.","001","BOGOTA. D.C.","04","06","PRIMERA DE MAYO","3.313","3.696","0","7.009","377","760","1124","676","615","517","560","583","510","1286","0","1"
"2019","AUTORIDADES TERRITORIALES","16","BOGOTA D.C.","001","BOGOTA. D.C.","04","07","SOSIEGO","2.997","3.249","0","6.246","355","832","625","882","389","445","463","550","502","1203","0","0"
"2019","AUTORIDADES TERRITORIALES","16","BOGOTA D.C.","001","BOGOTA. D.C.","04","08","JUAN DEL RIZZO","8.185","8.414","0","16.599","67","3328","1962","1440","941","1036","1199","1502","1458","3666","0","0"
"2019","AUTORIDADES TERRITORIALES","16","BOGOTA D.C.","001","BOGOTA. D.C.","04","09","MONTEBELLO","5.805","6.822","0","12.627","555","1168","1851","1235","904","947","1027","1270","1062","2608","0","0"
"2019","AUTORIDADES TERRITORIALES","16","BOGOTA D.C.","001","BOGOTA. D.C.","04","10","RAMAJAL","2.550","2.804","0","5.354","243","859","961","537","417","359","390","423","359","806","0","0"
"2019","AUTORIDADES TERRITORIALES","16","BOGOTA D.C.","001","BOGOTA. D.C.","04","11","BELLO HORIZONTE","5.171","5.782","0","10.953","648","1641","1625","1102","703","719","785","974","857","1899","0","0"
"2019","AUTORIDADES TERRITORIALES","16","BOGOTA D.C.","001","BOGOTA. D.C.","04","12","SAN ISIDRO","5.626","6.413","0","12.039","694","1874","1659","1000","927","904","970","1062","874","2075","0","0"
"2019","AUTORIDADES TERRITORIALES","16","BOGOTA D.C.","001","BOGOTA. D.C.","04","13","PARQUEADERO GUACAMAYAS","3.430","3.882","0","7.312","18","916","1324","842","533","593","635","583","485","1383","0","0"
"2019","AUTORIDADES TERRITORIALES","16","BOGOTA D.C.","001","BOGOTA. D.C.","04","14","SAN MARTIN DE LOBA SUR","5.073","5.939","0","11.012","712","1642","1330","1086","987","890","921","1004","738","1702","0","0"
"2019","AUTORIDADES TERRITORIALES","16","BOGOTA D.C.","001","BOGOTA. D.C.","04","15","BELLAVISTA SAN CRISTOBAL","3.944","4.803","0","8.747","406","902","1236","894","802","782","789","827","720","1389","0","0"
"2019","AUTORIDADES TERRITORIALES","16","BOGOTA D.C.","001","BOGOTA. D.C.","04","16","LA VICTORIA A","10.758","11.399","0","22.157","166","3195","2852","2354","1659","1772","1990","2245","1801","4123","0","0"
"2019","AUTORIDADES TERRITORIALES","16","BOGOTA D.C.","001","BOGOTA. D.C.","04","17","ALTAMIRA","6.339","7.065","0","13.404","1053","2220","1948","1622","846","897","999","1065","877","1877","0","0"
"2019","AUTORIDADES TERRITORIALES","16","BOGOTA D.C.","001","BOGOTA. D.C.","04","18","EL QUINDIO","1.957","2.329","0","4.286","336","542","604","522","319","316","318","392","320","617","0","0"
"2019","AUTORIDADES TERRITORIALES","16","BOGOTA D.C.","001","BOGOTA. D.C.","04","19","REPUBLICA DEL CANADA","2.766","3.308","0","6.074","332","574","640","632","549","552","529","587","490","1189","0","0"
"2019","AUTORIDADES TERRITORIALES","16","BOGOTA D.C.","001","BOGOTA. D.C.","04","20","LA GLORIA","4.584","5.080","0","9.664","74","1634","1276","890","707","721","803","850","774","1935","0","0"
"2019","AUTORIDADES TERRITORIALES","16","BOGOTA D.C.","001","BOGOTA. D.C.","04","21","JUAN REY","4.280","4.778","0","9.058","1170","2089","1314","1018","534","506","492","513","455","967","0","0"
"2019","AUTORIDADES TERRITORIALES","16","BOGOTA D.C.","001","BOGOTA. D.C.","04","22","VILLA DE LOS ALPES","4.930","5.506","0","10.436","612","1385","1429","1097","934","817","797","873","809","1683","0","0"
"2019","AUTORIDADES TERRITORIALES","16","BOGOTA D.C.","001","BOGOTA. D.C.","04","23","LOS LIBERTADORES","4.055","4.520","0","8.575","67","1511","1152","825","610","676","769","815","610","1540","0","0"
"2019","AUTORIDADES TERRITORIALES","16","BOGOTA D.C.","001","BOGOTA. D.C.","04","24","SAN PEDRO SUR ORIENTAL","2.471","2.840","0","5.311","239","432","646","530","608","534","530","527","417","848","0","0"
"2019","AUTORIDADES TERRITORIALES","16","BOGOTA D.C.","001","BOGOTA. D.C.","04","25","VILLA DEL CERRO","1.974","2.334","0","4.308","308","445","449","444","467","433","416","386","339","621","0","0"
"2019","AUTORIDADES TERRITORIALES","16","BOGOTA D.C.","001","BOGOTA. D.C.","04","26","CANADA GUIRA","1.317","1.497","0","2.814","246","401","349","247","250","217","274","249","189","392","0","0"
"2019","AUTORIDADES TERRITORIALES","16","BOGOTA D.C.","001","BOGOTA. D.C.","04","27","ARBOLEDA SUR","2.899","3.661","0","6.560","122","191","636","1679","509","508","471","523","540","1381","0","0"
"2019","AUTORIDADES TERRITORIALES","16","BOGOTA D.C.","001","BOGOTA. D.C.","04","28","20 DE JULIO SEDE B","2.471","2.770","0","5.241","1149","958","463","420","440","333","292","367","284","535","0","0"
"2019","AUTORIDADES TERRITORIALES","16","BOGOTA D.C.","001","BOGOTA. D.C.","04","29","SAN JUAN BOSCO SANTA ANA","966","1.309","0","2.275","213","229","234","249","266","232","195","191","162","304","0","0"
"2019","AUTORIDADES TERRITORIALES","16","BOGOTA D.C.","001","BOGOTA. D.C.","04","30","SAN GERONIMO","363","438","0","801","116","81","64","76","103","97","64","55","44","101","0","0"
"2019","AUTORIDADES TERRITORIALES","16","BOGOTA D.C.","001","BOGOTA. D.C.","04","31","SURAMERICA","541","645","0","1.186","294","169","101","126","104","81","70","70","67","104","0","0"
"2019","AUTORIDADES TERRITORIALES","16","BOGOTA D.C.","001","BOGOTA. D.C.","04","32","SAN VICENTE COLSUBSIDIO","603","862","0","1.465","254","260","121","142","171","113","99","100","88","116","0","1"
"2019","AUTORIDADES TERRITORIALES","16","BOGOTA D.C.","001","BOGOTA. D.C.","04","33","GUACAMAYAS II","1.107","1.292","0","2.399","785","645","126","142","164","139","101","79","72","145","0","1"
"2019","AUTORIDADES TERRITORIALES","16","BOGOTA D.C.","001","BOGOTA. D.C.","04","34","ESCUELA LA VICTORIA B","1.271","1.681","0","2.952","899","273","242","237","343","234","182","173","121","248","0","0"
"2019","AUTORIDADES TERRITORIALES","16","BOGOTA D.C.","001","BOGOTA. D.C.","04","35","JUANA ESCOBAR SEDE A","585","756","0","1.341","223","168","127","138","146","117","97","78","68","179","0","0"
"2019","AUTORIDADES TERRITORIALES","16","BOGOTA D.C.","001","BOGOTA. D.C.","04","36","ROMA COLSUBSIDIO","134","198","0","332","82","51","33","29","48","28","17","15","15","14","0","0"
"2019","AUTORIDADES TERRITORIALES","16","BOGOTA D.C.","001","BOGOTA. D.C.","04","37","LA GLORIA- ESCUELA ALTAMIRA","734","875","0","1.609","760","92","122","106","132","88","94","67","55","93","0","0"
"2019","AUTORIDADES TERRITORIALES","16","BOGOTA D.C.","001","BOGOTA. D.C.","04","38","RAMAJAL AMAPOLAS","233","278","0","511","173","22","52","37","54","34","34","28","24","53","0","0"
"2019","AUTORIDADES TERRITORIALES","16","BOGOTA D.C.","001","BOGOTA. D.C.","04","39","EL RODEO SEDE B LA GLORIA","283","330","0","613","151","50","74","61","64","44","42","34","28","65","0","0"
"2019","AUTORIDADES TERRITORIALES","16","BOGOTA D.C.","001","BOGOTA. D.C.","04","40","EL PORTAL","541","572","0","1.113","364","74","115","142","94","75","61","60","55","73","0","0"
"2019","AUTORIDADES TERRITORIALES","16","BOGOTA D.C.","001","BOGOTA. D.C.","04","41","LA CASTAÑA","138","181","0","319","50","18","34","37","38","20","28","13","29","52","0","0"
"2019","AUTORIDADES TERRITORIALES","16","BOGOTA D.C.","001","BOGOTA. D.C.","04","42","ATENAS","307","360","0","667","85","70","61","53","55","57","84","55","56","91","0","0"
"2019","AUTORIDADES TERRITORIALES","16","BOGOTA D.C.","001","BOGOTA. D.C.","04","43","VILLA JAVIER LA MARIA","131","182","0","313","40","24","22","36","44","26","28","26","15","52","0","0"
"2019","AUTORIDADES TERRITORIALES","16","BOGOTA D.C.","001","BOGOTA. D.C.","04","44","LA BELLEZA","215","304","0","519","104","37","56","40","62","44","44","38","36","58","0","0"
"2019","AUTORIDADES TERRITORIALES","16","BOGOTA D.C.","001","BOGOTA. D.C.","04","45","AGUAS CLARAS","306","423","0","729","61","59","67","70","84","60","67","69","70","122","0","0"
"2019","AUTORIDADES TERRITORIALES","16","BOGOTA D.C.","001","BOGOTA. D.C.","05","01","USME","6.436","6.562","0","12.998","1808","2463","1820","1596","736","738","1104","793","619","1321","0","0"
"2019","AUTORIDADES TERRITORIALES","16","BOGOTA D.C.","001","BOGOTA. D.C.","05","02","EL DESTINO","1.134","931","0","2.065","143","245","712","461","88","48","58","64","82","164","0","0"
"2019","AUTORIDADES TERRITORIALES","16","BOGOTA D.C.","001","BOGOTA. D.C.","05","03","MONTEBLANCO","5.468","6.058","0","11.526","1266","1794","1687","1292","891","827","809","848","662","1449","0","1"
"2019","AUTORIDADES TERRITORIALES","16","BOGOTA D.C.","001","BOGOTA. D.C.","05","04","SANTA MARTA","3.678","3.992","0","7.670","554","812","1232","1104","662","562","607","584","455","1098","0","0"
"2019","AUTORIDADES TERRITORIALES","16","BOGOTA D.C.","001","BOGOTA. D.C.","05","05","SANTA LIBRADA","8.365","9.177","0","17.542","129","2125","3343","2525","1257","1287","1385","1403","1160","2928","0","0"
"2019","AUTORIDADES TERRITORIALES","16","BOGOTA D.C.","001","BOGOTA. D.C.","05","06","ALMIRANTE PADILLA","6.671","7.722","0","14.393","41","769","2044","2286","1498","1326","1372","1317","1152","2588","0","0"
"2019","AUTORIDADES TERRITORIALES","16","BOGOTA D.C.","001","BOGOTA. D.C.","05","07","USMINIA","3.544","4.036","0","7.580","41","759","1580","924","567","513","605","599","624","1368","0","0"
"2019","AUTORIDADES TERRITORIALES","16","BOGOTA D.C.","001","BOGOTA. D.C.","05","08","MARICHUELA","5.703","6.493","0","12.196","39","1092","1618","2302","1111","1045","989","1015","882","2103","0","0"
"2019","AUTORIDADES TERRITORIALES","16","BOGOTA D.C.","001","BOGOTA. D.C.","05","09","LA AURORA","8.023","9.440","0","17.463","878","2026","2803","1979","1528","1348","1241","1265","1290","3105","0","0"
"2019","AUTORIDADES TERRITORIALES","16","BOGOTA D.C.","001","BOGOTA. D.C.","05","10","CHUNIZA","5.238","6.074","0","11.312","860","1947","1411","1322","982","806","743","787","809","1645","0","0"
"2019","AUTORIDADES TERRITORIALES","16","BOGOTA D.C.","001","BOGOTA. D.C.","05","11","LA FLORA","2.285","2.890","0","5.175","297","533","614","641","585","424","454","394","354","879","0","0"
"2019","AUTORIDADES TERRITORIALES","16","BOGOTA D.C.","001","BOGOTA. D.C.","05","12","EL HATO","1.424","1.280","0","2.704","59","1793","453","145","27","20","43","53","50","61","0","0"
"2019","AUTORIDADES TERRITORIALES","16","BOGOTA D.C.","001","BOGOTA. D.C.","05","13","LOS COMUNEROS","5.378","6.216","0","11.594","275","1920","2267","1265","886","756","799","837","866","1723","0","0"
"2019","AUTORIDADES TERRITORIALES","16","BOGOTA D.C.","001","BOGOTA. D.C.","05","14","EL VIRREY","5.410","6.093","0","11.503","557","3268","1626","1197","863","672","621","670","743","1286","0","0"
"2019","AUTORIDADES TERRITORIALES","16","BOGOTA D.C.","001","BOGOTA. D.C.","05","15","EL DANUBIO AZUL","4.136","4.726","0","8.862","47","1625","1448","917","730","633","684","821","715","1242","0","0"
"2019","AUTORIDADES TERRITORIALES","16","BOGOTA D.C.","001","BOGOTA. D.C.","05","16","JUAN JOSE RONDON","1.943","2.178","0","4.121","189","533","629","446","364","308","352","334","317","649","0","0"
"2019","AUTORIDADES TERRITORIALES","16","BOGOTA D.C.","001","BOGOTA. D.C.","05","17","LA FORTALEZA","3.981","4.113","0","8.094","734","2252","671","786","767","626","577","472","371","838","0","0"
"2019","AUTORIDADES TERRITORIALES","16","BOGOTA D.C.","001","BOGOTA. D.C.","05","18","EL BOSQUE","3.840","4.635","0","8.475","404","1025","1050","863","808","798","812","819","745","1151","0","0"
"2019","AUTORIDADES TERRITORIALES","16","BOGOTA D.C.","001","BOGOTA. D.C.","05","19","VILLA HERMOSA","3.669","4.420","0","8.089","22","1150","957","697","733","703","778","859","795","1395","0","0"
"2019","AUTORIDADES TERRITORIALES","16","BOGOTA D.C.","001","BOGOTA. D.C.","05","20","VALLES DE CAFAM","2.149","2.597","0","4.746","455","720","548","486","524","383","389","371","297","573","0","0"
"2019","AUTORIDADES TERRITORIALES","16","BOGOTA D.C.","001","BOGOTA. D.C.","05","21","LA FISCALA","3.589","4.118","0","7.707","930","1481","839","703","700","599","579","594","469","813","0","0"
"2019","AUTORIDADES TERRITORIALES","16","BOGOTA D.C.","001","BOGOTA. D.C.","05","22","PORTAL USME","3.358","4.020","0","7.378","1297","1028","795","927","945","710","469","379","327","501","0","0"
"2019","AUTORIDADES TERRITORIALES","16","BOGOTA D.C.","001","BOGOTA. D.C.","05","23","BRASILIA","1.639","2.105","0","3.744","758","746","367","366","357","295","230","198","130","297","0","0"
"2019","AUTORIDADES TERRITORIALES","16","BOGOTA D.C.","001","BOGOTA. D.C.","05","24","EL CORTIJO","892","1.054","0","1.946","442","422","176","160","195","149","118","90","76","118","0","0"
"2019","AUTORIDADES TERRITORIALES","16","BOGOTA D.C.","001","BOGOTA. D.C.","05","25","TENERIFE","565","721","0","1.286","169","183","128","109","132","117","94","80","75","199","0","0"
"2019","AUTORIDADES TERRITORIALES","16","BOGOTA D.C.","001","BOGOTA. D.C.","05","26","GRAN YOMASA","1.691","2.039","0","3.730","853","690","318","322","339","296","233","199","169","311","0","0"
"2019","AUTORIDADES TERRITORIALES","16","BOGOTA D.C.","001","BOGOTA. D.C.","05","27","CABAÑAS","587","748","0","1.335","225","215","136","135","149","109","83","76","84","123","0","0"
"2019","AUTORIDADES TERRITORIALES","16","BOGOTA D.C.","001","BOGOTA. D.C.","05","28","TEJARES","751","888","0","1.639","316","306","152","162","188","126","97","80","75","137","0","0"
"2019","AUTORIDADES TERRITORIALES","16","BOGOTA D.C.","001","BOGOTA. D.C.","05","29","COL. FERNANDO GONZALEZ OCHOA","415","591","0","1.006","253","204","98","77","98","71","50","50","39","66","0","0"
"2019","AUTORIDADES TERRITORIALES","16","BOGOTA D.C.","001","BOGOTA. D.C.","05","30","ALFONSO LOPEZ","2.152","2.494","0","4.646","1370","1157","345","374","323","233","205","216","170","252","0","1"
"2019","AUTORIDADES TERRITORIALES","16","BOGOTA D.C.","001","BOGOTA. D.C.","05","31","LA ALBORADA","507","701","0","1.208","119","155","146","167","130","109","85","79","67","151","0","0"
"2019","AUTORIDADES TERRITORIALES","16","BOGOTA D.C.","001","BOGOTA. D.C.","05","32","UVAL - PUERTA AL LLANO","1.040","1.270","0","2.310","490","511","196","165","185","159","160","137","130","177","0","0"
"2019","AUTORIDADES TERRITORIALES","16","BOGOTA D.C.","001","BOGOTA. D.C.","05","33","VILLA ALEMANIA","809","998","0","1.807","456","409","151","135","172","118","96","79","67","124","0","0"
"2019","AUTORIDADES TERRITORIALES","16","BOGOTA D.C.","001","BOGOTA. D.C.","05","34","USME - CENTRO","474","587","0","1.061","278","73","100","104","107","94","85","60","63","97","0","0"
"2019","AUTORIDADES TERRITORIALES","16","BOGOTA D.C.","001","BOGOTA. D.C.","05","35","BRAZUELOS","188","247","0","435","77","27","48","57","64","44","29","32","25","32","0","0"
"2019","AUTORIDADES TERRITORIALES","16","BOGOTA D.C.","001","BOGOTA. D.C.","05","36","CDC JULIO CESAR SANCHEZ","277","313","0","590","106","61","68","81","76","38","41","31","36","52","0","0"
"2019","AUTORIDADES TERRITORIALES","16","BOGOTA D.C.","001","BOGOTA. D.C.","05","37","VIA AL LLANO","66","83","0","149","49","13","11","17","22","13","6","7","1","10","0","0"
"2019","AUTORIDADES TERRITORIALES","16","BOGOTA D.C.","001","BOGOTA. D.C.","05","38","NUSADAL","370","431","0","801","308","60","53","78","69","68","43","38","33","51","0","0"
"2019","AUTORIDADES TERRITORIALES","16","BOGOTA D.C.","001","BOGOTA. D.C.","06","01","TUNJUELITO A","6.823","6.748","0","13.571","61","1564","1525","2202","762","859","2556","1140","971","1931","0","0"
"2019","AUTORIDADES TERRITORIALES","16","BOGOTA D.C.","001","BOGOTA. D.C.","06","02","FATIMA ""A""","6.461","7.171","0","13.632","43","1332","1811","1750","1070","1034","1200","1366","1282","2744","0","0"
"2019","AUTORIDADES TERRITORIALES","16","BOGOTA D.C.","001","BOGOTA. D.C.","06","03","ABRAHAM LINCOLN","2.757","2.917","0","5.674","197","500","934","739","356","315","429","548","515","1141","0","0"
"2019","AUTORIDADES TERRITORIALES","16","BOGOTA D.C.","001","BOGOTA. D.C.","06","04","SAN CARLOS","6.615","7.491","0","14.106","717","1796","1535","1409","1162","1088","1157","1330","1196","2716","0","0"
"2019","AUTORIDADES TERRITORIALES","16","BOGOTA D.C.","001","BOGOTA. D.C.","06","05","SAN BENITO","5.722","5.705","0","11.427","490","1147","1444","1677","1022","958","1015","1069","851","1753","0","1"
"2019","AUTORIDADES TERRITORIALES","16","BOGOTA D.C.","001","BOGOTA. D.C.","06","06","EL TUNAL ""A""","7.506","7.798","0","15.304","58","2064","2814","2498","1081","983","1033","1058","1102","2613","0","0"
"2019","AUTORIDADES TERRITORIALES","16","BOGOTA D.C.","001","BOGOTA. D.C.","06","07","EL CARMEN SUR ""A""","5.204","5.639","0","10.843","52","1624","1676","1001","668","740","884","1021","941","2236","0","0"
"2019","AUTORIDADES TERRITORIALES","16","BOGOTA D.C.","001","BOGOTA. D.C.","06","08","SAN VICENTE FERRER","6.177","6.877","0","13.054","820","1696","1482","1273","1077","1085","1071","1215","1018","2317","0","0"
"2019","AUTORIDADES TERRITORIALES","16","BOGOTA D.C.","001","BOGOTA. D.C.","06","09","VENECIA A","7.407","8.266","0","15.673","599","1690","1421","1284","1120","1159","1411","1770","1584","3635","0","0"
"2019","AUTORIDADES TERRITORIALES","16","BOGOTA D.C.","001","BOGOTA. D.C.","06","10","NUEVO MUZU""A""","2.644","3.099","0","5.743","22","557","577","718","445","448","549","608","557","1262","0","0"
"2019","AUTORIDADES TERRITORIALES","16","BOGOTA D.C.","001","BOGOTA. D.C.","06","11","ISLA DEL SOL","3.885","4.297","0","8.182","426","1100","1052","1020","900","803","655","572","516","1138","0","0"
"2019","AUTORIDADES TERRITORIALES","16","BOGOTA D.C.","001","BOGOTA. D.C.","06","12","VENECIA B","2.403","2.715","0","5.118","495","736","632","728","458","359","373","382","368","587","0","0"
"2019","AUTORIDADES TERRITORIALES","16","BOGOTA D.C.","001","BOGOTA. D.C.","06","13","TUNJUELITO B","993","1.111","0","2.104","537","352","159","175","220","124","138","117","92","190","0","0"
"2019","AUTORIDADES TERRITORIALES","16","BOGOTA D.C.","001","BOGOTA. D.C.","06","14","El Tunal ""B""","2.798","3.434","0","6.232","1151","811","603","630","624","497","460","417","380","658","0","1"
"2019","AUTORIDADES TERRITORIALES","16","BOGOTA D.C.","001","BOGOTA. D.C.","06","15","El Carmen Sur ""B""","1.567","1.811","0","3.378","707","442","365","296","299","252","222","213","208","374","0","0"
"2019","AUTORIDADES TERRITORIALES","16","BOGOTA D.C.","001","BOGOTA. D.C.","06","16","FATIMA ""B""","2.129","2.509","0","4.638","732","608","514","500","505","402","353","286","267","471","0","0"
"2019","AUTORIDADES TERRITORIALES","16","BOGOTA D.C.","001","BOGOTA. D.C.","06","17","NuevoMuzo ""B""","694","848","0","1.542","293","219","186","148","150","99","87","89","99","172","0","0"
"2019","AUTORIDADES TERRITORIALES","16","BOGOTA D.C.","001","BOGOTA. D.C.","06","18","JARDIN INFANTIL ISLA DEL SOL","319","432","0","751","107","107","94","91","72","68","53","52","47","60","0","0"
"2019","AUTORIDADES TERRITORIALES","16","BOGOTA D.C.","001","BOGOTA. D.C.","06","19","LICEO SANTA BERNARDITA","217","239","0","456","50","53","62","38","57","34","43","31","33","55","0","0"
"2019","AUTORIDADES TERRITORIALES","16","BOGOTA D.C.","001","BOGOTA. D.C.","06","20","COL COOPERATIVO VENECIA","626","883","0","1.509","109","158","151","176","156","145","137","109","148","220","0","0"
"2019","AUTORIDADES TERRITORIALES","16","BOGOTA D.C.","001","BOGOTA. D.C.","06","21","COOPERATIVO NUEVO MUZU","161","176","0","337","32","33","34","46","37","38","23","31","26","37","0","0"
"2019","AUTORIDADES TERRITORIALES","16","BOGOTA D.C.","001","BOGOTA. D.C.","06","22","LICEO CAMPESTRE CAFAM","52","78","0","130","9","6","11","14","18","19","20","6","9","18","0","0"
"2019","AUTORIDADES TERRITORIALES","16","BOGOTA D.C.","001","BOGOTA. D.C.","06","23","NUESTRA SEÑORA LAS VICTORIAS","88","96","0","184","20","17","23","19","22","17","9","19","11","27","0","0"
"2019","AUTORIDADES TERRITORIALES","16","BOGOTA D.C.","001","BOGOTA. D.C.","06","24","SANTA CECILIA DE TUNJUELITO","116","157","0","273","38","31","37","33","39","29","17","17","16","16","0","0"
"2019","AUTORIDADES TERRITORIALES","16","BOGOTA D.C.","001","BOGOTA. D.C.","06","25","ALCALDIA LOCAL DE TUNJUELITO","287","288","0","575","57","56","50","72","71","61","42","53","45","68","0","0"
"2019","AUTORIDADES TERRITORIALES","16","BOGOTA D.C.","001","BOGOTA. D.C.","06","26","PORFIRIO BARBA JACOB","637","761","0","1.398","266","154","149","155","122","116","86","116","87","147","0","0"
"2019","AUTORIDADES TERRITORIALES","16","BOGOTA D.C.","001","BOGOTA. D.C.","07","01","BOSA","15.832","15.971","0","31.803","517","7441","5103","3462","1275","1607","4330","2193","1775","4100","0","0"
"2019","AUTORIDADES TERRITORIALES","16","BOGOTA D.C.","001","BOGOTA. D.C.","07","02","VILLA DEL RIO","6.496","6.865","0","13.361","326","3577","2141","1614","760","738","646","741","768","2050","0","0"
"2019","AUTORIDADES TERRITORIALES","16","BOGOTA D.C.","001","BOGOTA. D.C.","07","03","JOSE ANTONIO GALAN","5.541","6.176","0","11.717","1312","1847","1699","1219","958","921","813","792","626","1530","0","0"
"2019","AUTORIDADES TERRITORIALES","16","BOGOTA D.C.","001","BOGOTA. D.C.","07","04","LA AMISTAD","5.363","6.026","0","11.389","60","947","2245","1529","806","921","922","999","789","2171","0","0"
"2019","AUTORIDADES TERRITORIALES","16","BOGOTA D.C.","001","BOGOTA. D.C.","07","05","CARLOS ALBAN","7.584","8.821","0","16.405","86","1756","2379","1597","1293","1449","1547","1643","1365","3290","0","0"
"2019","AUTORIDADES TERRITORIALES","16","BOGOTA D.C.","001","BOGOTA. D.C.","07","06","LA LIBERTAD","11.903","13.671","0","25.574","364","3091","3653","3623","1626","1831","2404","2689","2349","3944","0","0"
"2019","AUTORIDADES TERRITORIALES","16","BOGOTA D.C.","001","BOGOTA. D.C.","07","07","PIAMONTE","8.569","9.667","0","18.236","153","2950","3187","1927","1310","1406","1469","1610","1235","2989","0","0"
"2019","AUTORIDADES TERRITORIALES","16","BOGOTA D.C.","001","BOGOTA. D.C.","07","08","LA ESTACION","7.885","7.937","0","15.822","149","2514","4201","2512","877","834","909","1024","819","1983","0","0"
"2019","AUTORIDADES TERRITORIALES","16","BOGOTA D.C.","001","BOGOTA. D.C.","07","09","LAURELES","6.292","6.844","0","13.136","74","2805","3230","1861","766","810","731","747","582","1530","0","0"
"2019","AUTORIDADES TERRITORIALES","16","BOGOTA D.C.","001","BOGOTA. D.C.","07","10","PALESTINA","5.073","5.792","0","10.865","1531","2560","1658","1041","692","654","593","518","480","1138","0","0"
"2019","AUTORIDADES TERRITORIALES","16","BOGOTA D.C.","001","BOGOTA. D.C.","07","11","ORLANDO HIGUITA","6.423","7.784","0","14.207","46","1177","1626","1573","1394","1364","1401","1539","1427","2660","0","0"
"2019","AUTORIDADES TERRITORIALES","16","BOGOTA D.C.","001","BOGOTA. D.C.","07","12","BOSA PAULO VI","4.305","4.774","0","9.079","73","675","1393","1596","758","793","835","822","628","1506","0","0"
"2019","AUTORIDADES TERRITORIALES","16","BOGOTA D.C.","001","BOGOTA. D.C.","07","13","BOSA BRASILIA","6.183","7.256","0","13.439","256","2308","1552","1514","1075","1077","1184","1338","1156","1979","0","0"
"2019","AUTORIDADES TERRITORIALES","16","BOGOTA D.C.","001","BOGOTA. D.C.","07","14","ISLANDIA","2.970","3.262","0","6.232","854","1211","1034","950","409","353","327","352","297","445","0","0"
"2019","AUTORIDADES TERRITORIALES","16","BOGOTA D.C.","001","BOGOTA. D.C.","07","15","JIMENEZ DE QUESADA","3.134","3.573","0","6.707","426","1010","901","812","634","579","543","472","431","899","0","0"
"2019","AUTORIDADES TERRITORIALES","16","BOGOTA D.C.","001","BOGOTA. D.C.","07","16","SAN BERNARDINO","4.331","5.098","0","9.429","1450","2011","1193","1000","686","595","587","608","493","806","0","0"
"2019","AUTORIDADES TERRITORIALES","16","BOGOTA D.C.","001","BOGOTA. D.C.","07","17","BOSA SAN JOSE","3.650","4.172","0","7.822","1399","1497","924","709","572","514","588","575","421","623","0","0"
"2019","AUTORIDADES TERRITORIALES","16","BOGOTA D.C.","001","BOGOTA. D.C.","07","18","SURBANA","1.924","2.366","0","4.290","612","995","479","337","377","270","231","298","234","457","0","0"
"2019","AUTORIDADES TERRITORIALES","16","BOGOTA D.C.","001","BOGOTA. D.C.","07","19","NUEVO CHILE","5.697","6.637","0","12.334","533","840","1489","1465","1258","1110","1216","1065","831","2527","0","0"
"2019","AUTORIDADES TERRITORIALES","16","BOGOTA D.C.","001","BOGOTA. D.C.","07","20","SANTA FE DE BOSA","3.570","4.038","0","7.608","176","1353","957","856","697","676","731","724","602","836","0","0"
"2019","AUTORIDADES TERRITORIALES","16","BOGOTA D.C.","001","BOGOTA. D.C.","07","21","EL PORVENIR","7.052","8.649","0","15.701","3425","3705","1214","1159","1268","1162","1178","942","681","967","0","0"
"2019","AUTORIDADES TERRITORIALES","16","BOGOTA D.C.","001","BOGOTA. D.C.","07","22","EL RECREO","6.655","8.034","0","14.689","438","3695","2058","983","947","1340","1617","1376","958","1277","0","0"
"2019","AUTORIDADES TERRITORIALES","16","BOGOTA D.C.","001","BOGOTA. D.C.","07","23","LA ESPERANZA","5.002","6.138","0","11.140","889","2500","2171","857","861","773","775","753","632","929","0","0"
"2019","AUTORIDADES TERRITORIALES","16","BOGOTA D.C.","001","BOGOTA. D.C.","07","24","FRANCISCO DE PAULA SANTANDER","1.985","2.290","0","4.275","280","1805","744","217","248","214","167","175","141","284","0","0"
"2019","AUTORIDADES TERRITORIALES","16","BOGOTA D.C.","001","BOGOTA. D.C.","07","25","PABLO DE TARSO","4.298","4.695","0","8.993","1331","4456","929","420","434","326","288","260","181","368","0","0"
"2019","AUTORIDADES TERRITORIALES","16","BOGOTA D.C.","001","BOGOTA. D.C.","07","26","ATALAYAS","4.746","5.913","0","10.659","1502","3400","1153","671","715","748","753","612","418","687","0","0"
"2019","AUTORIDADES TERRITORIALES","16","BOGOTA D.C.","001","BOGOTA. D.C.","07","27","EL RECUERDO SANTAFE","1.892","2.295","0","4.187","732","1175","411","309","305","265","253","236","187","314","0","0"
"2019","AUTORIDADES TERRITORIALES","16","BOGOTA D.C.","001","BOGOTA. D.C.","07","28","FE Y ALEGRIA SAN IGNACIO","3.668","5.098","0","8.766","907","1305","897","888","998","895","833","690","563","790","0","0"
"2019","AUTORIDADES TERRITORIALES","16","BOGOTA D.C.","001","BOGOTA. D.C.","07","29","CIUDADELA EL PORVENIR","3.562","5.007","0","8.569","1184","1298","731","875","1145","983","738","556","428","631","0","0"
"2019","AUTORIDADES TERRITORIALES","16","BOGOTA D.C.","001","BOGOTA. D.C.","07","30","CARLOS PIZARRO LEON GOMEZ","3.377","4.817","0","8.194","568","1722","663","558","904","975","914","673","435","782","0","0"
"2019","AUTORIDADES TERRITORIALES","16","BOGOTA D.C.","001","BOGOTA. D.C.","07","31","NUEVO CARLOS ALBAN","1.105","1.324","0","2.429","330","324","277","264","314","243","188","151","129","209","0","0"
"2019","AUTORIDADES TERRITORIALES","16","BOGOTA D.C.","001","BOGOTA. D.C.","07","32","LAURELES II","1.996","2.366","0","4.362","1423","742","340","377","395","273","239","175","130","268","0","0"
"2019","AUTORIDADES TERRITORIALES","16","BOGOTA D.C.","001","BOGOTA. D.C.","07","33","NUEVA ESTACION","1.727","2.065","0","3.792","808","1135","232","248","280","219","208","210","159","293","0","0"
"2019","AUTORIDADES TERRITORIALES","16","BOGOTA D.C.","001","BOGOTA. D.C.","07","34","LA INDEPENDECIA","1.739","2.310","0","4.049","740","689","431","406","454","306","278","269","182","294","0","0"
"2019","AUTORIDADES TERRITORIALES","16","BOGOTA D.C.","001","BOGOTA. D.C.","07","35","BOSANOVA","1.273","1.608","0","2.881","757","523","274","280","244","222","153","126","107","195","0","0"
"2019","AUTORIDADES TERRITORIALES","16","BOGOTA D.C.","001","BOGOTA. D.C.","07","36","LLANO ORIENTAL","935","1.298","0","2.233","413","288","213","237","257","223","181","145","111","165","0","0"
"2019","AUTORIDADES TERRITORIALES","16","BOGOTA D.C.","001","BOGOTA. D.C.","07","37","CARBONELL","1.599","1.885","0","3.484","1202","840","244","219","235","181","136","136","92","199","0","0"
"2019","AUTORIDADES TERRITORIALES","16","BOGOTA D.C.","001","BOGOTA. D.C.","07","38","NUEVA GRANADA","960","1.182","0","2.142","592","356","163","158","181","141","140","131","94","186","0","0"
"2019","AUTORIDADES TERRITORIALES","16","BOGOTA D.C.","001","BOGOTA. D.C.","07","39","NARANJOS","1.505","1.811","0","3.316","780","683","272","282","374","240","212","140","119","214","0","0"
"2019","AUTORIDADES TERRITORIALES","16","BOGOTA D.C.","001","BOGOTA. D.C.","07","40","CAMPO VERDE - POTRERITOS","1.565","2.502","0","4.067","461","520","409","515","503","414","333","314","250","348","0","0"
"2019","AUTORIDADES TERRITORIALES","16","BOGOTA D.C.","001","BOGOTA. D.C.","07","41","CLARETIANO","2.268","2.668","0","4.936","1441","758","475","439","462","313","274","249","171","353","0","1"
"2019","AUTORIDADES TERRITORIALES","16","BOGOTA D.C.","001","BOGOTA. D.C.","07","42","VILLA DEL RIO II","1.264","1.519","0","2.783","1046","249","239","231","197","183","142","147","128","221","0","0"
"2019","AUTORIDADES TERRITORIALES","16","BOGOTA D.C.","001","BOGOTA. D.C.","07","43","HOLANDA","1.379","1.712","0","3.091","502","312","378","358","348","261","233","207","197","295","0","0"
"2019","AUTORIDADES TERRITORIALES","16","BOGOTA D.C.","001","BOGOTA. D.C.","07","44","PORTAL DE BRASIL","705","863","0","1.568","299","129","230","230","196","133","106","89","56","100","0","0"
"2019","AUTORIDADES TERRITORIALES","16","BOGOTA D.C.","001","BOGOTA. D.C.","07","45","RECREO MICHELSEN","2.726","3.811","0","6.537","2366","438","526","622","683","566","429","364","217","326","0","0"
"2019","AUTORIDADES TERRITORIALES","16","BOGOTA D.C.","001","BOGOTA. D.C.","07","46","CEDID SAN PABLO","1.419","1.745","0","3.164","1161","283","263","272","326","224","166","160","107","202","0","0"
"2019","AUTORIDADES TERRITORIALES","16","BOGOTA D.C.","001","BOGOTA. D.C.","07","47","LA ACUARELA","794","961","0","1.755","905","99","110","106","94","86","86","81","82","106","0","0"
"2019","AUTORIDADES TERRITORIALES","16","BOGOTA D.C.","001","BOGOTA. D.C.","07","48","MIGUEL ANGEL ASTURIAS","220","251","0","471","129","29","58","48","51","33","32","34","23","34","0","0"
"2019","AUTORIDADES TERRITORIALES","16","BOGOTA D.C.","001","BOGOTA. D.C.","07","49","COLISEO LA PALESTINA","232","280","0","512","137","46","41","62","44","53","38","24","22","45","0","0"
"2019","AUTORIDADES TERRITORIALES","16","BOGOTA D.C.","001","BOGOTA. D.C.","07","50","NUESTRA SRA DE NAZARETH","125","164","0","289","93","25","26","34","26","20","19","17","13","16","0","0"
"2019","AUTORIDADES TERRITORIALES","16","BOGOTA D.C.","001","BOGOTA. D.C.","07","51","MANUEL ELKIN PATARROYO","548","687","0","1.235","208","94","132","154","181","133","99","74","71","89","0","0"
"2019","AUTORIDADES TERRITORIALES","16","BOGOTA D.C.","001","BOGOTA. D.C.","07","52","ALMACEN METRO AUTOPISTA SUR","384","410","0","794","151","85","103","113","93","53","45","58","38","55","0","0"
"2019","AUTORIDADES TERRITORIALES","16","BOGOTA D.C.","001","BOGOTA. D.C.","07","53","JARDIN INFANTIL OLARTE","267","385","0","652","96","92","94","76","70","58","40","38","28","60","0","0"
"2019","AUTORIDADES TERRITORIALES","16","BOGOTA D.C.","001","BOGOTA. D.C.","07","54","GIMNASIO LOS SAUCES","356","466","0","822","128","76","100","119","118","67","57","60","43","54","0","0"
"2019","AUTORIDADES TERRITORIALES","16","BOGOTA D.C.","001","BOGOTA. D.C.","07","55","CLARETIANO EL LIBERTADOR","220","268","0","488","163","41","30","40","42","35","28","35","22","52","0","0"
"2019","AUTORIDADES TERRITORIALES","16","BOGOTA D.C.","001","BOGOTA. D.C.","07","56","GIMNASIO REAL AMERICANO","583","805","0","1.388","184","109","144","169","179","135","122","131","97","118","0","0"
"2019","AUTORIDADES TERRITORIALES","16","BOGOTA D.C.","001","BOGOTA. D.C.","07","57","LICEO CIUDAD CAPITAL","549","880","0","1.429","175","121","147","119","155","180","160","127","97","148","0","0"
"2019","AUTORIDADES TERRITORIALES","16","BOGOTA D.C.","001","BOGOTA. D.C.","07","58","JUAN MAXIMILIANO AMBROSIO","339","501","0","840","160","73","98","116","100","61","56","54","56","66","0","0"
"2019","AUTORIDADES TERRITORIALES","16","BOGOTA D.C.","001","BOGOTA. D.C.","07","59","INSTITUTO GUIMARC","301","389","0","690","178","52","69","68","71","57","51","48","33","63","0","0"
"2019","AUTORIDADES TERRITORIALES","16","BOGOTA D.C.","001","BOGOTA. D.C.","07","60","COLEGIO COLSUBSIDIO CHICALA","786","929","0","1.715","304","369","250","187","172","138","91","67","49","88","0","0"
"2019","AUTORIDADES TERRITORIALES","16","BOGOTA D.C.","001","BOGOTA. D.C.","07","61","COLEGIO CIUDADANOS DEL FUTURO","606","659","0","1.265","185","114","349","208","112","74","57","56","45","65","0","0"
"2019","AUTORIDADES TERRITORIALES","16","BOGOTA D.C.","001","BOGOTA. D.C.","07","62","CC GRAN PLAZA BOSA","2.030","2.404","0","4.434","904","468","513","499","517","386","297","287","231","329","0","3"
"2019","AUTORIDADES TERRITORIALES","16","BOGOTA D.C.","001","BOGOTA. D.C.","08","01","CLASS","6.695","6.941","0","13.636","2302","2013","929","2912","869","765","849","882","674","1441","0","0"
"2019","AUTORIDADES TERRITORIALES","16","BOGOTA D.C.","001","BOGOTA. D.C.","08","02","ROMA","10.785","12.340","0","23.125","204","3739","3768","2899","1769","1776","1616","1646","1474","4234","0","0"
"2019","AUTORIDADES TERRITORIALES","16","BOGOTA D.C.","001","BOGOTA. D.C.","08","03","PERPETUO SOCORRO","4.956","5.567","0","10.523","840","1433","1327","1105","773","807","894","954","725","1662","0","3"
"2019","AUTORIDADES TERRITORIALES","16","BOGOTA D.C.","001","BOGOTA. D.C.","08","04","CATALINA","5.443","6.206","0","11.649","1101","1985","1379","1184","951","874","787","850","808","1730","0","0"
"2019","AUTORIDADES TERRITORIALES","16","BOGOTA D.C.","001","BOGOTA. D.C.","08","05","CASABLANCA 32","7.594","8.745","0","16.339","77","1979","2652","1912","1198","1299","1318","1317","1218","3369","0","0"
"2019","AUTORIDADES TERRITORIALES","16","BOGOTA D.C.","001","BOGOTA. D.C.","08","06","BRITALIA","7.406","8.078","0","15.484","223","2947","2932","1679","952","1147","1197","1097","914","2396","0","0"
"2019","AUTORIDADES TERRITORIALES","16","BOGOTA D.C.","001","BOGOTA. D.C.","08","07","GRAN COLOMBIANO","4.770","5.537","0","10.307","45","1015","1305","855","850","858","876","1091","1009","2403","0","0"
"2019","AUTORIDADES TERRITORIALES","16","BOGOTA D.C.","001","BOGOTA. D.C.","08","08","LOS PERIODISTAS","4.213","4.520","0","8.733","626","886","2667","640","572","441","469","588","641","1203","0","0"
"2019","AUTORIDADES TERRITORIALES","16","BOGOTA D.C.","001","BOGOTA. D.C.","08","09","AVENIDA BOYACA SUR","4.070","4.751","0","8.821","540","708","750","742","741","699","860","964","830","1987","0","0"
"2019","AUTORIDADES TERRITORIALES","16","BOGOTA D.C.","001","BOGOTA. D.C.","08","10","LA CHUCUA","3.794","4.485","0","8.279","551","949","1039","884","727","705","740","787","637","1260","0","0"
"2019","AUTORIDADES TERRITORIALES","16","BOGOTA D.C.","001","BOGOTA. D.C.","08","11","CARIMAGUA","4.907","5.880","0","10.787","741","1251","1457","1003","887","919","957","946","764","1861","0","1"
"2019","AUTORIDADES TERRITORIALES","16","BOGOTA D.C.","001","BOGOTA. D.C.","08","12","TIMIZA","7.525","8.523","0","16.048","1744","3319","2798","1646","832","849","916","1025","853","2066","0","0"
"2019","AUTORIDADES TERRITORIALES","16","BOGOTA D.C.","001","BOGOTA. D.C.","08","13","LA UBA","3.650","4.284","0","7.934","240","512","641","621","772","702","728","855","884","1979","0","0"
"2019","AUTORIDADES TERRITORIALES","16","BOGOTA D.C.","001","BOGOTA. D.C.","08","14","SANTA MARTA DE PASTRANA","3.880","4.634","0","8.514","220","537","1553","699","747","724","693","748","706","1887","0","0"
"2019","AUTORIDADES TERRITORIALES","16","BOGOTA D.C.","001","BOGOTA. D.C.","08","15","LA MACARENA","4.064","4.513","0","8.577","270","968","1506","702","528","529","628","792","840","1814","0","0"
"2019","AUTORIDADES TERRITORIALES","16","BOGOTA D.C.","001","BOGOTA. D.C.","08","16","EL JAPON","8.860","9.125","0","17.985","65","2189","3633","4198","1112","1013","935","1200","1156","2484","0","0"
"2019","AUTORIDADES TERRITORIALES","16","BOGOTA D.C.","001","BOGOTA. D.C.","08","17","ESTADOS UNIDOS SUPER 13","5.211","5.588","0","10.799","88","1365","1042","1027","790","871","928","1193","1173","2322","0","0"
"2019","AUTORIDADES TERRITORIALES","16","BOGOTA D.C.","001","BOGOTA. D.C.","08","18","EL SAUCEDAL","3.025","3.394","0","6.419","93","274","346","473","626","746","804","798","664","1595","0","0"
"2019","AUTORIDADES TERRITORIALES","16","BOGOTA D.C.","001","BOGOTA. D.C.","08","19","PATIO BONITO","12.527","13.483","0","26.010","1888","8890","2911","1631","1403","1690","1770","1586","1241","3000","0","0"
"2019","AUTORIDADES TERRITORIALES","16","BOGOTA D.C.","001","BOGOTA. D.C.","08","20","FRANCISCO JOSE DE CALDAS","4.645","5.434","0","10.079","981","1134","1082","861","905","933","885","896","703","1699","0","0"
"2019","AUTORIDADES TERRITORIALES","16","BOGOTA D.C.","001","BOGOTA. D.C.","08","21","BANDERAS","3.971","4.441","0","8.412","1167","1254","786","672","602","605","657","572","539","1558","0","0"
"2019","AUTORIDADES TERRITORIALES","16","BOGOTA D.C.","001","BOGOTA. D.C.","08","22","PROSPERO PINZON","4.356","5.295","0","9.651","216","1190","523","767","778","803","786","987","1030","2571","0","0"
"2019","AUTORIDADES TERRITORIALES","16","BOGOTA D.C.","001","BOGOTA. D.C.","08","23","KENNEDY LEY","6.412","7.238","0","13.650","1435","2506","1329","1040","898","800","785","1018","1111","2726","0","2"
"2019","AUTORIDADES TERRITORIALES","16","BOGOTA D.C.","001","BOGOTA. D.C.","08","24","LOS HEROES","2.699","3.241","0","5.940","111","473","531","470","455","481","489","652","672","1606","0","0"
"2019","AUTORIDADES TERRITORIALES","16","BOGOTA D.C.","001","BOGOTA. D.C.","08","25","COLEGIO OEA","3.568","3.763","0","7.331","236","1452","1132","926","505","504","512","539","480","1043","0","2"
"2019","AUTORIDADES TERRITORIALES","16","BOGOTA D.C.","001","BOGOTA. D.C.","08","26","FLORALIA","3.494","4.152","0","7.646","243","1137","586","535","600","659","640","787","624","1835","0","0"
"2019","AUTORIDADES TERRITORIALES","16","BOGOTA D.C.","001","BOGOTA. D.C.","08","27","CARVAJAL II","3.201","3.272","0","6.473","487","891","774","467","482","546","578","557","473","1218","0","0"
"2019","AUTORIDADES TERRITORIALES","16","BOGOTA D.C.","001","BOGOTA. D.C.","08","28","VILLA ADRIANA","2.331","3.030","0","5.361","167","488","455","477","534","461","416","560","442","1361","0","0"
"2019","AUTORIDADES TERRITORIALES","16","BOGOTA D.C.","001","BOGOTA. D.C.","08","29","LAS AMERICAS","7.352","8.798","0","16.150","1140","1656","1731","1558","1447","1418","1414","1395","1232","3158","0","1"
"2019","AUTORIDADES TERRITORIALES","16","BOGOTA D.C.","001","BOGOTA. D.C.","08","30","LA FLORESTA SUR","5.130","5.922","0","11.052","593","1037","1259","1167","1193","1156","1081","959","735","1870","0","2"
"2019","AUTORIDADES TERRITORIALES","16","BOGOTA D.C.","001","BOGOTA. D.C.","08","31","MARSELLA","5.703","6.571","0","12.274","872","2014","1304","1074","1050","959","870","964","951","2216","0","0"
"2019","AUTORIDADES TERRITORIALES","16","BOGOTA D.C.","001","BOGOTA. D.C.","08","32","ALOHA","1.434","1.715","0","3.149","51","194","274","301","257","300","267","334","298","873","0","0"
"2019","AUTORIDADES TERRITORIALES","16","BOGOTA D.C.","001","BOGOTA. D.C.","08","33","MANDALAY - COLEGIO KENNEDY","4.476","5.042","0","9.518","683","895","1040","879","729","804","703","785","740","2260","0","0"
"2019","AUTORIDADES TERRITORIALES","16","BOGOTA D.C.","001","BOGOTA. D.C.","08","34","PIO XII","3.515","4.356","0","7.871","419","821","788","771","816","731","678","682","672","1493","0","0"
"2019","AUTORIDADES TERRITORIALES","16","BOGOTA D.C.","001","BOGOTA. D.C.","08","35","CASTILLA","9.417","11.048","0","20.465","355","3931","2736","1834","1243","1392","1476","1606","1673","4219","0","0"
"2019","AUTORIDADES TERRITORIALES","16","BOGOTA D.C.","001","BOGOTA. D.C.","08","36","VILLANUEVA","2.808","3.269","0","6.077","441","642","785","583","550","597","531","555","356","1037","0","0"
"2019","AUTORIDADES TERRITORIALES","16","BOGOTA D.C.","001","BOGOTA. D.C.","08","37","JAIRO ANIBAL NIÑO","10.508","11.290","0","21.798","27","4341","6239","2971","1163","1224","1310","1282","1068","2173","0","0"
"2019","AUTORIDADES TERRITORIALES","16","BOGOTA D.C.","001","BOGOTA. D.C.","08","38","FAVIDI VISION DE COLOMBIA","6.123","7.103","0","13.226","738","1318","1699","1404","1387","1262","1207","1096","981","2133","0","1"
"2019","AUTORIDADES TERRITORIALES","16","BOGOTA D.C.","001","BOGOTA. D.C.","08","39","ALMENAR","2.693","3.292","0","5.985","287","388","440","536","750","754","703","626","455","1046","0","0"
"2019","AUTORIDADES TERRITORIALES","16","BOGOTA D.C.","001","BOGOTA. D.C.","08","40","ALQUERIA DE LA FRAGUA","5.054","5.588","0","10.642","471","1183","1448","894","972","998","1099","1016","798","1763","0","0"
"2019","AUTORIDADES TERRITORIALES","16","BOGOTA D.C.","001","BOGOTA. D.C.","08","41","BOITA","4.020","4.714","0","8.734","674","1816","1063","815","652","607","602","602","597","1306","0","0"
"2019","AUTORIDADES TERRITORIALES","16","BOGOTA D.C.","001","BOGOTA. D.C.","08","42","COL DE TIMIZA","3.232","4.071","0","7.303","273","444","697","749","933","852","625","527","542","1661","0","0"
"2019","AUTORIDADES TERRITORIALES","16","BOGOTA D.C.","001","BOGOTA. D.C.","08","43","TINTALITO","5.304","6.507","0","11.811","1313","1588","1178","1228","1180","1129","1041","918","802","1434","0","0"
"2019","AUTORIDADES TERRITORIALES","16","BOGOTA D.C.","001","BOGOTA. D.C.","08","44","LAS PALMERAS","3.305","4.094","0","7.399","391","318","637","723","794","805","878","913","756","1184","0","0"
"2019","AUTORIDADES TERRITORIALES","16","BOGOTA D.C.","001","BOGOTA. D.C.","08","45","DINDALITO","5.096","6.320","0","11.416","1874","1071","853","1103","1068","982","1096","1096","883","1390","0","0"
"2019","AUTORIDADES TERRITORIALES","16","BOGOTA D.C.","001","BOGOTA. D.C.","08","46","VALLADOLID","2.293","2.648","0","4.941","496","475","464","495","530","424","447","457","434","719","0","0"
"2019","AUTORIDADES TERRITORIALES","16","BOGOTA D.C.","001","BOGOTA. D.C.","08","47","MILENIO PLAZA","3.357","3.871","0","7.228","866","741","920","855","808","697","598","565","467","711","0","0"
"2019","AUTORIDADES TERRITORIALES","16","BOGOTA D.C.","001","BOGOTA. D.C.","08","48","COL. GABRIEL BETANCOURT MEJIA","8.610","11.322","0","19.932","545","2611","2733","1776","2140","2294","2168","1849","1367","2449","0","0"
"2019","AUTORIDADES TERRITORIALES","16","BOGOTA D.C.","001","BOGOTA. D.C.","08","49","MARIA PAZ","3.579","3.939","0","7.518","831","906","1227","817","709","598","606","542","480","802","0","0"
"2019","AUTORIDADES TERRITORIALES","16","BOGOTA D.C.","001","BOGOTA. D.C.","08","50","COLEGIO NELSON MANDELA","2.750","3.488","0","6.238","296","1434","645","427","628","718","647","488","373","582","0","0"
"2019","AUTORIDADES TERRITORIALES","16","BOGOTA D.C.","001","BOGOTA. D.C.","08","51","COLEGIO GUSTAVO ROJAS PINILLA","3.765","4.983","0","8.748","267","544","890","924","1287","1069","770","756","709","1532","0","0"
"2019","AUTORIDADES TERRITORIALES","16","BOGOTA D.C.","001","BOGOTA. D.C.","08","52","COLEGIO CLASS I.E.D SEDE B ROM","1.447","1.983","0","3.430","210","577","363","393","430","320","263","233","221","420","0","0"
"2019","AUTORIDADES TERRITORIALES","16","BOGOTA D.C.","001","BOGOTA. D.C.","08","53","GEMA","457","465","0","922","66","293","89","84","101","57","53","38","27","114","0","0"
"2019","AUTORIDADES TERRITORIALES","16","BOGOTA D.C.","001","BOGOTA. D.C.","08","54","VILLA RICA","1.346","1.739","0","3.085","195","377","368","335","372","322","270","296","186","364","0","0"
"2019","AUTORIDADES TERRITORIALES","16","BOGOTA D.C.","001","BOGOTA. D.C.","08","55","COLEGIO JAIME GARZON","2.942","3.898","0","6.840","1058","1247","602","643","773","654","525","445","352","541","0","0"
"2019","AUTORIDADES TERRITORIALES","16","BOGOTA D.C.","001","BOGOTA. D.C.","08","56","COLEGIO DEBORA ARANGO","879","1.204","0","2.083","146","307","257","261","310","208","162","147","109","176","0","0"
"2019","AUTORIDADES TERRITORIALES","16","BOGOTA D.C.","001","BOGOTA. D.C.","08","57","CAMPO BELLO","2.424","3.710","0","6.134","395","753","677","645","759","720","656","553","382","593","0","1"
"2019","AUTORIDADES TERRITORIALES","16","BOGOTA D.C.","001","BOGOTA. D.C.","08","58","PATIOS","3.241","4.547","0","7.788","1407","922","746","701","849","877","661","554","412","659","0","0"
"2019","AUTORIDADES TERRITORIALES","16","BOGOTA D.C.","001","BOGOTA. D.C.","08","59","MANUEL CEPEDA","3.603","3.557","0","7.160","177","600","4100","1390","261","157","118","113","108","136","0","0"
"2019","AUTORIDADES TERRITORIALES","16","BOGOTA D.C.","001","BOGOTA. D.C.","08","60","BAZAAR ALSACIA","4.558","6.062","0","10.620","420","1018","979","1170","1618","1326","931","761","747","1649","0","1"
"2019","AUTORIDADES TERRITORIALES","16","BOGOTA D.C.","001","BOGOTA. D.C.","08","61","SANTA MARIA DE KENNEDY","3.745","4.711","0","8.456","73","332","993","994","1081","943","805","865","841","1529","0","0"
"2019","AUTORIDADES TERRITORIALES","16","BOGOTA D.C.","001","BOGOTA. D.C.","08","62","TEQUENDAMA PAULO VI SD A","1.037","1.238","0","2.275","177","344","244","260","273","172","172","180","173","280","0","0"
"2019","AUTORIDADES TERRITORIALES","16","BOGOTA D.C.","001","BOGOTA. D.C.","08","63","CENTRO DESARROLLO COMUNITARIO","1.638","2.173","0","3.811","353","428","383","428","465","363","285","295","284","526","0","1"
"2019","AUTORIDADES TERRITORIALES","16","BOGOTA D.C.","001","BOGOTA. D.C.","08","64","COLEGIO RODRIGO TRIANA","2.271","2.749","0","5.020","677","711","615","619","590","483","415","266","250","394","0","0"
"2019","AUTORIDADES TERRITORIALES","16","BOGOTA D.C.","001","BOGOTA. D.C.","08","65","COLEGIO DARIO ECHANDIA","2.268","3.054","0","5.322","791","914","515","603","576","478","421","346","246","432","0","0"
"2019","AUTORIDADES TERRITORIALES","16","BOGOTA D.C.","001","BOGOTA. D.C.","08","66","SAN FRANCISCO EN EL TINTAL","2.239","3.191","0","5.430","581","704","531","585","700","595","496","374","288","576","0","0"
"2019","AUTORIDADES TERRITORIALES","16","BOGOTA D.C.","001","BOGOTA. D.C.","08","67","CENTRO COMERCIAL CIUDAD TINTAL","2.225","3.079","0","5.304","555","722","500","646","737","558","452","351","268","515","0","0"
"2019","AUTORIDADES TERRITORIALES","16","BOGOTA D.C.","001","BOGOTA. D.C.","08","68","TAGASTE","1.337","1.415","0","2.752","724","627","250","207","236","190","163","137","83","135","0","0"
"2019","AUTORIDADES TERRITORIALES","16","BOGOTA D.C.","001","BOGOTA. D.C.","08","69","TIERRA DE CASTILLOS","2.898","3.764","0","6.662","620","774","610","703","819","652","552","553","478","901","0","0"
"2019","AUTORIDADES TERRITORIALES","16","BOGOTA D.C.","001","BOGOTA. D.C.","08","70","COLEGIO FE Y ALEGRIA","1.245","1.671","0","2.916","309","314","279","327","358","283","245","218","218","364","0","1"
"2019","AUTORIDADES TERRITORIALES","16","BOGOTA D.C.","001","BOGOTA. D.C.","08","71","COLEGIO JEAN PIAGET","901","1.045","0","1.946","169","170","183","213","252","264","185","152","131","227","0","0"
"2019","AUTORIDADES TERRITORIALES","16","BOGOTA D.C.","001","BOGOTA. D.C.","08","72","METRO","702","905","0","1.607","132","140","198","172","160","161","137","150","123","234","0","0"
"2019","AUTORIDADES TERRITORIALES","16","BOGOTA D.C.","001","BOGOTA. D.C.","08","73","COLEGIO SAN PEDRO CLAVER SEDE A","1.014","1.299","0","2.313","541","218","223","227","268","165","152","161","137","221","0","0"
"2019","AUTORIDADES TERRITORIALES","16","BOGOTA D.C.","001","BOGOTA. D.C.","08","74","COLEGIO LA MAGDALENA","399","517","0","916","137","64","85","85","142","123","95","56","44","85","0","0"
"2019","AUTORIDADES TERRITORIALES","16","BOGOTA D.C.","001","BOGOTA. D.C.","08","75","COLEGIO DISTRITAL JACKELINE","78","118","0","196","26","21","24","29","19","20","12","14","11","20","0","0"
"2019","AUTORIDADES TERRITORIALES","16","BOGOTA D.C.","001","BOGOTA. D.C.","08","76","COLEGIO LUZ Y VIDA","233","298","0","531","64","39","73","42","71","60","57","36","42","47","0","0"
"2019","AUTORIDADES TERRITORIALES","16","BOGOTA D.C.","001","BOGOTA. D.C.","08","77","COLEGIO RAFAEL GOBERNA","80","105","0","185","21","16","36","23","16","21","9","8","18","17","0","0"
"2019","AUTORIDADES TERRITORIALES","16","BOGOTA D.C.","001","BOGOTA. D.C.","08","78","FERNANDO SOTO APARICIO SEDE B","208","348","0","556","60","48","66","69","61","55","51","41","40","65","0","0"
"2019","AUTORIDADES TERRITORIALES","16","BOGOTA D.C.","001","BOGOTA. D.C.","08","79","LICEO EL CASTILLO","198","235","0","433","49","75","44","55","46","36","27","24","25","52","0","0"
"2019","AUTORIDADES TERRITORIALES","16","BOGOTA D.C.","001","BOGOTA. D.C.","08","80","CENTRO COMERCIAL TINTAL PLAZA","1.672","1.952","0","3.624","507","359","441","460","448","391","273","260","178","307","0","0"
"2019","AUTORIDADES TERRITORIALES","16","BOGOTA D.C.","001","BOGOTA. D.C.","08","81","SAGRADO CORAZON","168","208","0","376","42","41","48","43","41","43","39","32","23","24","0","0"
"2019","AUTORIDADES TERRITORIALES","16","BOGOTA D.C.","001","BOGOTA. D.C.","08","82","CODEMA","505","724","0","1.229","122","98","119","151","181","176","137","91","69","85","0","0"
"2019","AUTORIDADES TERRITORIALES","16","BOGOTA D.C.","001","BOGOTA. D.C.","08","83","SALON COMUNAL ROMA IV","268","344","0","612","54","45","50","62","87","65","47","51","51","100","0","0"
"2019","AUTORIDADES TERRITORIALES","16","BOGOTA D.C.","001","BOGOTA. D.C.","08","84","KENNEDY CENTRAL","240","302","0","542","114","58","66","51","60","53","31","45","30","34","0","0"
"2019","AUTORIDADES TERRITORIALES","16","BOGOTA D.C.","001","BOGOTA. D.C.","08","85","FERNANDO SOTO APARICIO","28","37","0","65","15","2","6","8","10","4","4","5","6","5","0","0"
"2019","AUTORIDADES TERRITORIALES","16","BOGOTA D.C.","001","BOGOTA. D.C.","08","86","ROSA MARIA DE GORDILLO","251","279","0","530","294","28","24","32","32","21","19","23","19","38","0","0"
"2019","AUTORIDADES TERRITORIALES","16","BOGOTA D.C.","001","BOGOTA. D.C.","08","87","SALON COMUNAL CARVAJAL OSORIO","283","334","0","617","70","61","68","65","66","51","54","53","32","96","0","1"
"2019","AUTORIDADES TERRITORIALES","16","BOGOTA D.C.","001","BOGOTA. D.C.","08","88","CARLOS ARANGO VELEZ","330","402","0","732","60","102","82","86","87","86","64","47","46","72","0","0"
"2019","AUTORIDADES TERRITORIALES","16","BOGOTA D.C.","001","BOGOTA. D.C.","08","89","NICOLAS ESGUERRA","47","47","0","94","25","5","6","9","10","6","10","11","6","6","0","0"
"2019","AUTORIDADES TERRITORIALES","16","BOGOTA D.C.","001","BOGOTA. D.C.","08","90","SALON COMUNAL MARSELLA","521","585","0","1.106","102","114","125","140","129","97","94","102","65","138","0","0"
"2019","AUTORIDADES TERRITORIALES","16","BOGOTA D.C.","001","BOGOTA. D.C.","08","91","ISABEL II","239","305","0","544","54","58","62","60","56","44","52","52","35","71","0","0"
"2019","AUTORIDADES TERRITORIALES","16","BOGOTA D.C.","001","BOGOTA. D.C.","08","92","LICEO REYNEL","300","424","0","724","61","97","74","99","72","57","77","53","58","76","0","0"
"2019","AUTORIDADES TERRITORIALES","16","BOGOTA D.C.","001","BOGOTA. D.C.","08","93","COLEGIO OEA ANTONIA SANTOS","145","143","0","288","20","21","45","29","37","29","20","27","30","30","0","0"
"2019","AUTORIDADES TERRITORIALES","16","BOGOTA D.C.","001","BOGOTA. D.C.","08","94","SALON COMUNAL BOITA II SECTOR","208","247","0","455","72","43","55","46","44","38","26","45","27","59","0","0"
"2019","AUTORIDADES TERRITORIALES","16","BOGOTA D.C.","001","BOGOTA. D.C.","08","95","SALON COMUNAL SANTA CATALINA","217","286","0","503","39","54","67","47","52","39","40","62","45","58","0","0"
"2019","AUTORIDADES TERRITORIALES","16","BOGOTA D.C.","001","BOGOTA. D.C.","08","96","COLEGIO INTEGRACION MODERNA","136","180","0","316","34","37","33","29","44","38","34","21","11","35","0","0"
"2019","AUTORIDADES TERRITORIALES","16","BOGOTA D.C.","001","BOGOTA. D.C.","09","01","FONTIBON","13.980","14.775","0","28.755","75","2128","2275","2943","1656","1994","4748","3022","2861","7053","0","0"
"2019","AUTORIDADES TERRITORIALES","16","BOGOTA D.C.","001","BOGOTA. D.C.","09","02","VILLEMAR","5.883","7.814","0","13.697","957","2214","2055","2526","980","816","824","886","760","1679","0","0"
"2019","AUTORIDADES TERRITORIALES","16","BOGOTA D.C.","001","BOGOTA. D.C.","09","03","HAYUELOS CENTRO COMERCIAL","6.034","7.597","0","13.631","148","2377","1627","1387","1273","1251","1184","1118","1016","2250","0","0"
"2019","AUTORIDADES TERRITORIALES","16","BOGOTA D.C.","001","BOGOTA. D.C.","09","04","BELEN","5.296","5.903","0","11.199","877","1521","1288","820","993","1003","883","970","821","2023","0","0"
"2019","AUTORIDADES TERRITORIALES","16","BOGOTA D.C.","001","BOGOTA. D.C.","09","05","SAN PABLO LA PERLA","3.507","3.666","0","7.173","333","1244","1185","709","524","515","570","582","438","1073","0","0"
"2019","AUTORIDADES TERRITORIALES","16","BOGOTA D.C.","001","BOGOTA. D.C.","09","06","VERSALLES","8.201","9.019","0","17.220","78","2702","3013","2122","1252","1158","1329","1586","1296","2684","0","0"
"2019","AUTORIDADES TERRITORIALES","16","BOGOTA D.C.","001","BOGOTA. D.C.","09","07","VERACRUZ","5.820","6.686","0","12.506","567","1284","1396","1080","1143","1013","998","1202","1082","2741","0","0"
"2019","AUTORIDADES TERRITORIALES","16","BOGOTA D.C.","001","BOGOTA. D.C.","09","08","MODELIA SUR","5.599","6.701","0","12.300","94","1858","1150","835","811","969","990","1081","1091","3421","0","0"
"2019","AUTORIDADES TERRITORIALES","16","BOGOTA D.C.","001","BOGOTA. D.C.","09","09","SANTA CECILIA - MODELIA","4.238","4.822","0","9.060","351","779","1237","1141","673","664","681","844","790","1899","0","1"
"2019","AUTORIDADES TERRITORIALES","16","BOGOTA D.C.","001","BOGOTA. D.C.","09","10","CENTRO A","3.234","3.790","0","7.024","420","955","836","664","694","675","596","625","541","1018","0","0"
"2019","AUTORIDADES TERRITORIALES","16","BOGOTA D.C.","001","BOGOTA. D.C.","09","11","LA LAGUNA","5.585","6.466","0","12.051","604","1047","1596","1693","1109","997","1017","1126","955","1907","0","0"
"2019","AUTORIDADES TERRITORIALES","16","BOGOTA D.C.","001","BOGOTA. D.C.","09","12","BATAVIA","2.795","3.211","0","6.006","260","833","954","850","563","525","429","372","300","920","0","0"
"2019","AUTORIDADES TERRITORIALES","16","BOGOTA D.C.","001","BOGOTA. D.C.","09","13","LA GIRALDA","4.462","5.297","0","9.759","397","1168","1322","1089","929","830","763","832","744","1685","0","0"
"2019","AUTORIDADES TERRITORIALES","16","BOGOTA D.C.","001","BOGOTA. D.C.","09","14","PUERTA DE TEJA","1.651","1.721","0","3.372","161","443","574","292","270","268","255","314","282","513","0","0"
"2019","AUTORIDADES TERRITORIALES","16","BOGOTA D.C.","001","BOGOTA. D.C.","09","15","Agustiniano Salitre","6.542","8.274","0","14.816","67","963","1180","1383","1246","1271","1283","1560","1702","4161","0","0"
"2019","AUTORIDADES TERRITORIALES","16","BOGOTA D.C.","001","BOGOTA. D.C.","09","16","Tres Elefantes - La Esperanza","3.494","4.153","0","7.647","42","664","766","757","703","782","689","796","758","1690","0","0"
"2019","AUTORIDADES TERRITORIALES","16","BOGOTA D.C.","001","BOGOTA. D.C.","09","17","PUENTE GRANDE","2.630","2.772","0","5.402","427","1083","821","636","439","388","360","395","332","521","0","0"
"2019","AUTORIDADES TERRITORIALES","16","BOGOTA D.C.","001","BOGOTA. D.C.","09","18","ZONA FRANCA","5.936","7.547","0","13.483","1444","3175","1871","899","991","1169","1147","996","716","1075","0","0"
"2019","AUTORIDADES TERRITORIALES","16","BOGOTA D.C.","001","BOGOTA. D.C.","09","19","RECODO","3.962","4.900","0","8.862","734","1612","1762","682","721","752","736","649","502","712","0","0"
"2019","AUTORIDADES TERRITORIALES","16","BOGOTA D.C.","001","BOGOTA. D.C.","09","20","Santa Teresa Centro","1.698","2.096","0","3.794","370","370","404","432","494","395","302","285","250","492","0","0"
"2019","AUTORIDADES TERRITORIALES","16","BOGOTA D.C.","001","BOGOTA. D.C.","09","21","La Felicidad","2.037","2.575","0","4.612","507","391","397","567","708","567","367","307","269","530","0","2"
"2019","AUTORIDADES TERRITORIALES","16","BOGOTA D.C.","001","BOGOTA. D.C.","09","22","Navarra Modelia","1.997","2.344","0","4.341","411","472","441","464","550","442","394","320","289","557","0","1"
"2019","AUTORIDADES TERRITORIALES","16","BOGOTA D.C.","001","BOGOTA. D.C.","09","23","Modelia Real","1.644","1.999","0","3.643","958","536","284","261","303","251","244","227","212","367","0","0"
"2019","AUTORIDADES TERRITORIALES","16","BOGOTA D.C.","001","BOGOTA. D.C.","09","24","La Aldea","1.443","1.747","0","3.190","710","554","320","296","284","209","175","196","147","299","0","0"
"2019","AUTORIDADES TERRITORIALES","16","BOGOTA D.C.","001","BOGOTA. D.C.","09","25","VAN UDEN CALLE 13","442","374","0","816","301","90","68","94","80","50","43","30","20","40","0","0"
"2019","AUTORIDADES TERRITORIALES","16","BOGOTA D.C.","001","BOGOTA. D.C.","09","26","ATAHUALPA","1.168","1.480","0","2.648","801","216","282","273","280","197","172","139","106","182","0","0"
"2019","AUTORIDADES TERRITORIALES","16","BOGOTA D.C.","001","BOGOTA. D.C.","09","27","HAYUELOS JUMBO","6.601","8.783","0","15.384","1512","1085","1550","1742","1944","1653","1415","1270","1124","2086","0","3"
"2019","AUTORIDADES TERRITORIALES","16","BOGOTA D.C.","001","BOGOTA. D.C.","09","28","INTEGRADO SEDE B","109","139","0","248","37","19","34","34","29","20","14","12","17","32","0","0"
"2019","AUTORIDADES TERRITORIALES","16","BOGOTA D.C.","001","BOGOTA. D.C.","09","29","ACUNAR","116","139","0","255","74","22","26","26","30","23","13","7","15","19","0","0"
"2019","AUTORIDADES TERRITORIALES","16","BOGOTA D.C.","001","BOGOTA. D.C.","09","30","CASA PENSAMIENTO INTERCULTURAL","158","183","0","341","111","22","31","36","45","26","21","13","15","21","0","0"
"2019","AUTORIDADES TERRITORIALES","16","BOGOTA D.C.","001","BOGOTA. D.C.","09","31","COLEGIO LUIS ANGEL ARANGO","196","248","0","444","130","35","43","33","47","36","29","28","18","44","0","1"
"2019","AUTORIDADES TERRITORIALES","16","BOGOTA D.C.","001","BOGOTA. D.C.","09","32","FERROCAJA","64","74","0","138","51","14","10","13","16","8","10","5","6","5","0","0"
"2019","AUTORIDADES TERRITORIALES","16","BOGOTA D.C.","001","BOGOTA. D.C.","09","33","EL CHARCO","145","139","0","284","50","23","28","23","36","24","25","16","24","35","0","0"
"2019","AUTORIDADES TERRITORIALES","16","BOGOTA D.C.","001","BOGOTA. D.C.","09","34","MULTIPLAZA","354","448","0","802","109","74","113","124","95","77","52","42","46","70","0","0"
"2019","AUTORIDADES TERRITORIALES","16","BOGOTA D.C.","001","BOGOTA. D.C.","09","35","SALITRE PLAZA","1.567","1.948","0","3.515","382","370","405","316","424","293","277","293","250","502","0","3"
"2019","AUTORIDADES TERRITORIALES","16","BOGOTA D.C.","001","BOGOTA. D.C.","09","36","PABLO NERUDA","200","219","0","419","83","28","52","58","49","28","40","20","27","34","0","0"
"2019","AUTORIDADES TERRITORIALES","16","BOGOTA D.C.","001","BOGOTA. D.C.","09","37","CACIQUE HYNTIBA","393","443","0","836","73","73","87","88","104","83","69","64","81","114","0","0"
"2019","AUTORIDADES TERRITORIALES","16","BOGOTA D.C.","001","BOGOTA. D.C.","09","38","TRES ESTANCIAS","514","672","0","1.186","162","107","130","136","138","112","108","91","83","119","0","0"
"2019","AUTORIDADES TERRITORIALES","16","BOGOTA D.C.","001","BOGOTA. D.C.","10","01","BOYACA","8.556","8.732","0","17.288","41","1815","2690","2468","638","868","4001","1359","1128","2280","0","0"
"2019","AUTORIDADES TERRITORIALES","16","BOGOTA D.C.","001","BOGOTA. D.C.","10","02","ENGATIVA","11.000","13.247","0","24.247","97","3910","4783","3554","1599","1559","1676","2064","1800","3205","0","0"
"2019","AUTORIDADES TERRITORIALES","16","BOGOTA D.C.","001","BOGOTA. D.C.","10","03","NORMANDIA","7.073","8.020","0","15.093","1180","1825","1755","1509","1010","1120","1069","1157","1170","3297","0","1"
"2019","AUTORIDADES TERRITORIALES","16","BOGOTA D.C.","001","BOGOTA. D.C.","10","04","BOSQUE POPULAR","3.739","4.429","0","8.168","498","975","970","663","595","525","610","779","737","1816","0","0"
"2019","AUTORIDADES TERRITORIALES","16","BOGOTA D.C.","001","BOGOTA. D.C.","10","05","EL GUALI","2.314","2.631","0","4.945","147","392","701","618","427","399","404","450","402","1004","0","1"
"2019","AUTORIDADES TERRITORIALES","16","BOGOTA D.C.","001","BOGOTA. D.C.","10","06","EL LUJAN","4.837","5.710","0","10.547","833","910","865","838","831","865","893","1149","1044","2319","0","0"
"2019","AUTORIDADES TERRITORIALES","16","BOGOTA D.C.","001","BOGOTA. D.C.","10","07","VILLA LUZ","6.407","7.747","0","14.154","121","2218","1618","1199","1044","1150","1039","1162","1100","3503","0","0"
"2019","AUTORIDADES TERRITORIALES","16","BOGOTA D.C.","001","BOGOTA. D.C.","10","08","LOS ALAMOS","4.725","5.424","0","10.149","1218","1805","1001","820","730","756","755","824","652","1588","0","0"
"2019","AUTORIDADES TERRITORIALES","16","BOGOTA D.C.","001","BOGOTA. D.C.","10","09","VILLA AMALIA","6.301","7.916","0","14.217","1576","1939","1349","1337","1297","1080","1095","1221","1097","2226","0","0"
"2019","AUTORIDADES TERRITORIALES","16","BOGOTA D.C.","001","BOGOTA. D.C.","10","10","VILLAS DE GRANADA","8.329","9.820","0","18.149","80","2951","2732","1643","1453","1348","1299","1419","1514","3710","0","0"
"2019","AUTORIDADES TERRITORIALES","16","BOGOTA D.C.","001","BOGOTA. D.C.","10","11","GARCES NAVAS","7.430","9.042","0","16.472","1231","2387","1942","1441","1119","1095","1324","1533","1295","3105","0","0"
"2019","AUTORIDADES TERRITORIALES","16","BOGOTA D.C.","001","BOGOTA. D.C.","10","12","BOCHICA","8.229","10.549","0","18.778","1061","2165","2183","2186","1808","1417","1307","1429","1559","3659","0","4"
"2019","AUTORIDADES TERRITORIALES","16","BOGOTA D.C.","001","BOGOTA. D.C.","10","13","LOS ALAMOS NORTE","6.634","7.584","0","14.218","55","1746","2515","1446","1035","1070","1061","1154","1044","3092","0","0"
"2019","AUTORIDADES TERRITORIALES","16","BOGOTA D.C.","001","BOGOTA. D.C.","10","14","LA SALINA","5.700","6.090","0","11.790","309","603","1992","1485","1224","1237","1175","1266","933","1566","0","0"
"2019","AUTORIDADES TERRITORIALES","16","BOGOTA D.C.","001","BOGOTA. D.C.","10","15","LA FLORIDA","3.165","3.711","0","6.876","671","1687","378","265","326","250","393","506","586","1814","0","0"
"2019","AUTORIDADES TERRITORIALES","16","BOGOTA D.C.","001","BOGOTA. D.C.","10","16","SANTA HELENITA","6.187","7.304","0","13.491","579","1295","1640","1254","1032","957","1054","1465","1303","2912","0","0"
"2019","AUTORIDADES TERRITORIALES","16","BOGOTA D.C.","001","BOGOTA. D.C.","10","17","LA EUROPA","2.435","2.858","0","5.293","121","390","625","375","402","461","512","594","516","1297","0","0"
"2019","AUTORIDADES TERRITORIALES","16","BOGOTA D.C.","001","BOGOTA. D.C.","10","18","LA ESTRADA","5.594","6.375","0","11.969","162","2201","1708","1031","715","755","739","1002","1051","2605","0","0"
"2019","AUTORIDADES TERRITORIALES","16","BOGOTA D.C.","001","BOGOTA. D.C.","10","19","LA ESTRADITA","4.991","5.865","0","10.856","1012","748","998","923","957","938","886","1090","1045","2259","0","0"
"2019","AUTORIDADES TERRITORIALES","16","BOGOTA D.C.","001","BOGOTA. D.C.","10","20","LAS FERIAS","4.827","5.093","0","9.920","45","1181","1317","688","604","698","821","986","1064","2516","0","0"
"2019","AUTORIDADES TERRITORIALES","16","BOGOTA D.C.","001","BOGOTA. D.C.","10","21","BONANZA","5.726","6.496","0","12.222","535","1132","1176","878","998","1069","1232","1292","1132","2777","0","1"
"2019","AUTORIDADES TERRITORIALES","16","BOGOTA D.C.","001","BOGOTA. D.C.","10","22","STA. MARIA DEL LAGO","3.190","3.912","0","7.102","288","658","643","564","599","551","606","788","748","1657","0","0"
"2019","AUTORIDADES TERRITORIALES","16","BOGOTA D.C.","001","BOGOTA. D.C.","10","23","LA GRANJA","4.614","5.158","0","9.772","646","1253","1256","817","625","693","750","928","795","2009","0","0"
"2019","AUTORIDADES TERRITORIALES","16","BOGOTA D.C.","001","BOGOTA. D.C.","10","24","FLORENCIA","2.541","3.121","0","5.662","280","717","693","527","395","351","420","538","486","1255","0","0"
"2019","AUTORIDADES TERRITORIALES","16","BOGOTA D.C.","001","BOGOTA. D.C.","10","25","SANTA ROSITA","5.996","7.285","0","13.281","654","1224","1504","1292","1293","1106","1208","1432","1170","2398","0","0"
"2019","AUTORIDADES TERRITORIALES","16","BOGOTA D.C.","001","BOGOTA. D.C.","10","26","QUIRIGUA","7.393","8.719","0","16.112","30","1226","1360","1138","1273","1301","1538","1994","1789","4463","0","0"
"2019","AUTORIDADES TERRITORIALES","16","BOGOTA D.C.","001","BOGOTA. D.C.","10","27","LA ESPAÑOLA","3.375","4.103","0","7.478","452","915","789","622","570","559","567","686","582","1736","0","0"
"2019","AUTORIDADES TERRITORIALES","16","BOGOTA D.C.","001","BOGOTA. D.C.","10","28","MINUTO DE DIOS","6.498","7.877","0","14.375","721","1484","1554","1271","1162","1192","1119","1385","1203","3284","0","0"
"2019","AUTORIDADES TERRITORIALES","16","BOGOTA D.C.","001","BOGOTA. D.C.","10","29","LA SERENA","3.009","3.615","0","6.624","196","442","569","561","630","620","638","800","605","1562","0","1"
"2019","AUTORIDADES TERRITORIALES","16","BOGOTA D.C.","001","BOGOTA. D.C.","10","30","BACHUE","6.702","8.049","0","14.751","970","2053","1931","1258","1096","1190","985","1004","955","3309","0","0"
"2019","AUTORIDADES TERRITORIALES","16","BOGOTA D.C.","001","BOGOTA. D.C.","10","31","QUIRIGUA (PLAZA DE MERCADO)","4.589","5.497","0","10.086","855","823","845","921","953","897","913","1065","915","1899","0","0"
"2019","AUTORIDADES TERRITORIALES","16","BOGOTA D.C.","001","BOGOTA. D.C.","10","32","BACHUE II - BOCHICA I","4.051","5.175","0","9.226","353","673","1071","1085","1023","837","691","730","611","2152","0","0"
"2019","AUTORIDADES TERRITORIALES","16","BOGOTA D.C.","001","BOGOTA. D.C.","10","33","VILLA GLADYS","4.967","5.829","0","10.796","115","2628","1218","977","909","879","803","895","786","1586","0","0"
"2019","AUTORIDADES TERRITORIALES","16","BOGOTA D.C.","001","BOGOTA. D.C.","10","34","EL CORTIJO (LOCALIDAD 10)","8.068","9.949","0","18.017","900","1892","1748","1573","1737","1637","1698","1894","1710","3228","0","0"
"2019","AUTORIDADES TERRITORIALES","16","BOGOTA D.C.","001","BOGOTA. D.C.","10","35","SAN MARCOS","6.694","7.742","0","14.436","682","1267","1462","1491","1641","1362","1412","1509","1227","2382","0","1"
"2019","AUTORIDADES TERRITORIALES","16","BOGOTA D.C.","001","BOGOTA. D.C.","10","36","SAN IGNACIO","1.495","1.816","0","3.311","91","201","379","363","367","344","310","306","301","649","0","0"
"2019","AUTORIDADES TERRITORIALES","16","BOGOTA D.C.","001","BOGOTA. D.C.","10","37","TABORA","4.172","4.939","0","9.111","526","963","1043","921","840","837","779","938","769","1494","0","1"
"2019","AUTORIDADES TERRITORIALES","16","BOGOTA D.C.","001","BOGOTA. D.C.","10","38","EL MORISCO","1.762","2.152","0","3.914","110","234","293","389","509","472","427","376","313","790","0","1"
"2019","AUTORIDADES TERRITORIALES","16","BOGOTA D.C.","001","BOGOTA. D.C.","10","39","LOS CEREZOS","2.971","3.327","0","6.298","389","751","881","634","533","517","490","541","491","1071","0","0"
"2019","AUTORIDADES TERRITORIALES","16","BOGOTA D.C.","001","BOGOTA. D.C.","10","40","CIUDADELA COLSUBSIDIO","9.423","11.438","0","20.861","48","1657","2473","2036","1793","1800","1749","2225","2417","4663","0","0"
"2019","AUTORIDADES TERRITORIALES","16","BOGOTA D.C.","001","BOGOTA. D.C.","10","41","FERIAS II","2.441","2.877","0","5.318","580","655","535","588","543","464","397","418","335","802","0","1"
"2019","AUTORIDADES TERRITORIALES","16","BOGOTA D.C.","001","BOGOTA. D.C.","10","42","EL MUELLE","7.435","8.651","0","16.086","1214","1985","2308","1901","1514","1288","1215","1234","1180","2247","0","0"
"2019","AUTORIDADES TERRITORIALES","16","BOGOTA D.C.","001","BOGOTA. D.C.","10","43","LA CABAÑA","2.194","2.483","0","4.677","138","765","470","424","464","405","407","447","368","789","0","0"
"2019","AUTORIDADES TERRITORIALES","16","BOGOTA D.C.","001","BOGOTA. D.C.","10","44","TISQUESUSA","914","1.115","0","2.029","3","92","135","189","223","219","216","210","187","555","0","0"
"2019","AUTORIDADES TERRITORIALES","16","BOGOTA D.C.","001","BOGOTA. D.C.","10","45","SANTA CECILIA","1.715","2.167","0","3.882","7","164","343","481","457","415","368","302","307","1038","0","0"
"2019","AUTORIDADES TERRITORIALES","16","BOGOTA D.C.","001","BOGOTA. D.C.","10","46","PLAZUELAS DEL VIRREY","3.469","4.514","0","7.983","426","658","1023","967","797","637","635","733","689","1417","0","1"
"2019","AUTORIDADES TERRITORIALES","16","BOGOTA D.C.","001","BOGOTA. D.C.","10","47","CIUDAD DE HONDA","882","1.041","0","1.923","47","120","154","174","247","188","182","196","218","397","0","0"
"2019","AUTORIDADES TERRITORIALES","16","BOGOTA D.C.","001","BOGOTA. D.C.","10","48","ZARZAMORA","3.193","4.097","0","7.290","297","517","622","762","820","750","601","628","582","1711","0","0"
"2019","AUTORIDADES TERRITORIALES","16","BOGOTA D.C.","001","BOGOTA. D.C.","10","49","VILLA CONSTANZA","1.251","1.437","0","2.688","11","286","328","304","286","263","264","286","243","417","0","0"
"2019","AUTORIDADES TERRITORIALES","16","BOGOTA D.C.","001","BOGOTA. D.C.","10","50","MORTIÑO","1.368","1.574","0","2.942","157","521","442","292","274","208","240","234","218","356","0","0"
"2019","AUTORIDADES TERRITORIALES","16","BOGOTA D.C.","001","BOGOTA. D.C.","10","51","PALO BLANCO","674","766","0","1.440","332","321","117","135","136","101","77","71","50","100","0","0"
"2019","AUTORIDADES TERRITORIALES","16","BOGOTA D.C.","001","BOGOTA. D.C.","10","52","SAN JOAQUIN","567","698","0","1.265","202","159","129","150","140","113","83","102","77","110","0","0"
"2019","AUTORIDADES TERRITORIALES","16","BOGOTA D.C.","001","BOGOTA. D.C.","10","53","PRIMAVERA","740","858","0","1.598","192","394","143","149","141","110","111","107","88","163","0","0"
"2019","AUTORIDADES TERRITORIALES","16","BOGOTA D.C.","001","BOGOTA. D.C.","10","54","BOLIVIA","2.569","3.436","0","6.005","899","940","484","550","579","481","430","434","430","778","0","0"
"2019","AUTORIDADES TERRITORIALES","16","BOGOTA D.C.","001","BOGOTA. D.C.","10","55","GRAN GRANADA","4.809","6.060","0","10.869","1513","1109","1010","1372","1470","1068","762","647","632","1285","0","1"
"2019","AUTORIDADES TERRITORIALES","16","BOGOTA D.C.","001","BOGOTA. D.C.","10","56","EL CEDRO","875","1.203","0","2.078","205","538","155","188","222","154","154","143","102","217","0","0"
"2019","AUTORIDADES TERRITORIALES","16","BOGOTA D.C.","001","BOGOTA. D.C.","10","57","TORQUIGUA","3.120","3.615","0","6.735","1439","1821","496","576","567","426","377","364","252","417","0","0"
"2019","AUTORIDADES TERRITORIALES","16","BOGOTA D.C.","001","BOGOTA. D.C.","10","58","ALMAZAN ENGATIVA","3.749","4.747","0","8.496","2494","642","835","901","944","672","579","479","375","575","0","0"
"2019","AUTORIDADES TERRITORIALES","16","BOGOTA D.C.","001","BOGOTA. D.C.","10","59","UNICENTRO DE OCCIDENTE","1.338","1.699","0","3.037","321","246","302","352","345","264","240","259","247","459","0","2"
"2019","AUTORIDADES TERRITORIALES","16","BOGOTA D.C.","001","BOGOTA. D.C.","10","60","SALON COMUNAL ALAMOS","208","246","0","454","68","48","51","44","32","29","47","44","36","55","0","0"
"2019","AUTORIDADES TERRITORIALES","16","BOGOTA D.C.","001","BOGOTA. D.C.","10","61","LEON VALENCIA","83","117","0","200","22","23","18","22","20","20","20","17","9","27","0","2"
"2019","AUTORIDADES TERRITORIALES","16","BOGOTA D.C.","001","BOGOTA. D.C.","10","62","LA CLARITA","399","568","0","967","60","50","57","96","103","87","94","93","60","266","0","1"
"2019","AUTORIDADES TERRITORIALES","16","BOGOTA D.C.","001","BOGOTA. D.C.","10","63","CENTRO EDUCATIVO SCALAS","142","186","0","328","27","21","42","36","38","31","35","27","18","53","0","0"
"2019","AUTORIDADES TERRITORIALES","16","BOGOTA D.C.","001","BOGOTA. D.C.","10","64","NACIONES UNIDAS SEDE B","149","200","0","349","28","34","38","29","42","35","29","27","31","56","0","0"
"2019","AUTORIDADES TERRITORIALES","16","BOGOTA D.C.","001","BOGOTA. D.C.","10","65","COLEGIO NORTE ADVENTISTA","116","106","0","222","20","17","29","23","33","22","19","21","18","20","0","0"
"2019","AUTORIDADES TERRITORIALES","16","BOGOTA D.C.","001","BOGOTA. D.C.","10","66","ALCALA SEDE B","144","185","0","329","45","25","39","38","47","27","37","29","19","22","0","1"
"2019","AUTORIDADES TERRITORIALES","16","BOGOTA D.C.","001","BOGOTA. D.C.","10","67","DIVERPLAZA","804","1.006","0","1.810","273","172","254","215","202","179","137","122","78","175","0","3"
"2019","AUTORIDADES TERRITORIALES","16","BOGOTA D.C.","001","BOGOTA. D.C.","10","68","MARGARITA BOSCO","463","639","0","1.102","100","65","74","93","153","144","97","96","79","200","0","1"
"2019","AUTORIDADES TERRITORIALES","16","BOGOTA D.C.","001","BOGOTA. D.C.","10","69","COLEGIO COPES","201","331","0","532","52","42","51","56","40","50","47","59","52","83","0","0"
"2019","AUTORIDADES TERRITORIALES","16","BOGOTA D.C.","001","BOGOTA. D.C.","11","01","PARQUE FUNDACION DE SUBA","18.536","20.685","0","39.221","46","4015","6283","5347","2008","2666","5785","3319","2944","6808","0","0"
"2019","AUTORIDADES TERRITORIALES","16","BOGOTA D.C.","001","BOGOTA. D.C.","11","02","COLEGIO SAN JOSE DE CALASANZ","6.504","7.199","0","13.703","50","1310","1810","1266","963","1195","1329","1461","1232","3087","0","0"
"2019","AUTORIDADES TERRITORIALES","16","BOGOTA D.C.","001","BOGOTA. D.C.","11","03","COLEGIO VILLA ELISA SEDES C Y D","4.747","5.197","0","9.944","37","660","891","888","1003","1164","1149","1099","961","2092","0","0"
"2019","AUTORIDADES TERRITORIALES","16","BOGOTA D.C.","001","BOGOTA. D.C.","11","04","EL RINCON","11.812","12.958","0","24.770","95","5703","4728","3260","1514","1656","1637","1672","1265","3240","0","0"
"2019","AUTORIDADES TERRITORIALES","16","BOGOTA D.C.","001","BOGOTA. D.C.","11","05","COLEGIO ALBERTO LLERAS CAMARGO","8.281","10.299","0","18.580","46","2048","2209","2225","1365","1401","1524","1795","1798","4169","0","0"
"2019","AUTORIDADES TERRITORIALES","16","BOGOTA D.C.","001","BOGOTA. D.C.","11","06","TIBABUYES UNIVERSAL","5.530","6.941","0","12.471","76","1685","1081","1001","929","1066","1172","1379","1322","2760","0","0"
"2019","AUTORIDADES TERRITORIALES","16","BOGOTA D.C.","001","BOGOTA. D.C.","11","07","CASABLANCA SUBA","2.621","2.718","0","5.339","115","1376","590","512","430","412","384","388","344","788","0","0"
"2019","AUTORIDADES TERRITORIALES","16","BOGOTA D.C.","001","BOGOTA. D.C.","11","08","VILLA DEL PRADO-UNI. AGRARIA","8.308","10.117","0","18.425","96","1189","1561","1849","1659","1608","1491","1656","1812","5504","0","0"
"2019","AUTORIDADES TERRITORIALES","16","BOGOTA D.C.","001","BOGOTA. D.C.","11","09","PRADO PINZON","4.533","5.344","0","9.877","853","998","947","941","838","747","794","878","827","2054","0","0"
"2019","AUTORIDADES TERRITORIALES","16","BOGOTA D.C.","001","BOGOTA. D.C.","11","10","PRADO CIUDAD JARDIN","3.904","4.419","0","8.323","33","989","1231","809","592","594","713","835","703","1824","0","0"
"2019","AUTORIDADES TERRITORIALES","16","BOGOTA D.C.","001","BOGOTA. D.C.","11","11","CENTRO COMERCIAL BULEVAR NIZA","10.437","12.277","0","22.714","52","1063","3719","1640","1459","1819","2078","2161","2186","6537","0","0"
"2019","AUTORIDADES TERRITORIALES","16","BOGOTA D.C.","001","BOGOTA. D.C.","11","12","PONTEVEDRA","6.348","7.761","0","14.109","895","1566","1487","1210","1148","1205","1114","1222","1143","3119","0","0"
"2019","AUTORIDADES TERRITORIALES","16","BOGOTA D.C.","001","BOGOTA. D.C.","11","13","SAN NICOLAS-AGUSTINIANO NORTE","4.632","5.895","0","10.527","356","640","1208","734","663","825","897","1033","1080","3091","0","0"
"2019","AUTORIDADES TERRITORIALES","16","BOGOTA D.C.","001","BOGOTA. D.C.","11","14","LA CONEJERA","1.164","1.230","0","2.394","722","757","175","168","147","104","91","77","68","85","0","0"
"2019","AUTORIDADES TERRITORIALES","16","BOGOTA D.C.","001","BOGOTA. D.C.","11","15","PRADO VERANIEGO","5.825","6.049","0","11.874","40","1338","2621","1082","622","783","913","1057","914","2504","0","0"
"2019","AUTORIDADES TERRITORIALES","16","BOGOTA D.C.","001","BOGOTA. D.C.","11","16","NIZA IX","4.135","5.019","0","9.154","172","970","1435","724","706","728","704","727","732","2256","0","0"
"2019","AUTORIDADES TERRITORIALES","16","BOGOTA D.C.","001","BOGOTA. D.C.","11","17","LA ALHAMBRA CARULLA","7.592","9.562","0","17.154","14","636","1200","1248","1629","1765","1510","1614","1689","5849","0","0"
"2019","AUTORIDADES TERRITORIALES","16","BOGOTA D.C.","001","BOGOTA. D.C.","11","18","PUENTE LARGO-EMMANUEL D.ALZON","3.798","4.640","0","8.438","651","655","869","769","837","704","682","656","711","1901","0","3"
"2019","AUTORIDADES TERRITORIALES","16","BOGOTA D.C.","001","BOGOTA. D.C.","11","19","FLORESTA NORTE-JULIO FLOREZ","4.681","5.789","0","10.470","337","724","874","830","918","928","866","1034","906","3053","0","0"
"2019","AUTORIDADES TERRITORIALES","16","BOGOTA D.C.","001","BOGOTA. D.C.","11","20","PASADENA-LOS TRES ELEFANTES","4.508","5.705","0","10.213","61","660","801","789","834","772","803","1028","1084","3381","0","0"
"2019","AUTORIDADES TERRITORIALES","16","BOGOTA D.C.","001","BOGOTA. D.C.","11","21","NUEVA ZELANDIA","4.903","6.156","0","11.059","938","1319","1077","1097","1078","1045","964","942","755","1844","0","0"
"2019","AUTORIDADES TERRITORIALES","16","BOGOTA D.C.","001","BOGOTA. D.C.","11","22","SAN LUIS SUBA","6.386","7.914","0","14.300","58","1249","1511","1403","1405","1400","1382","1489","1404","2999","0","0"
"2019","AUTORIDADES TERRITORIALES","16","BOGOTA D.C.","001","BOGOTA. D.C.","11","23","SAN CIPRIANO","4.260","4.928","0","9.188","37","1296","1147","941","771","793","826","837","755","1785","0","0"
"2019","AUTORIDADES TERRITORIALES","16","BOGOTA D.C.","001","BOGOTA. D.C.","11","24","FUNDACION UNIVERSI. LUIS AMIGO","2.694","3.303","0","5.997","419","623","382","1641","405","346","359","376","373","1071","0","2"
"2019","AUTORIDADES TERRITORIALES","16","BOGOTA D.C.","001","BOGOTA. D.C.","11","25","LA GAITANA","7.717","8.564","0","16.281","48","4017","3215","2222","940","1110","1134","1032","858","1705","0","0"
"2019","AUTORIDADES TERRITORIALES","16","BOGOTA D.C.","001","BOGOTA. D.C.","11","26","SABANA DE TIBABUYES","9.815","12.296","0","22.111","15","2108","2974","2263","1838","1973","2266","2600","2279","3795","0","0"
"2019","AUTORIDADES TERRITORIALES","16","BOGOTA D.C.","001","BOGOTA. D.C.","11","27","COLEGIO-HIJAS DE CRISTO REY","9.839","12.874","0","22.713","35","2165","2478","1921","1681","1846","1750","2083","2347","6407","0","0"
"2019","AUTORIDADES TERRITORIALES","16","BOGOTA D.C.","001","BOGOTA. D.C.","11","28","CENTRO COMERCIAL MAZUREN","7.134","9.523","0","16.657","52","1726","1302","1218","1495","1610","1528","1590","1606","4530","0","0"
"2019","AUTORIDADES TERRITORIALES","16","BOGOTA D.C.","001","BOGOTA. D.C.","11","29","TEJARES NORTE","4.640","6.042","0","10.682","62","1006","1011","891","991","900","856","1051","1158","2756","0","0"
"2019","AUTORIDADES TERRITORIALES","16","BOGOTA D.C.","001","BOGOTA. D.C.","11","30","COLEGIO CELESTIN FREINET","3.982","5.154","0","9.136","92","1377","928","809","957","924","890","952","828","1379","0","0"
"2019","AUTORIDADES TERRITORIALES","16","BOGOTA D.C.","001","BOGOTA. D.C.","11","31","COLEGIO ALVARO GOMEZ","9.134","10.750","0","19.884","43","3382","3526","2787","1509","1366","1234","1537","1500","3000","0","0"
"2019","AUTORIDADES TERRITORIALES","16","BOGOTA D.C.","001","BOGOTA. D.C.","11","32","COLEGIO DELIA ZAPATA OLIVELLA","4.617","5.717","0","10.334","31","2206","1575","857","821","876","966","995","788","1219","0","0"
"2019","AUTORIDADES TERRITORIALES","16","BOGOTA D.C.","001","BOGOTA. D.C.","11","33","LA AGUADITA","1.715","2.099","0","3.814","19","372","446","405","512","445","391","378","299","547","0","0"
"2019","AUTORIDADES TERRITORIALES","16","BOGOTA D.C.","001","BOGOTA. D.C.","11","34","BOSQUES DE SUBA","2.957","3.588","0","6.545","34","861","548","644","858","703","577","615","511","1194","0","0"
"2019","AUTORIDADES TERRITORIALES","16","BOGOTA D.C.","001","BOGOTA. D.C.","11","35","COL REPUBLICA DOMINICANA","7.347","9.228","0","16.575","2172","1660","1549","1753","1895","1476","1394","1455","1211","2010","0","0"
"2019","AUTORIDADES TERRITORIALES","16","BOGOTA D.C.","001","BOGOTA. D.C.","11","36","LISBOA-COLEGIO DISTRITAL LISBOA","5.578","6.578","0","12.156","25","2632","1862","1364","966","957","1036","1111","866","1337","0","0"
"2019","AUTORIDADES TERRITORIALES","16","BOGOTA D.C.","001","BOGOTA. D.C.","11","37","UNIVERSIDAD UDCA","591","628","0","1.219","187","209","117","70","103","122","110","89","89","120","0","3"
"2019","AUTORIDADES TERRITORIALES","16","BOGOTA D.C.","001","BOGOTA. D.C.","11","38","COLEGIO LA KHUMBRE","936","949","0","1.885","483","321","91","54","85","131","158","159","156","245","0","2"
"2019","AUTORIDADES TERRITORIALES","16","BOGOTA D.C.","001","BOGOTA. D.C.","11","39","PRADO SUR","2.761","3.238","0","5.999","936","1083","635","531","589","455","376","378","326","687","0","3"
"2019","AUTORIDADES TERRITORIALES","16","BOGOTA D.C.","001","BOGOTA. D.C.","11","40","SUPERCADE SUBA","6.568","8.568","0","15.136","266","5692","1249","986","1257","1095","975","965","881","1770","0","0"
"2019","AUTORIDADES TERRITORIALES","16","BOGOTA D.C.","001","BOGOTA. D.C.","11","41","COLEGIO NICOLAS BUENAVENTURA","5.995","7.673","0","13.668","2457","2790","1406","1171","1301","1092","862","807","620","1162","0","0"
"2019","AUTORIDADES TERRITORIALES","16","BOGOTA D.C.","001","BOGOTA. D.C.","11","42","SUBA SAN FRANCISCO","952","990","0","1.942","470","311","180","163","192","140","111","117","89","169","0","0"
"2019","AUTORIDADES TERRITORIALES","16","BOGOTA D.C.","001","BOGOTA. D.C.","11","43","FUNDACION SAN FELIPE NERI","638","707","0","1.345","160","162","174","147","184","130","95","89","67","137","0","0"
"2019","AUTORIDADES TERRITORIALES","16","BOGOTA D.C.","001","BOGOTA. D.C.","11","44","COLEGIO SIMON BOLIVAR SUBA","3.777","4.965","0","8.742","1507","866","779","857","992","818","712","634","542","1035","0","0"
"2019","AUTORIDADES TERRITORIALES","16","BOGOTA D.C.","001","BOGOTA. D.C.","11","45","COLEGIO EUCARISTICO MERCEDARIO","3.452","4.929","0","8.381","1215","892","868","933","997","798","601","609","458","1009","0","1"
"2019","AUTORIDADES TERRITORIALES","16","BOGOTA D.C.","001","BOGOTA. D.C.","11","46","ALDEA LA PALMA","1.049","1.299","0","2.348","452","308","271","282","261","208","164","137","73","192","0","0"
"2019","AUTORIDADES TERRITORIALES","16","BOGOTA D.C.","001","BOGOTA. D.C.","11","47","RAMON DE ZUBIRIA SEDE A","3.500","4.150","0","7.650","3002","1482","537","585","594","433","303","260","165","288","0","1"
"2019","AUTORIDADES TERRITORIALES","16","BOGOTA D.C.","001","BOGOTA. D.C.","11","48","COLEGIO VIRGINIA GUTIERREZ","1.886","2.196","0","4.082","978","853","341","363","400","346","233","170","123","275","0","0"
"2019","AUTORIDADES TERRITORIALES","16","BOGOTA D.C.","001","BOGOTA. D.C.","11","49","COLEGIO GONZALO ARANGO","2.470","3.147","0","5.617","877","869","564","651","697","493","401","337","269","459","0","0"
"2019","AUTORIDADES TERRITORIALES","16","BOGOTA D.C.","001","BOGOTA. D.C.","11","50","CORINTO-COLEGIO NUEVA COLOMBIA","2.860","3.536","0","6.396","1592","1413","538","536","602","394","331","276","251","463","0","0"
"2019","AUTORIDADES TERRITORIALES","16","BOGOTA D.C.","001","BOGOTA. D.C.","11","51","LA TOSCANA-COL.FE Y ALEGRIA","3.464","4.363","0","7.827","1712","1963","767","718","723","488","470","391","262","333","0","0"
"2019","AUTORIDADES TERRITORIALES","16","BOGOTA D.C.","001","BOGOTA. D.C.","11","52","COLEGIO PEDAGOGICO DULCE MARIA","4.229","5.437","0","9.666","1826","1875","839","856","966","806","637","574","465","822","0","0"
"2019","AUTORIDADES TERRITORIALES","16","BOGOTA D.C.","001","BOGOTA. D.C.","11","53","INSTITUCION EDUCATIVA COMPARTIR SUBA","5.435","7.546","0","12.981","1827","1921","1164","1148","1293","1147","1065","1065","887","1463","0","1"
"2019","AUTORIDADES TERRITORIALES","16","BOGOTA D.C.","001","BOGOTA. D.C.","11","54","COLEGIO GERARDO MOLINA","4.188","5.438","0","9.626","2386","1290","929","918","1049","869","673","537","410","565","0","0"
"2019","AUTORIDADES TERRITORIALES","16","BOGOTA D.C.","001","BOGOTA. D.C.","11","55","EL BATAN","2.419","3.132","0","5.551","354","622","539","750","727","445","331","357","354","1072","0","0"
"2019","AUTORIDADES TERRITORIALES","16","BOGOTA D.C.","001","BOGOTA. D.C.","11","56","NIZA CENTRO COMERCIAL NIZA","5.955","7.431","0","13.386","2114","1803","1133","1143","1270","1080","997","951","919","1957","0","19"
"2019","AUTORIDADES TERRITORIALES","16","BOGOTA D.C.","001","BOGOTA. D.C.","11","57","CENTRO COMERCIAL PASEO SAN RAF","3.333","4.604","0","7.937","626","909","677","804","864","752","645","587","586","1487","0","0"
"2019","AUTORIDADES TERRITORIALES","16","BOGOTA D.C.","001","BOGOTA. D.C.","11","58","ALMACEN ÉXITO LA COLINA","5.587","7.379","0","12.966","2026","1819","979","1034","1246","1136","1058","978","822","1864","0","4"
"2019","AUTORIDADES TERRITORIALES","16","BOGOTA D.C.","001","BOGOTA. D.C.","11","59","CARULLA RINCON DE LA COLINA","3.704","5.221","0","8.925","473","861","564","723","961","1002","870","829","691","1951","0","0"
"2019","AUTORIDADES TERRITORIALES","16","BOGOTA D.C.","001","BOGOTA. D.C.","11","60","COLSUBSIDIO MAZUREN","4.868","6.472","0","11.340","1008","1129","1260","1325","1362","988","885","823","715","1845","0","0"
"2019","AUTORIDADES TERRITORIALES","16","BOGOTA D.C.","001","BOGOTA. D.C.","11","61","COLEGIO SANTA ISABEL DE HUNGRIA","2.256","3.000","0","5.256","542","680","454","516","520","480","427","427","403","804","0","3"
"2019","AUTORIDADES TERRITORIALES","16","BOGOTA D.C.","001","BOGOTA. D.C.","11","62","BIBLIOTECA JULIO MARIO SANTO D","5.243","6.610","0","11.853","1299","1734","1156","1071","1256","1026","944","944","798","1625","0","0"
"2019","AUTORIDADES TERRITORIALES","16","BOGOTA D.C.","001","BOGOTA. D.C.","11","63","COLEGIO RAFAEL MAYA","1.471","1.640","0","3.111","645","305","435","394","390","257","199","166","152","168","0","0"
"2019","AUTORIDADES TERRITORIALES","16","BOGOTA D.C.","001","BOGOTA. D.C.","11","64","SUBA SANTA CECILIA","1.233","1.430","0","2.663","823","251","309","269","234","158","164","168","109","178","0","0"
"2019","AUTORIDADES TERRITORIALES","16","BOGOTA D.C.","001","BOGOTA. D.C.","11","65","INSTITUTO SAN BASILIO","1.284","1.459","0","2.743","584","294","368","343","322","232","181","168","97","154","0","0"
"2019","AUTORIDADES TERRITORIALES","16","BOGOTA D.C.","001","BOGOTA. D.C.","11","66","COLEGIO JORGE MARIO BERGOGLIO","684","955","0","1.639","181","114","162","162","158","153","161","157","129","262","0","0"
"2019","AUTORIDADES TERRITORIALES","16","BOGOTA D.C.","001","BOGOTA. D.C.","11","67","COLEGIO VEINTIUN ANGELES","115","169","0","284","88","28","36","26","33","21","15","17","9","11","0","0"
"2019","AUTORIDADES TERRITORIALES","16","BOGOTA D.C.","001","BOGOTA. D.C.","11","68","CHORRILLOS","65","64","0","129","55","3","4","7","8","11","13","4","15","9","0","0"
"2019","AUTORIDADES TERRITORIALES","16","BOGOTA D.C.","001","BOGOTA. D.C.","11","69","HUNZA SEDE A","72","105","0","177","40","19","13","22","24","29","9","5","5","11","0","0"
"2019","AUTORIDADES TERRITORIALES","16","BOGOTA D.C.","001","BOGOTA. D.C.","11","70","MAXIMINO POITIERS","715","1.029","0","1.744","232","104","205","203","253","207","136","121","120","162","0","1"
"2019","AUTORIDADES TERRITORIALES","16","BOGOTA D.C.","001","BOGOTA. D.C.","11","71","SALON COMUNAL AURES II","636","795","0","1.431","235","120","180","159","164","112","90","103","95","173","0","0"
"2019","AUTORIDADES TERRITORIALES","16","BOGOTA D.C.","001","BOGOTA. D.C.","11","72","SALON COMUNAL VILLA MARIA","822","915","0","1.737","338","159","236","171","197","136","118","106","111","165","0","0"
"2019","AUTORIDADES TERRITORIALES","16","BOGOTA D.C.","001","BOGOTA. D.C.","11","73","SALON COMUNAL VILLA CINDY","353","415","0","768","108","76","79","79","75","67","76","66","58","84","0","0"
"2019","AUTORIDADES TERRITORIALES","16","BOGOTA D.C.","001","BOGOTA. D.C.","11","74","FLORESTA OUTLET","500","549","0","1.049","114","79","120","111","119","121","98","78","65","143","0","1"
"2019","AUTORIDADES TERRITORIALES","16","BOGOTA D.C.","001","BOGOTA. D.C.","11","75","COLEGIO JOHN DEWEY","206","248","0","454","42","35","53","51","65","31","26","35","42","71","0","3"
"2019","AUTORIDADES TERRITORIALES","16","BOGOTA D.C.","001","BOGOTA. D.C.","11","76","COLEGIO CARO Y CUERVO","520","630","0","1.150","179","93","101","112","146","87","95","83","92","159","0","3"
"2019","AUTORIDADES TERRITORIALES","16","BOGOTA D.C.","001","BOGOTA. D.C.","11","77","CC PORTOALEGRE","829","1.105","0","1.934","205","162","199","152","219","177","153","167","143","353","0","4"
"2019","AUTORIDADES TERRITORIALES","16","BOGOTA D.C.","001","BOGOTA. D.C.","11","78","CC PARQUE LA COLINA","1.366","1.731","0","3.097","375","231","360","352","366","306","278","239","188","392","0","10"
"2019","AUTORIDADES TERRITORIALES","16","BOGOTA D.C.","001","BOGOTA. D.C.","11","79","LICEO DE LONDRES","88","126","0","214","16","12","34","38","15","28","15","12","13","31","0","0"
"2019","AUTORIDADES TERRITORIALES","16","BOGOTA D.C.","001","BOGOTA. D.C.","11","80","COLEGIO MARYMOUNT","251","330","0","581","86","46","46","35","48","61","60","55","55","88","0","1"
"2019","AUTORIDADES TERRITORIALES","16","BOGOTA D.C.","001","BOGOTA. D.C.","11","81","SAN JOSE BAVARIA-ABRAHAM LINCOLN","426","561","0","987","180","97","93","112","102","80","77","67","75","101","0","3"
"2019","AUTORIDADES TERRITORIALES","16","BOGOTA D.C.","001","BOGOTA. D.C.","11","82","COLEGIO DEL BOSQUE","61","55","0","116","19","11","17","6","10","6","12","14","7","14","0","0"
"2019","AUTORIDADES TERRITORIALES","16","BOGOTA D.C.","001","BOGOTA. D.C.","11","83","COLEGIO SANTIAGO ALBERIONI","160","253","0","413","25","30","41","43","40","44","24","33","30","103","0","0"
"2019","AUTORIDADES TERRITORIALES","16","BOGOTA D.C.","001","BOGOTA. D.C.","11","84","COLEGIO VISTA BELLA","554","718","0","1.272","131","102","153","127","131","132","115","107","96","176","0","2"
"2019","AUTORIDADES TERRITORIALES","16","BOGOTA D.C.","001","BOGOTA. D.C.","11","85","MIRANDELA - NUEVA ZELANDIA","654","748","0","1.402","148","144","195","163","132","99","107","114","110","189","0","1"
"2019","AUTORIDADES TERRITORIALES","16","BOGOTA D.C.","001","BOGOTA. D.C.","11","86","CENTRO COMERCIAL SANTAFE","1.992","2.419","0","4.411","453","462","567","463","450","391","359","330","304","623","0","9"
"2019","AUTORIDADES TERRITORIALES","16","BOGOTA D.C.","001","BOGOTA. D.C.","12","01","LA CASTELLANA","5.230","5.949","0","11.179","199","927","1545","1430","921","853","786","918","1015","2585","0","0"
"2019","AUTORIDADES TERRITORIALES","16","BOGOTA D.C.","001","BOGOTA. D.C.","12","02","RIONEGRO","4.975","5.748","0","10.723","447","1071","1463","1544","931","783","763","806","839","2074","0","2"
"2019","AUTORIDADES TERRITORIALES","16","BOGOTA D.C.","001","BOGOTA. D.C.","12","03","PATRIA","1.420","1.595","0","3.015","147","214","488","427","189","175","187","242","249","697","0","0"
"2019","AUTORIDADES TERRITORIALES","16","BOGOTA D.C.","001","BOGOTA. D.C.","12","04","GAITAN","3.486","3.391","0","6.877","207","617","762","730","605","611","665","641","639","1400","0","0"
"2019","AUTORIDADES TERRITORIALES","16","BOGOTA D.C.","001","BOGOTA. D.C.","12","05","ENTRE RIOS","2.420","2.729","0","5.149","166","428","648","572","365","411","399","408","458","1293","0","1"
"2019","AUTORIDADES TERRITORIALES","16","BOGOTA D.C.","001","BOGOTA. D.C.","12","06","METROPOLIS","5.798","6.552","0","12.350","98","621","896","1109","1343","1449","1246","1330","1250","3008","0","0"
"2019","AUTORIDADES TERRITORIALES","16","BOGOTA D.C.","001","BOGOTA. D.C.","12","07","SIMON BOLIVAR","6.851","7.454","0","14.305","617","1596","1716","1647","1352","1240","1204","1247","1128","2557","0","1"
"2019","AUTORIDADES TERRITORIALES","16","BOGOTA D.C.","001","BOGOTA. D.C.","12","08","JOSE JOAQUIN VARGAS","5.157","5.873","0","11.030","848","1496","1129","908","767","756","799","1039","984","2304","0","0"
"2019","AUTORIDADES TERRITORIALES","16","BOGOTA D.C.","001","BOGOTA. D.C.","12","09","SAN FERNANDO","5.338","5.709","0","11.047","652","1620","1407","1329","734","685","725","854","843","2198","0","0"
"2019","AUTORIDADES TERRITORIALES","16","BOGOTA D.C.","001","BOGOTA. D.C.","12","10","POPULAR MODELO","5.685","7.002","0","12.687","478","1069","1293","1139","1190","1215","1186","1122","1080","2914","0","1"
"2019","AUTORIDADES TERRITORIALES","16","BOGOTA D.C.","001","BOGOTA. D.C.","12","11","12 DE OCTUBRE","2.130","2.075","0","4.205","168","450","619","441","272","279","321","364","387","904","0","0"
"2019","AUTORIDADES TERRITORIALES","16","BOGOTA D.C.","001","BOGOTA. D.C.","12","12","SANTA SOFIA","2.774","3.007","0","5.781","195","501","623","980","425","429","430","464","432","1302","0","0"
"2019","AUTORIDADES TERRITORIALES","16","BOGOTA D.C.","001","BOGOTA. D.C.","12","13","POLO CLUB","2.849","3.540","0","6.389","128","286","370","675","424","461","540","588","647","2270","0","0"
"2019","AUTORIDADES TERRITORIALES","16","BOGOTA D.C.","001","BOGOTA. D.C.","12","14","SAN FELIPE","1.660","1.905","0","3.565","105","159","242","673","285","273","274","301","286","967","0","0"
"2019","AUTORIDADES TERRITORIALES","16","BOGOTA D.C.","001","BOGOTA. D.C.","12","15","LOS ALCAZARES","2.770","2.923","0","5.693","194","436","554","827","410","374","421","506","498","1470","0","3"
"2019","AUTORIDADES TERRITORIALES","16","BOGOTA D.C.","001","BOGOTA. D.C.","12","16","LA PAZ","2.011","1.628","0","3.639","118","206","290","506","369","343","332","376","369","729","0","1"
"2019","AUTORIDADES TERRITORIALES","16","BOGOTA D.C.","001","BOGOTA. D.C.","12","17","COLOMBIA","2.111","2.189","0","4.300","133","298","431","626","418","424","384","367","359","860","0","0"
"2019","AUTORIDADES TERRITORIALES","16","BOGOTA D.C.","001","BOGOTA. D.C.","12","18","LA MUEQUETA","1.511","1.570","0","3.081","77","171","282","404","265","284","280","277","304","736","0","1"
"2019","AUTORIDADES TERRITORIALES","16","BOGOTA D.C.","001","BOGOTA. D.C.","12","19","SIETE DE AGOSTO","4.041","4.312","0","8.353","396","913","949","940","655","582","599","724","722","1873","0","0"
"2019","AUTORIDADES TERRITORIALES","16","BOGOTA D.C.","001","BOGOTA. D.C.","12","20","BENJAMIN HERRERA","1.799","1.855","0","3.654","117","233","321","312","345","345","350","364","346","921","0","0"
"2019","AUTORIDADES TERRITORIALES","16","BOGOTA D.C.","001","BOGOTA. D.C.","12","21","POLIDEPORTIVOPOLO","848","879","0","1.727","62","171","222","213","229","153","111","121","116","328","0","1"
"2019","AUTORIDADES TERRITORIALES","16","BOGOTA D.C.","001","BOGOTA. D.C.","12","22","ISERRA 100","1.291","1.552","0","2.843","160","252","388","371","340","268","201","215","217","425","0","6"
"2019","AUTORIDADES TERRITORIALES","16","BOGOTA D.C.","001","BOGOTA. D.C.","12","23","SAN MIGUEL","126","159","0","285","21","32","36","40","37","24","18","15","23","39","0","0"
"2019","AUTORIDADES TERRITORIALES","16","BOGOTA D.C.","001","BOGOTA. D.C.","12","24","PLAZA DE LOS ARTESANOS","100","97","0","197","15","14","21","26","32","29","19","10","14","17","0","0"
"2019","AUTORIDADES TERRITORIALES","16","BOGOTA D.C.","001","BOGOTA. D.C.","12","25","CAFAM AV. 68","399","511","0","910","68","82","99","83","97","107","72","65","74","162","0","1"
"2019","AUTORIDADES TERRITORIALES","16","BOGOTA D.C.","001","BOGOTA. D.C.","13","01","DIVINO SALVADOR","3.739","3.644","0","7.383","148","648","1177","1329","526","514","514","571","542","1414","0","0"
"2019","AUTORIDADES TERRITORIALES","16","BOGOTA D.C.","001","BOGOTA. D.C.","13","02","SAN LUIS","3.295","3.216","0","6.511","251","979","1444","770","505","435","369","385","380","991","0","2"
"2019","AUTORIDADES TERRITORIALES","16","BOGOTA D.C.","001","BOGOTA. D.C.","13","03","EL CAMPIN","3.517","3.548","0","7.065","664","867","785","673","476","449","461","638","631","1419","0","2"
"2019","AUTORIDADES TERRITORIALES","16","BOGOTA D.C.","001","BOGOTA. D.C.","13","04","NICOLAS DE FEDERMAN","2.957","3.415","0","6.372","30","591","462","543","460","599","543","643","632","1869","0","0"
"2019","AUTORIDADES TERRITORIALES","16","BOGOTA D.C.","001","BOGOTA. D.C.","13","05","PABLO VI","4.730","5.928","0","10.658","63","519","818","833","851","997","971","1056","1049","3501","0","0"
"2019","AUTORIDADES TERRITORIALES","16","BOGOTA D.C.","001","BOGOTA. D.C.","13","06","EL SALITRE","2.262","2.310","0","4.572","590","681","476","444","363","273","275","348","289","833","0","0"
"2019","AUTORIDADES TERRITORIALES","16","BOGOTA D.C.","001","BOGOTA. D.C.","13","07","LA ESMERALDA","2.828","3.383","0","6.211","421","584","443","482","479","557","526","627","574","1515","0","3"
"2019","AUTORIDADES TERRITORIALES","16","BOGOTA D.C.","001","BOGOTA. D.C.","13","08","CAFAM CALLE 51","4.026","4.437","0","8.463","290","703","988","1044","1025","787","603","635","670","1716","0","2"
"2019","AUTORIDADES TERRITORIALES","16","BOGOTA D.C.","001","BOGOTA. D.C.","13","09","PALERMO","5.672","7.010","0","12.682","44","358","552","916","1083","1440","1435","1537","1412","3905","0","0"
"2019","AUTORIDADES TERRITORIALES","16","BOGOTA D.C.","001","BOGOTA. D.C.","13","10","COLEGIO AMERICANO","5.613","6.623","0","12.236","17","451","695","1042","1136","1197","1088","1267","1306","4036","1","0"
"2019","AUTORIDADES TERRITORIALES","16","BOGOTA D.C.","001","BOGOTA. D.C.","13","11","BELALCAZAR","2.708","2.956","0","5.664","386","686","755","681","579","439","391","399","364","983","0","1"
"2019","AUTORIDADES TERRITORIALES","16","BOGOTA D.C.","001","BOGOTA. D.C.","13","12","QUINTA PAREDESA","2.347","2.611","0","4.958","424","653","611","473","343","371","366","370","367","979","0","1"
"2019","AUTORIDADES TERRITORIALES","16","BOGOTA D.C.","001","BOGOTA. D.C.","13","13","QUINTA PAREDES B","3.776","4.743","0","8.519","365","767","786","836","824","759","691","749","830","1908","0","4"
"2019","AUTORIDADES TERRITORIALES","16","BOGOTA D.C.","001","BOGOTA. D.C.","13","14","CENTRO NARIÑO","3.260","3.733","0","6.993","249","590","723","723","593","578","507","583","613","1834","0","0"
"2019","AUTORIDADES TERRITORIALES","16","BOGOTA D.C.","001","BOGOTA. D.C.","13","15","RESIDENCIAS B.C.H.","2.436","2.677","0","5.113","15","190","391","344","396","437","457","591","597","1695","0","0"
"2019","AUTORIDADES TERRITORIALES","16","BOGOTA D.C.","001","BOGOTA. D.C.","13","16","SANTA TERESITA","1.405","1.399","0","2.804","5","79","244","239","291","273","263","272","300","838","0","0"
"2019","AUTORIDADES TERRITORIALES","16","BOGOTA D.C.","001","BOGOTA. D.C.","13","17","LA MAGDALENA","2.503","2.693","0","5.196","196","347","501","545","610","498","458","494","486","1055","0","6"
"2019","AUTORIDADES TERRITORIALES","16","BOGOTA D.C.","001","BOGOTA. D.C.","13","18","TEUSAQUILLO","4.379","4.227","0","8.606","621","959","832","913","880","839","673","704","627","1552","0","6"
"2019","AUTORIDADES TERRITORIALES","16","BOGOTA D.C.","001","BOGOTA. D.C.","13","19","PABLO VI II ETAPA","1.495","1.925","0","3.420","16","90","193","262","363","356","317","320","313","1190","0","0"
"2019","AUTORIDADES TERRITORIALES","16","BOGOTA D.C.","001","BOGOTA. D.C.","13","20","RAFAEL NUÑEZ","2.459","3.005","0","5.464","302","584","615","595","540","443","388","469","470","1057","0","1"
"2019","AUTORIDADES TERRITORIALES","16","BOGOTA D.C.","001","BOGOTA. D.C.","13","21","CIUDAD SALITRE","4.692","5.736","0","10.428","65","1169","1123","1030","1107","945","979","993","1019","1998","0","0"
"2019","AUTORIDADES TERRITORIALES","16","BOGOTA D.C.","001","BOGOTA. D.C.","13","22","CORPUS CHRISTI","1.153","1.537","0","2.690","161","269","234","286","364","255","207","223","201","487","0","3"
"2019","AUTORIDADES TERRITORIALES","16","BOGOTA D.C.","001","BOGOTA. D.C.","13","23","LICEO PARROQUIAL SARA ZAPATA","1.269","1.444","0","2.713","132","354","333","374","330","218","180","184","192","410","0","6"
"2019","AUTORIDADES TERRITORIALES","16","BOGOTA D.C.","001","BOGOTA. D.C.","13","24","ACEVEDO TEJADA","1.103","1.261","0","2.364","220","404","297","273","211","194","128","138","175","321","0","3"
"2019","AUTORIDADES TERRITORIALES","16","BOGOTA D.C.","001","BOGOTA. D.C.","13","25","BIBLIOTECA VIRGILIO BARCO","845","961","0","1.806","174","199","262","217","209","157","111","145","114","217","0","1"
"2019","AUTORIDADES TERRITORIALES","16","BOGOTA D.C.","001","BOGOTA. D.C.","13","26","IMPRENTA NACIONAL","2.636","3.166","0","5.802","406","632","744","641","663","523","487","495","434","768","0","9"
"2019","AUTORIDADES TERRITORIALES","16","BOGOTA D.C.","001","BOGOTA. D.C.","13","27","COLEGIO DEL PILAR","99","117","0","216","16","17","16","19","27","33","17","15","11","45","0","0"
"2019","AUTORIDADES TERRITORIALES","16","BOGOTA D.C.","001","BOGOTA. D.C.","13","28","UNIVERSIDAD ECCI","123","128","0","251","29","39","44","39","28","16","10","15","14","17","0","0"
"2019","AUTORIDADES TERRITORIALES","16","BOGOTA D.C.","001","BOGOTA. D.C.","13","29","GIMNASIO CENTRO NARIÑO","116","163","0","279","32","32","25","31","38","24","18","23","23","32","0","1"
"2019","AUTORIDADES TERRITORIALES","16","BOGOTA D.C.","001","BOGOTA. D.C.","13","30","COLEGIO SANTA CLARA","543","582","0","1.125","169","120","134","135","120","70","85","77","73","133","0","9"
"2019","AUTORIDADES TERRITORIALES","16","BOGOTA D.C.","001","BOGOTA. D.C.","14","01","SANTA FE","5.124","4.842","0","9.966","316","1241","1209","1311","805","813","818","815","746","1892","0","0"
"2019","AUTORIDADES TERRITORIALES","16","BOGOTA D.C.","001","BOGOTA. D.C.","14","02","SAMPER MENDOZA","3.664","3.413","0","7.077","193","961","1655","806","526","478","443","479","465","1071","0","0"
"2019","AUTORIDADES TERRITORIALES","16","BOGOTA D.C.","001","BOGOTA. D.C.","14","03","COLSEGUROS","2.287","2.765","0","5.052","11","370","546","488","450","425","394","412","457","1499","0","0"
"2019","AUTORIDADES TERRITORIALES","16","BOGOTA D.C.","001","BOGOTA. D.C.","14","04","ESTACION DE LA SABANA","3.397","2.466","0","5.863","202","528","771","662","439","492","549","520","504","1196","0","0"
"2019","AUTORIDADES TERRITORIALES","16","BOGOTA D.C.","001","BOGOTA. D.C.","14","05","RICAURTE","4.763","4.521","0","9.284","456","916","1309","823","699","686","769","887","792","1947","0","0"
"2019","AUTORIDADES TERRITORIALES","16","BOGOTA D.C.","001","BOGOTA. D.C.","14","06","LA ESTANZUELA","6.112","4.897","0","11.009","370","1054","1199","1058","1192","1068","1201","1134","922","1811","0","0"
"2019","AUTORIDADES TERRITORIALES","16","BOGOTA D.C.","001","BOGOTA. D.C.","14","07","VERAGUAS","2.910","3.100","0","6.010","52","482","613","577","580","540","582","594","561","1429","0","0"
"2019","AUTORIDADES TERRITORIALES","16","BOGOTA D.C.","001","BOGOTA. D.C.","14","08","CENTRO CRECER","4.234","4.951","0","9.185","18","653","814","815","679","755","795","961","1014","2681","0","0"
"2019","AUTORIDADES TERRITORIALES","16","BOGOTA D.C.","001","BOGOTA. D.C.","14","09","EL VERGEL","2.602","2.849","0","5.451","345","454","519","457","515","462","447","553","492","1207","0","0"
"2019","AUTORIDADES TERRITORIALES","16","BOGOTA D.C.","001","BOGOTA. D.C.","14","10","EDUARDO SANTOS","2.992","3.493","0","6.485","60","912","607","626","484","521","498","623","592","1562","0","0"
"2019","AUTORIDADES TERRITORIALES","16","BOGOTA D.C.","001","BOGOTA. D.C.","14","11","SAN FASON","1.865","1.775","0","3.640","152","207","281","372","391","367","365","391","358","756","0","0"
"2019","AUTORIDADES TERRITORIALES","16","BOGOTA D.C.","001","BOGOTA. D.C.","14","12","LA REBECA","893","1.097","0","1.990","183","273","253","206","188","168","157","141","139","282","0","0"
"2019","AUTORIDADES TERRITORIALES","16","BOGOTA D.C.","001","BOGOTA. D.C.","14","13","PANAMERICANO","777","1.070","0","1.847","220","175","199","170","196","155","148","150","146","287","0","1"
"2019","AUTORIDADES TERRITORIALES","16","BOGOTA D.C.","001","BOGOTA. D.C.","14","14","ANTONIO RICAURTE","537","538","0","1.075","291","115","118","110","102","72","64","58","59","86","0","0"
"2019","AUTORIDADES TERRITORIALES","16","BOGOTA D.C.","001","BOGOTA. D.C.","14","15","SAN FRANCISCO DE ASIS","494","644","0","1.138","234","134","132","97","89","84","93","67","57","151","0","0"
"2019","AUTORIDADES TERRITORIALES","16","BOGOTA D.C.","001","BOGOTA. D.C.","14","16","CENTRO DE MEMORIA","1.076","1.076","0","2.152","413","228","214","198","190","175","179","153","146","256","0","0"
"2019","AUTORIDADES TERRITORIALES","16","BOGOTA D.C.","001","BOGOTA. D.C.","14","17","SALON COMUNAL SANTA ISABEL","1.133","1.352","0","2.485","272","264","279","238","225","204","211","226","184","381","0","1"
"2019","AUTORIDADES TERRITORIALES","16","BOGOTA D.C.","001","BOGOTA. D.C.","15","01","POLICARPA","4.428","4.802","0","9.230","507","1155","1211","1258","789","670","676","788","722","1454","0","0"
"2019","AUTORIDADES TERRITORIALES","16","BOGOTA D.C.","001","BOGOTA. D.C.","15","02","CIUDAD BERNA","3.004","3.362","0","6.366","292","919","1120","749","424","419","425","489","457","1072","0","0"
"2019","AUTORIDADES TERRITORIALES","16","BOGOTA D.C.","001","BOGOTA. D.C.","15","03","SAN ANTONIO","3.737","4.200","0","7.937","306","1034","795","690","663","574","676","757","669","1772","0","1"
"2019","AUTORIDADES TERRITORIALES","16","BOGOTA D.C.","001","BOGOTA. D.C.","15","04","LUNA PARK","1.945","2.072","0","4.017","187","396","821","342","313","287","290","307","311","763","0","0"
"2019","AUTORIDADES TERRITORIALES","16","BOGOTA D.C.","001","BOGOTA. D.C.","15","05","CIUDAD JARDIN","5.672","6.530","0","12.202","347","1010","1132","1132","992","1090","1085","1183","1196","3035","0","0"
"2019","AUTORIDADES TERRITORIALES","16","BOGOTA D.C.","001","BOGOTA. D.C.","15","06","RESTREPO A","5.976","6.304","0","12.280","687","1687","1644","974","834","878","957","1105","1010","2504","0","0"
"2019","AUTORIDADES TERRITORIALES","16","BOGOTA D.C.","001","BOGOTA. D.C.","15","07","RESTREPO B","8.093","7.812","0","15.905","230","799","1381","4470","1214","1074","1222","1376","1308","2831","0","0"
"2019","AUTORIDADES TERRITORIALES","16","BOGOTA D.C.","001","BOGOTA. D.C.","15","08","LA FRAGUITA","1.864","2.074","0","3.938","238","480","405","410","325","280","308","334","304","854","0","0"
"2019","AUTORIDADES TERRITORIALES","16","BOGOTA D.C.","001","BOGOTA. D.C.","15","09","LA FRAGUA","2.821","3.136","0","5.957","311","779","722","540","521","476","458","488","501","1161","0","0"
"2019","AUTORIDADES TERRITORIALES","16","BOGOTA D.C.","001","BOGOTA. D.C.","15","10","SANTANDER","2.373","2.361","0","4.734","215","452","470","459","290","266","384","638","569","991","0","0"
"2019","AUTORIDADES TERRITORIALES","16","BOGOTA D.C.","001","BOGOTA. D.C.","15","11","SANTANDER SUR","1.926","2.108","0","4.034","131","231","316","348","367","340","378","430","380","1113","0","0"
"2019","AUTORIDADES TERRITORIALES","16","BOGOTA D.C.","001","BOGOTA. D.C.","15","12","VILLA MAYOR","4.753","5.322","0","10.075","304","1041","1194","1150","1115","883","858","846","832","1852","0","0"
"2019","AUTORIDADES TERRITORIALES","16","BOGOTA D.C.","001","BOGOTA. D.C.","15","13","SENA","4.064","4.062","0","8.126","193","450","671","712","773","795","782","899","818","2033","0","0"
"2019","AUTORIDADES TERRITORIALES","16","BOGOTA D.C.","001","BOGOTA. D.C.","15","14","LA VALVANERA","1.083","1.416","0","2.499","278","343","207","212","247","226","219","240","163","364","0","0"
"2019","AUTORIDADES TERRITORIALES","16","BOGOTA D.C.","001","BOGOTA. D.C.","15","15","SALÓN COMUNAL SAN ANTONIO","495","545","0","1.040","370","82","76","78","82","71","53","54","56","118","0","0"
"2019","AUTORIDADES TERRITORIALES","16","BOGOTA D.C.","001","BOGOTA. D.C.","15","16","COLEGIO ADVENTISTA EMMANUEL","101","187","0","288","59","37","26","31","31","23","17","17","17","30","0","0"
"2019","AUTORIDADES TERRITORIALES","16","BOGOTA D.C.","001","BOGOTA. D.C.","15","17","SALON COMUNAL VILLA MAYOR","499","582","0","1.081","115","148","163","101","110","92","72","81","85","114","0","0"
"2019","AUTORIDADES TERRITORIALES","16","BOGOTA D.C.","001","BOGOTA. D.C.","15","18","CINCO DE NOVIEMBRE","255","332","0","587","111","56","62","56","66","36","45","45","40","70","0","0"
"2019","AUTORIDADES TERRITORIALES","16","BOGOTA D.C.","001","BOGOTA. D.C.","15","19","CASA COMUNAL CIUDAD JARDIN","445","546","0","991","192","83","103","66","112","66","76","69","71","153","0","0"
"2019","AUTORIDADES TERRITORIALES","16","BOGOTA D.C.","001","BOGOTA. D.C.","16","01","DELICIAS MUZU","5.714","6.169","0","11.883","449","1679","2930","1599","728","667","692","777","714","1648","0","0"
"2019","AUTORIDADES TERRITORIALES","16","BOGOTA D.C.","001","BOGOTA. D.C.","16","02","CIUDAD MONTES","6.251","7.130","0","13.381","1178","2419","1944","1493","830","936","840","884","780","2077","0","0"
"2019","AUTORIDADES TERRITORIALES","16","BOGOTA D.C.","001","BOGOTA. D.C.","16","03","SANTA MATILDE","4.126","4.834","0","8.960","256","799","888","793","689","640","718","977","872","2328","0","0"
"2019","AUTORIDADES TERRITORIALES","16","BOGOTA D.C.","001","BOGOTA. D.C.","16","04","LA ASUNCION","3.589","4.323","0","7.912","203","763","762","647","680","667","704","815","782","1889","0","0"
"2019","AUTORIDADES TERRITORIALES","16","BOGOTA D.C.","001","BOGOTA. D.C.","16","05","ALCALDIA PUENTE ARANDA","5.519","6.149","0","11.668","216","1072","1626","1177","938","1041","1036","1109","1058","2395","0","0"
"2019","AUTORIDADES TERRITORIALES","16","BOGOTA D.C.","001","BOGOTA. D.C.","16","06","LA PRIMAVERA","5.514","5.846","0","11.360","117","1693","1857","791","739","835","977","1129","1020","2202","0","0"
"2019","AUTORIDADES TERRITORIALES","16","BOGOTA D.C.","001","BOGOTA. D.C.","16","07","CUNDINAMARCA","1.485","1.627","0","3.112","301","282","250","292","259","287","286","319","273","563","0","0"
"2019","AUTORIDADES TERRITORIALES","16","BOGOTA D.C.","001","BOGOTA. D.C.","16","08","LA FRANCIA","2.281","2.602","0","4.883","191","401","535","409","405","469","435","492","431","1115","0","0"
"2019","AUTORIDADES TERRITORIALES","16","BOGOTA D.C.","001","BOGOTA. D.C.","16","09","PUENTE ARANDA","2.665","2.429","0","5.094","338","835","552","453","391","399","380","431","430","885","0","0"
"2019","AUTORIDADES TERRITORIALES","16","BOGOTA D.C.","001","BOGOTA. D.C.","16","10","SALAZAR GOMEZ","3.099","2.823","0","5.922","158","413","447","3039","313","253","259","280","254","506","0","0"
"2019","AUTORIDADES TERRITORIALES","16","BOGOTA D.C.","001","BOGOTA. D.C.","16","11","LA TRINIDAD","2.340","2.410","0","4.750","123","223","301","936","306","316","372","436","468","1269","0","0"
"2019","AUTORIDADES TERRITORIALES","16","BOGOTA D.C.","001","BOGOTA. D.C.","16","12","LA PRADERA","2.549","2.847","0","5.396","274","498","590","456","481","413","500","566","538","1080","0","0"
"2019","AUTORIDADES TERRITORIALES","16","BOGOTA D.C.","001","BOGOTA. D.C.","16","13","COLON","6.752","7.561","0","14.313","6","211","664","1128","1642","1520","1591","1838","1676","4037","0","0"
"2019","AUTORIDADES TERRITORIALES","16","BOGOTA D.C.","001","BOGOTA. D.C.","16","14","SAN RAFAEL","3.751","4.561","0","8.312","449","723","727","678","769","741","770","794","737","1924","0","0"
"2019","AUTORIDADES TERRITORIALES","16","BOGOTA D.C.","001","BOGOTA. D.C.","16","15","EL JAZMIN","4.023","4.760","0","8.783","367","945","774","771","696","726","767","928","820","1989","0","0"
"2019","AUTORIDADES TERRITORIALES","16","BOGOTA D.C.","001","BOGOTA. D.C.","16","16","LA PONDEROSA","3.392","4.009","0","7.401","369","588","664","705","629","694","726","784","594","1648","0","0"
"2019","AUTORIDADES TERRITORIALES","16","BOGOTA D.C.","001","BOGOTA. D.C.","16","17","GALAN","5.823","6.496","0","12.319","1152","2717","1463","1059","759","716","715","902","906","1930","0","0"
"2019","AUTORIDADES TERRITORIALES","16","BOGOTA D.C.","001","BOGOTA. D.C.","16","18","MILENTA","2.970","3.456","0","6.426","348","614","475","470","578","611","609","615","510","1594","0","2"
"2019","AUTORIDADES TERRITORIALES","16","BOGOTA D.C.","001","BOGOTA. D.C.","16","19","EL TEJAR","4.068","4.881","0","8.949","289","748","630","664","751","731","770","981","1019","2366","0","0"
"2019","AUTORIDADES TERRITORIALES","16","BOGOTA D.C.","001","BOGOTA. D.C.","16","20","ALQUERIA","4.607","5.345","0","9.952","524","1275","795","717","755","748","875","1126","963","2174","0","0"
"2019","AUTORIDADES TERRITORIALES","16","BOGOTA D.C.","001","BOGOTA. D.C.","16","21","ALCALA","4.328","5.095","0","9.423","475","868","801","803","799","860","866","971","956","2024","0","0"
"2019","AUTORIDADES TERRITORIALES","16","BOGOTA D.C.","001","BOGOTA. D.C.","16","22","SANTA RITA","5.126","6.172","0","11.298","365","1053","855","1054","990","965","972","1232","1088","2724","0","0"
"2019","AUTORIDADES TERRITORIALES","16","BOGOTA D.C.","001","BOGOTA. D.C.","16","23","AUTOPISTA SUR","1.815","2.183","0","3.998","6","185","293","316","390","403","411","451","445","1098","0","0"
"2019","AUTORIDADES TERRITORIALES","16","BOGOTA D.C.","001","BOGOTA. D.C.","16","24","LOS SAUCES","2.694","3.377","0","6.071","254","516","537","676","604","585","555","553","494","1297","0","0"
"2019","AUTORIDADES TERRITORIALES","16","BOGOTA D.C.","001","BOGOTA. D.C.","16","25","CARRERA CENTRO COMERCIAL","1.026","681","0","1.707","71","236","213","192","212","177","175","158","110","163","0","0"
"2019","AUTORIDADES TERRITORIALES","16","BOGOTA D.C.","001","BOGOTA. D.C.","16","26","SAN ANDRESITO","1.588","1.013","0","2.601","70","283","339","299","346","264","269","249","216","266","0","0"
"2019","AUTORIDADES TERRITORIALES","16","BOGOTA D.C.","001","BOGOTA. D.C.","16","27","SALÓN COMUNAL COLÓN","1.417","1.724","0","3.141","84","389","436","377","351","312","261","264","253","413","0","1"
"2019","AUTORIDADES TERRITORIALES","16","BOGOTA D.C.","001","BOGOTA. D.C.","16","28","COLONIA ORIENTAL","1.011","1.213","0","2.224","254","230","251","270","230","198","175","173","151","292","0","0"
"2019","AUTORIDADES TERRITORIALES","16","BOGOTA D.C.","001","BOGOTA. D.C.","16","29","SALÓN COMUNAL LA TRINIDAD","482","477","0","959","43","100","131","127","121","103","68","53","70","143","0","0"
"2019","AUTORIDADES TERRITORIALES","16","BOGOTA D.C.","001","BOGOTA. D.C.","16","30","PRIMAVERA Y GORGONZOLA","908","1.064","0","1.972","543","157","205","188","179","139","129","126","99","206","0","1"
"2019","AUTORIDADES TERRITORIALES","16","BOGOTA D.C.","001","BOGOTA. D.C.","16","31","EL REMANZO","328","390","0","718","64","56","90","82","88","93","67","44","48","86","0","0"
"2019","AUTORIDADES TERRITORIALES","16","BOGOTA D.C.","001","BOGOTA. D.C.","16","32","COLEGIO ROMULO GALLEGO","210","242","0","452","47","52","50","53","42","38","45","41","27","57","0","0"
"2019","AUTORIDADES TERRITORIALES","16","BOGOTA D.C.","001","BOGOTA. D.C.","16","33","SALON COMUNAL VERAGUAS","587","753","0","1.340","115","131","143","138","148","124","118","112","123","187","0","1"
"2019","AUTORIDADES TERRITORIALES","16","BOGOTA D.C.","001","BOGOTA. D.C.","16","34","INSTITUTO DE INTEGRACION CULTURAL","58","78","0","136","13","11","20","16","16","10","12","17","4","17","0","0"
"2019","AUTORIDADES TERRITORIALES","16","BOGOTA D.C.","001","BOGOTA. D.C.","16","35","COLEGIO DISTRITAL SORRENTO","170","197","0","367","57","32","46","48","42","28","36","30","18","30","0","0"
"2019","AUTORIDADES TERRITORIALES","16","BOGOTA D.C.","001","BOGOTA. D.C.","16","36","LUIS CARLOS GALAN SARMIENTO","168","184","0","352","52","38","39","41","35","21","23","37","19","46","0","1"
"2019","AUTORIDADES TERRITORIALES","16","BOGOTA D.C.","001","BOGOTA. D.C.","16","37","CULTURA POPULAR","85","98","0","183","21","19","25","16","25","17","18","12","9","21","0","0"
"2019","AUTORIDADES TERRITORIALES","16","BOGOTA D.C.","001","BOGOTA. D.C.","16","38","SAN EUSEBIO","308","332","0","640","44","80","83","70","74","69","53","60","47","60","0","0"
"2019","AUTORIDADES TERRITORIALES","16","BOGOTA D.C.","001","BOGOTA. D.C.","16","39","LOS ANGELES","147","193","0","340","42","30","34","32","42","23","31","28","38","40","0","0"
"2019","AUTORIDADES TERRITORIALES","16","BOGOTA D.C.","001","BOGOTA. D.C.","16","40","PLAZA CENTRAL","513","550","0","1.063","160","120","142","135","123","89","74","72","64","82","0","2"
"2019","AUTORIDADES TERRITORIALES","16","BOGOTA D.C.","001","BOGOTA. D.C.","16","41","JORGE GAITAN CORTES","62","78","0","140","21","12","14","10","17","9","14","12","9","22","0","0"
"2019","AUTORIDADES TERRITORIALES","16","BOGOTA D.C.","001","BOGOTA. D.C.","16","42","CTRO DE REHABIL. PARA ADULTOS CIEGOS","74","105","0","179","16","13","15","22","23","21","17","12","8","32","0","0"
"2019","AUTORIDADES TERRITORIALES","16","BOGOTA D.C.","001","BOGOTA. D.C.","17","01","LA CONCORDIA","5.510","5.114","0","10.624","431","1044","1192","1584","1075","964","815","826","835","1856","0","2"
"2019","AUTORIDADES TERRITORIALES","16","BOGOTA D.C.","001","BOGOTA. D.C.","17","02","ALCALDIA MAYOR","7.583","6.644","0","14.227","18","232","751","1606","1282","1518","1450","1562","1687","4120","1","0"
"2019","AUTORIDADES TERRITORIALES","16","BOGOTA D.C.","001","BOGOTA. D.C.","17","03","EGIPTO","2.970","3.708","0","6.678","237","790","839","807","540","550","584","563","516","1252","0","0"
"2019","AUTORIDADES TERRITORIALES","16","BOGOTA D.C.","001","BOGOTA. D.C.","17","04","ARCHIVO DISTRITAL","3.593","3.733","0","7.326","280","835","999","876","817","655","611","547","507","1198","0","1"
"2019","AUTORIDADES TERRITORIALES","16","BOGOTA D.C.","001","BOGOTA. D.C.","17","05","MURILLO TORO","2.355","1.962","0","4.317","702","381","484","496","425","361","303","310","297","554","0","4"
"2019","AUTORIDADES TERRITORIALES","16","BOGOTA D.C.","001","BOGOTA. D.C.","17","06","COLEGIO MAYOR SAN BARTOLOME","281","306","0","587","74","79","72","77","60","46","51","48","22","57","0","1"
"2019","AUTORIDADES TERRITORIALES","16","BOGOTA D.C.","001","BOGOTA. D.C.","17","07","AUTONOMA DE COLOMBIA","299","285","0","584","38","90","97","88","54","45","38","42","40","52","0","0"
"2019","AUTORIDADES TERRITORIALES","16","BOGOTA D.C.","001","BOGOTA. D.C.","17","08","EGIPTO ESCUELA QUINTA DIAZ","218","217","0","435","56","40","47","34","35","29","26","47","37","84","0","0"
"2019","AUTORIDADES TERRITORIALES","16","BOGOTA D.C.","001","BOGOTA. D.C.","17","09","LA SALLE CANDELARIA","221","205","0","426","39","42","49","42","41","38","37","26","40","72","0","0"
"2019","AUTORIDADES TERRITORIALES","16","BOGOTA D.C.","001","BOGOTA. D.C.","18","01","CLARET","4.832","4.741","0","9.573","46","1091","1711","1754","479","494","637","745","715","1901","0","0"
"2019","AUTORIDADES TERRITORIALES","16","BOGOTA D.C.","001","BOGOTA. D.C.","18","02","INGLES","4.721","5.594","0","10.315","42","1339","1631","1820","648","583","672","776","788","2016","0","0"
"2019","AUTORIDADES TERRITORIALES","16","BOGOTA D.C.","001","BOGOTA. D.C.","18","03","BRAVO PAEZ","2.825","2.913","0","5.738","442","942","818","748","364","345","330","380","426","943","0","0"
"2019","AUTORIDADES TERRITORIALES","16","BOGOTA D.C.","001","BOGOTA. D.C.","18","04","LIBERTADOR II","2.726","3.025","0","5.751","478","651","711","606","422","382","444","517","481","1057","0","2"
"2019","AUTORIDADES TERRITORIALES","16","BOGOTA D.C.","001","BOGOTA. D.C.","18","05","CENTENARIO","3.741","3.839","0","7.580","24","628","2096","1132","362","421","429","527","542","1419","0","0"
"2019","AUTORIDADES TERRITORIALES","16","BOGOTA D.C.","001","BOGOTA. D.C.","18","06","OLAYA","3.824","4.074","0","7.898","686","967","1067","806","594","493","550","645","603","1487","0","0"
"2019","AUTORIDADES TERRITORIALES","16","BOGOTA D.C.","001","BOGOTA. D.C.","18","07","SAN JOSE","4.056","4.793","0","8.849","509","980","998","694","611","732","723","861","806","1934","0","1"
"2019","AUTORIDADES TERRITORIALES","16","BOGOTA D.C.","001","BOGOTA. D.C.","18","08","ALEJANDRO OBREGON GUSTAVO REST","3.563","4.025","0","7.588","7","714","873","816","590","637","693","743","673","1842","0","0"
"2019","AUTORIDADES TERRITORIALES","16","BOGOTA D.C.","001","BOGOTA. D.C.","18","09","QUIROGA","3.549","3.831","0","7.380","959","1369","1250","636","421","402","416","419","403","1104","0","1"
"2019","AUTORIDADES TERRITORIALES","16","BOGOTA D.C.","001","BOGOTA. D.C.","18","10","ALCALDIA QUIROGA","5.491","6.261","0","11.752","33","1077","1394","1106","1002","992","944","1141","1030","3033","0","0"
"2019","AUTORIDADES TERRITORIALES","16","BOGOTA D.C.","001","BOGOTA. D.C.","18","11","CENTRAL QUIROGA","2.199","2.581","0","4.780","319","642","432","405","430","384","375","415","396","982","0","0"
"2019","AUTORIDADES TERRITORIALES","16","BOGOTA D.C.","001","BOGOTA. D.C.","18","12","SANTA LUCIA","4.191","4.591","0","8.782","653","1230","1006","652","590","615","686","819","751","1780","0","0"
"2019","AUTORIDADES TERRITORIALES","16","BOGOTA D.C.","001","BOGOTA. D.C.","18","13","LAS COLINAS","2.358","2.635","0","4.993","284","552","461","423","382","361","432","545","490","1063","0","0"
"2019","AUTORIDADES TERRITORIALES","16","BOGOTA D.C.","001","BOGOTA. D.C.","18","14","COUNTRY SUR","4.914","6.038","0","10.952","675","1040","1150","967","990","965","946","1045","932","2241","0","1"
"2019","AUTORIDADES TERRITORIALES","16","BOGOTA D.C.","001","BOGOTA. D.C.","18","15","LAS LOMAS","4.000","4.759","0","8.759","745","1364","1378","789","575","584","667","800","641","1216","0","0"
"2019","AUTORIDADES TERRITORIALES","16","BOGOTA D.C.","001","BOGOTA. D.C.","18","16","ALEXANDER FLEMING SAN JORGE","4.164","4.462","0","8.626","5","1175","1476","666","632","648","645","919","796","1664","0","0"
"2019","AUTORIDADES TERRITORIALES","16","BOGOTA D.C.","001","BOGOTA. D.C.","18","17","REINO DE HOLANDA","2.592","3.070","0","5.662","66","983","821","526","543","468","497","485","414","859","0","0"
"2019","AUTORIDADES TERRITORIALES","16","BOGOTA D.C.","001","BOGOTA. D.C.","18","18","MARCO FIDEL SUAREZ","3.931","4.703","0","8.634","609","872","744","770","815","752","749","829","761","1733","0","0"
"2019","AUTORIDADES TERRITORIALES","16","BOGOTA D.C.","001","BOGOTA. D.C.","18","19","EL SOCORRO SUR","2.110","2.449","0","4.559","200","469","637","393","413","414","453","422","335","823","0","0"
"2019","AUTORIDADES TERRITORIALES","16","BOGOTA D.C.","001","BOGOTA. D.C.","18","20","MOLINOS DEL SUR","8.445","10.490","0","18.935","1525","2996","2160","1709","1604","1446","1421","1500","1391","3183","0","0"
"2019","AUTORIDADES TERRITORIALES","16","BOGOTA D.C.","001","BOGOTA. D.C.","18","21","CIUDAD BOCHICA SUR","5.330","6.648","0","11.978","1003","1712","1513","989","1005","972","1028","1021","794","1941","0","0"
"2019","AUTORIDADES TERRITORIALES","16","BOGOTA D.C.","001","BOGOTA. D.C.","18","22","LOS MOLINOS II SECTOR","4.503","5.318","0","9.821","920","1415","990","893","871","810","725","764","665","1768","0","0"
"2019","AUTORIDADES TERRITORIALES","16","BOGOTA D.C.","001","BOGOTA. D.C.","18","23","PALERMO SUR","3.444","4.010","0","7.454","836","1325","848","607","630","514","577","527","490","1100","0","0"
"2019","AUTORIDADES TERRITORIALES","16","BOGOTA D.C.","001","BOGOTA. D.C.","18","24","VILLA MAYOR LA NUEVA","2.278","2.618","0","4.896","267","530","515","513","527","409","342","425","392","975","0","1"
"2019","AUTORIDADES TERRITORIALES","16","BOGOTA D.C.","001","BOGOTA. D.C.","18","25","GRANJAS DE SAN PABLO","2.064","2.520","0","4.584","261","617","455","395","434","364","381","433","372","872","0","0"
"2019","AUTORIDADES TERRITORIALES","16","BOGOTA D.C.","001","BOGOTA. D.C.","18","26","RESURRECCION","1.817","2.140","0","3.957","269","561","337","384","398","340","336","346","291","695","0","0"
"2019","AUTORIDADES TERRITORIALES","16","BOGOTA D.C.","001","BOGOTA. D.C.","18","27","RAFAEL URIBE LA PAZ","1.680","1.960","0","3.640","21","520","514","356","276","299","290","308","384","672","0","0"
"2019","AUTORIDADES TERRITORIALES","16","BOGOTA D.C.","001","BOGOTA. D.C.","18","28","SAN AGUSTIN SUR","4.502","5.393","0","9.895","474","1362","1108","1060","1132","954","872","892","688","1353","0","0"
"2019","AUTORIDADES TERRITORIALES","16","BOGOTA D.C.","001","BOGOTA. D.C.","18","29","COVIVIENDA DEL SURORIENTE","3.931","4.725","0","8.656","141","715","920","652","764","792","857","793","737","2285","0","0"
"2019","AUTORIDADES TERRITORIALES","16","BOGOTA D.C.","001","BOGOTA. D.C.","18","30","MARRUECOS APARTAMENTOS","2.291","2.634","0","4.925","52","857","776","471","418","339","336","418","434","824","0","0"
"2019","AUTORIDADES TERRITORIALES","16","BOGOTA D.C.","001","BOGOTA. D.C.","18","31","SALON COMUNAL LA MARQUEZA","959","1.241","0","2.200","7","59","151","289","314","245","189","199","211","536","0","0"
"2019","AUTORIDADES TERRITORIALES","16","BOGOTA D.C.","001","BOGOTA. D.C.","18","32","MIRADOR DE MARROCOS","666","748","0","1.414","123","203","205","146","141","92","71","132","126","175","0","0"
"2019","AUTORIDADES TERRITORIALES","16","BOGOTA D.C.","001","BOGOTA. D.C.","18","33","SAN JUANITO","891","967","0","1.858","69","124","233","213","249","230","178","172","130","260","0","0"
"2019","AUTORIDADES TERRITORIALES","16","BOGOTA D.C.","001","BOGOTA. D.C.","18","34","PROVIDENCIA","625","703","0","1.328","167","314","120","129","124","113","79","78","80","124","0","0"
"2019","AUTORIDADES TERRITORIALES","16","BOGOTA D.C.","001","BOGOTA. D.C.","18","35","GUSTAVO RESTREPO","1.570","1.939","0","3.509","679","636","299","255","316","248","256","192","203","425","0","0"
"2019","AUTORIDADES TERRITORIALES","16","BOGOTA D.C.","001","BOGOTA. D.C.","18","36","SALÓN COMUNAL INGLES","877","947","0","1.824","335","288","170","165","157","138","114","142","100","215","0","0"
"2019","AUTORIDADES TERRITORIALES","16","BOGOTA D.C.","001","BOGOTA. D.C.","18","37","SALÓN COMUNAL CLARET","821","972","0","1.793","284","263","166","180","178","152","127","119","122","202","0","0"
"2019","AUTORIDADES TERRITORIALES","16","BOGOTA D.C.","001","BOGOTA. D.C.","18","38","SAN JORGE","1.210","1.399","0","2.609","845","681","186","160","160","156","121","86","81","132","0","1"
"2019","AUTORIDADES TERRITORIALES","16","BOGOTA D.C.","001","BOGOTA. D.C.","18","39","LICEO SAN PABLO","475","608","0","1.083","97","129","137","126","132","81","100","72","71","138","0","0"
"2019","AUTORIDADES TERRITORIALES","16","BOGOTA D.C.","001","BOGOTA. D.C.","18","40","SALÓN COMUNAL CEBADAL","163","233","0","396","1","77","57","49","57","31","33","20","18","53","0","0"
"2019","AUTORIDADES TERRITORIALES","16","BOGOTA D.C.","001","BOGOTA. D.C.","18","41","LA MARQUEZA","429","617","0","1.046","132","146","125","123","119","85","70","50","57","139","0","0"
"2019","AUTORIDADES TERRITORIALES","16","BOGOTA D.C.","001","BOGOTA. D.C.","18","42","RAFAEL DELGADO SEDE C","171","210","0","381","54","42","52","43","47","30","24","32","30","27","0","0"
"2019","AUTORIDADES TERRITORIALES","16","BOGOTA D.C.","001","BOGOTA. D.C.","18","43","SALÓN COMUNAL LA PAZ NARANJOS","345","364","0","709","67","64","97","83","86","71","56","63","46","76","0","0"
"2019","AUTORIDADES TERRITORIALES","16","BOGOTA D.C.","001","BOGOTA. D.C.","18","44","INTEG. RAFAEL DELGADO SALGUERO","123","132","0","255","56","14","22","25","27","19","27","16","14","35","0","0"
"2019","AUTORIDADES TERRITORIALES","16","BOGOTA D.C.","001","BOGOTA. D.C.","18","45","PARROQUIAL SAN JOSE","153","185","0","338","23","18","50","53","32","28","31","26","31","46","0","0"
"2019","AUTORIDADES TERRITORIALES","16","BOGOTA D.C.","001","BOGOTA. D.C.","18","46","LICEO PSICOPEDAGOGICO MARCO FIDEL SUAREZ","143","171","0","314","32","23","31","46","37","33","28","26","25","33","0","0"
"2019","AUTORIDADES TERRITORIALES","16","BOGOTA D.C.","001","BOGOTA. D.C.","18","47","MARIA CANO","459","663","0","1.122","94","114","118","125","120","92","97","89","90","183","0","0"
"2019","AUTORIDADES TERRITORIALES","16","BOGOTA D.C.","001","BOGOTA. D.C.","18","48","CAFAM SANTA LUCIA","59","85","0","144","37","15","14","16","16","10","8","7","7","14","0","0"
"2019","AUTORIDADES TERRITORIALES","16","BOGOTA D.C.","001","BOGOTA. D.C.","18","49","DIANA TURBAY","317","343","0","660","215","40","63","67","76","50","37","28","27","57","0","0"
"2019","AUTORIDADES TERRITORIALES","16","BOGOTA D.C.","001","BOGOTA. D.C.","18","50","ALIANZA QUIROGA","197","204","0","401","107","34","39","29","33","35","28","23","23","50","0","0"
"2019","AUTORIDADES TERRITORIALES","16","BOGOTA D.C.","001","BOGOTA. D.C.","18","51","ESTADOS UNIDOS DE AMERICA","55","65","0","120","10","16","14","4","19","9","9","8","11","20","0","0"
"2019","AUTORIDADES TERRITORIALES","16","BOGOTA D.C.","001","BOGOTA. D.C.","18","52","TORRE MAYOR","26","29","0","55","6","6","9","9","6","4","2","0","5","8","0","0"
"2019","AUTORIDADES TERRITORIALES","16","BOGOTA D.C.","001","BOGOTA. D.C.","19","01","LUCERO DEL SUR","7.877","7.887","0","15.764","208","3100","3443","3207","867","879","937","890","619","1614","0","0"
"2019","AUTORIDADES TERRITORIALES","16","BOGOTA D.C.","001","BOGOTA. D.C.","19","02","SAN JOAQUIN DEL VATICANO","5.019","5.245","0","10.264","973","2122","2588","1286","601","495","493","432","406","868","0","0"
"2019","AUTORIDADES TERRITORIALES","16","BOGOTA D.C.","001","BOGOTA. D.C.","19","03","PASQUILLA","1.019","810","0","1.829","148","260","529","290","94","84","79","89","77","179","0","0"
"2019","AUTORIDADES TERRITORIALES","16","BOGOTA D.C.","001","BOGOTA. D.C.","19","04","EL TESORO","4.334","4.992","0","9.326","1372","1746","1303","815","657","608","593","557","531","1144","0","0"
"2019","AUTORIDADES TERRITORIALES","16","BOGOTA D.C.","001","BOGOTA. D.C.","19","05","MEXICO","6.135","6.256","0","12.391","766","1130","3063","1581","782","807","840","947","750","1724","1","0"
"2019","AUTORIDADES TERRITORIALES","16","BOGOTA D.C.","001","BOGOTA. D.C.","19","06","LUCERO MEDIO","3.764","3.934","0","7.698","82","2282","1701","751","435","400","404","419","353","871","0","0"
"2019","AUTORIDADES TERRITORIALES","16","BOGOTA D.C.","001","BOGOTA. D.C.","19","07","VISTAHERMOSA","6.752","8.181","0","14.933","1505","1885","1520","1400","1315","1310","1161","1122","1045","2670","0","0"
"2019","AUTORIDADES TERRITORIALES","16","BOGOTA D.C.","001","BOGOTA. D.C.","19","08","LA ACACIA","5.707","7.159","0","12.866","624","934","1234","1148","1407","1361","1366","1297","1024","2471","0","0"
"2019","AUTORIDADES TERRITORIALES","16","BOGOTA D.C.","001","BOGOTA. D.C.","19","09","JERUSALEN (EL TANQUE)","5.087","5.780","0","10.867","613","1533","1745","1453","875","795","739","690","713","1711","0","0"
"2019","AUTORIDADES TERRITORIALES","16","BOGOTA D.C.","001","BOGOTA. D.C.","19","10","JUAN PABLO II","4.290","5.006","0","9.296","546","1674","1551","973","753","702","595","560","531","1411","0","0"
"2019","AUTORIDADES TERRITORIALES","16","BOGOTA D.C.","001","BOGOTA. D.C.","19","11","SAN FRANCISCO","10.044","11.503","0","21.547","121","3710","3435","2394","1513","1643","1857","1737","1412","3725","0","0"
"2019","AUTORIDADES TERRITORIALES","16","BOGOTA D.C.","001","BOGOTA. D.C.","19","12","CANDELARIA LA NUEVA","10.946","12.654","0","23.600","150","3986","3826","2631","1659","1788","1786","1903","1733","4138","0","0"
"2019","AUTORIDADES TERRITORIALES","16","BOGOTA D.C.","001","BOGOTA. D.C.","19","13","ARBORIZADORA BAJA","7.106","8.380","0","15.486","1462","2559","1309","1246","1282","1080","1146","1266","1263","2873","0","0"
"2019","AUTORIDADES TERRITORIALES","16","BOGOTA D.C.","001","BOGOTA. D.C.","19","14","MADELENA","7.345","9.095","0","16.440","1843","3263","1752","1580","1317","1131","1104","1163","974","2313","0","0"
"2019","AUTORIDADES TERRITORIALES","16","BOGOTA D.C.","001","BOGOTA. D.C.","19","15","ISMAEL PERDOMO","9.934","10.639","0","20.573","46","3399","3149","2166","1476","1484","1703","1897","1736","3517","0","0"
"2019","AUTORIDADES TERRITORIALES","16","BOGOTA D.C.","001","BOGOTA. D.C.","19","16","MOCHUELO ALTO","617","549","0","1.166","108","185","234","169","77","62","70","68","57","136","0","0"
"2019","AUTORIDADES TERRITORIALES","16","BOGOTA D.C.","001","BOGOTA. D.C.","19","17","MOCHUELO BAJO","1.109","1.120","0","2.229","209","370","298","218","193","167","179","156","135","304","0","0"
"2019","AUTORIDADES TERRITORIALES","16","BOGOTA D.C.","001","BOGOTA. D.C.","19","18","CORDILLERA","836","1.023","0","1.859","97","205","362","203","174","173","141","138","100","266","0","0"
"2019","AUTORIDADES TERRITORIALES","16","BOGOTA D.C.","001","BOGOTA. D.C.","19","19","NUEVA ARGENTINA","1.501","1.813","0","3.314","175","330","384","381","390","312","278","261","230","573","0","0"
"2019","AUTORIDADES TERRITORIALES","16","BOGOTA D.C.","001","BOGOTA. D.C.","19","20","LA ESTANCIA","11.152","11.433","0","22.585","69","6010","7124","2528","1003","938","991","1021","957","1944","0","0"
"2019","AUTORIDADES TERRITORIALES","16","BOGOTA D.C.","001","BOGOTA. D.C.","19","21","EL PARAISO","3.944","4.667","0","8.611","73","2083","1173","787","730","655","719","650","568","1173","0","0"
"2019","AUTORIDADES TERRITORIALES","16","BOGOTA D.C.","001","BOGOTA. D.C.","19","22","VEREDA QUIBA","532","494","0","1.026","102","143","93","95","94","99","88","95","62","155","0","0"
"2019","AUTORIDADES TERRITORIALES","16","BOGOTA D.C.","001","BOGOTA. D.C.","19","23","MANUELA BELTRAN","2.347","2.827","0","5.174","361","404","571","554","650","537","445","374","391","887","0","0"
"2019","AUTORIDADES TERRITORIALES","16","BOGOTA D.C.","001","BOGOTA. D.C.","19","24","SIERRA MORENA","7.095","8.091","0","15.186","1378","2809","2246","1932","1248","997","891","1004","975","1706","0","0"
"2019","AUTORIDADES TERRITORIALES","16","BOGOTA D.C.","001","BOGOTA. D.C.","19","25","SOTAVENTO","4.155","5.192","0","9.347","496","913","1006","1052","1137","941","970","890","707","1235","0","0"
"2019","AUTORIDADES TERRITORIALES","16","BOGOTA D.C.","001","BOGOTA. D.C.","19","26","SANTO DOMINGO","4.043","4.772","0","8.815","670","1117","1144","915","780","826","884","816","642","1021","0","0"
"2019","AUTORIDADES TERRITORIALES","16","BOGOTA D.C.","001","BOGOTA. D.C.","19","27","VILLA GLORIA SUR","1.321","1.603","0","2.924","227","398","304","283","323","288","232","201","182","486","0","0"
"2019","AUTORIDADES TERRITORIALES","16","BOGOTA D.C.","001","BOGOTA. D.C.","19","28","GALICIA","9.900","11.414","0","21.314","3640","4962","1864","1773","1769","1417","1401","1420","1194","1874","0","0"
"2019","AUTORIDADES TERRITORIALES","16","BOGOTA D.C.","001","BOGOTA. D.C.","19","29","ARBORIZADORA ALTA","5.042","6.450","0","11.492","902","1511","1942","1248","1040","878","862","894","786","1429","0","0"
"2019","AUTORIDADES TERRITORIALES","16","BOGOTA D.C.","001","BOGOTA. D.C.","19","30","CASAVIANCA","2.287","2.378","0","4.665","185","892","661","451","546","437","396","334","238","525","0","0"
"2019","AUTORIDADES TERRITORIALES","16","BOGOTA D.C.","001","BOGOTA. D.C.","19","31","CASONA DEL LIBERTADOR","5.865","7.511","0","13.376","248","1049","1661","1826","1716","1443","1336","1189","923","1985","0","0"
"2019","AUTORIDADES TERRITORIALES","16","BOGOTA D.C.","001","BOGOTA. D.C.","19","32","MEISSEN","2.763","3.002","0","5.765","661","926","662","636","528","444","441","436","359","672","0","0"
"2019","AUTORIDADES TERRITORIALES","16","BOGOTA D.C.","001","BOGOTA. D.C.","19","33","POTOSI (LA LAGUNA)","2.856","3.379","0","6.235","339","971","964","819","545","482","516","442","388","769","0","0"
"2019","AUTORIDADES TERRITORIALES","16","BOGOTA D.C.","001","BOGOTA. D.C.","19","34","ALTOS DE JALISCO","685","801","0","1.486","101","145","123","163","177","184","131","131","87","244","0","0"
"2019","AUTORIDADES TERRITORIALES","16","BOGOTA D.C.","001","BOGOTA. D.C.","19","35","ESTRELLA DEL SUR","2.983","3.483","0","6.466","350","1029","727","653","594","552","568","552","407","1034","0","0"
"2019","AUTORIDADES TERRITORIALES","16","BOGOTA D.C.","001","BOGOTA. D.C.","19","36","CARACOLI","1.468","1.687","0","3.155","395","856","402","241","250","220","237","178","145","231","0","0"
"2019","AUTORIDADES TERRITORIALES","16","BOGOTA D.C.","001","BOGOTA. D.C.","19","37","SANTA ROSA","98","85","0","183","22","35","16","21","10","10","11","12","19","27","0","0"
"2019","AUTORIDADES TERRITORIALES","16","BOGOTA D.C.","001","BOGOTA. D.C.","19","38","BRISAS DEL VOLADOR","662","927","0","1.589","162","200","194","181","173","148","126","105","99","201","0","0"
"2019","AUTORIDADES TERRITORIALES","16","BOGOTA D.C.","001","BOGOTA. D.C.","19","39","DIVINO NIÑO","869","1.091","0","1.960","204","367","210","184","173","168","179","149","104","222","0","0"
"2019","AUTORIDADES TERRITORIALES","16","BOGOTA D.C.","001","BOGOTA. D.C.","19","40","CASA GRANDE","1.426","2.003","0","3.429","191","454","428","364","373","350","360","330","219","360","0","0"
"2019","AUTORIDADES TERRITORIALES","16","BOGOTA D.C.","001","BOGOTA. D.C.","19","41","MONTREAL","946","1.175","0","2.121","181","394","224","238","240","194","175","139","97","239","0","0"
"2019","AUTORIDADES TERRITORIALES","16","BOGOTA D.C.","001","BOGOTA. D.C.","19","42","UNION EUROPEA","487","631","0","1.118","140","246","107","115","145","100","57","53","48","107","0","0"
"2019","AUTORIDADES TERRITORIALES","16","BOGOTA D.C.","001","BOGOTA. D.C.","19","43","SAN FRANCISCO SEDE B","2.352","2.880","0","5.232","1400","1212","413","451","453","319","255","194","200","335","0","0"
"2019","AUTORIDADES TERRITORIALES","16","BOGOTA D.C.","001","BOGOTA. D.C.","19","44","SAN FRANCISCO SEDE A","1.345","1.654","0","2.999","986","432","264","277","264","184","168","148","118","158","0","0"
"2019","AUTORIDADES TERRITORIALES","16","BOGOTA D.C.","001","BOGOTA. D.C.","19","45","CANDELARIA LA NUEVA DOS","3.621","4.321","0","7.942","2020","1855","601","649","704","533","399","342","297","542","0","0"
"2019","AUTORIDADES TERRITORIALES","16","BOGOTA D.C.","001","BOGOTA. D.C.","19","46","BONAVISTA","2.820","3.466","0","6.286","805","1481","580","649","721","458","382","373","328","509","0","0"
"2019","AUTORIDADES TERRITORIALES","16","BOGOTA D.C.","001","BOGOTA. D.C.","19","47","BELLA FLOR","341","441","0","782","171","111","71","78","81","66","48","59","38","59","0","0"
"2019","AUTORIDADES TERRITORIALES","16","BOGOTA D.C.","001","BOGOTA. D.C.","19","48","EL MIRADOR","997","1.285","0","2.282","460","445","238","188","232","171","132","105","110","201","0","0"
"2019","AUTORIDADES TERRITORIALES","16","BOGOTA D.C.","001","BOGOTA. D.C.","19","49","LAS QUINTAS","179","213","0","392","96","37","40","43","55","31","21","19","15","35","0","0"
"2019","AUTORIDADES TERRITORIALES","16","BOGOTA D.C.","001","BOGOTA. D.C.","19","50","COLEGIO FANNY MIKEY","277","358","0","635","97","72","101","97","79","43","29","35","35","47","0","0"
"2019","AUTORIDADES TERRITORIALES","16","BOGOTA D.C.","001","BOGOTA. D.C.","19","51","MARANDU","78","98","0","176","33","11","18","18","21","6","8","9","16","36","0","0"
"2019","AUTORIDADES TERRITORIALES","16","BOGOTA D.C.","001","BOGOTA. D.C.","19","52","LAS MANAS","89","121","0","210","47","19","25","24","26","16","11","18","4","20","0","0"
"2019","AUTORIDADES TERRITORIALES","16","BOGOTA D.C.","001","BOGOTA. D.C.","19","53","BALMORAL","71","82","0","153","31","12","20","19","16","11","10","6","8","20","0","0"
"2019","AUTORIDADES TERRITORIALES","16","BOGOTA D.C.","001","BOGOTA. D.C.","19","54","LA CORUÑA - LICEO CONTADORA","173","230","0","403","51","43","50","49","66","31","34","18","18","43","0","0"
"2019","AUTORIDADES TERRITORIALES","16","BOGOTA D.C.","001","BOGOTA. D.C.","19","55","TANQUE-SIERRA MORENA","117","139","0","256","130","20","24","19","18","15","11","5","7","7","0","0"
"2019","AUTORIDADES TERRITORIALES","16","BOGOTA D.C.","001","BOGOTA. D.C.","19","56","ICES LAS BRISAS","115","126","0","241","41","20","30","24","29","18","21","18","11","29","0","0"
"2019","AUTORIDADES TERRITORIALES","16","BOGOTA D.C.","001","BOGOTA. D.C.","19","57","ALTOS DE LA ESTANCIA","135","154","0","289","98","27","27","26","28","18","18","18","10","19","0","0"
"2019","AUTORIDADES TERRITORIALES","16","BOGOTA D.C.","001","BOGOTA. D.C.","19","58","MILLAN","68","90","0","158","42","12","17","17","18","15","7","8","9","13","0","0"
"2019","AUTORIDADES TERRITORIALES","16","BOGOTA D.C.","001","BOGOTA. D.C.","19","59","GRAN PLAZA EL ENSUEÑO","4.046","4.970","0","9.016","1096","1026","1153","1285","1199","837","638","548","454","779","0","1"
"2019","AUTORIDADES TERRITORIALES","16","BOGOTA D.C.","001","BOGOTA. D.C.","19","60","CASA LINDA TUNAL UNIDAD 2","928","1.339","0","2.267","203","220","226","201","211","197","221","249","202","336","0","1"
"2019","AUTORIDADES TERRITORIALES","16","BOGOTA D.C.","001","BOGOTA. D.C.","20","01","SAN JUAN DE SUMAPAZ","589","445","0","1.034","51","112","140","122","103","95","96","93","77","145","0","0"
"2019","AUTORIDADES TERRITORIALES","16","BOGOTA D.C.","001","BOGOTA. D.C.","20","02","NAZARETH","599","565","0","1.164","68","151","113","129","97","90","95","116","82","223","0","0"
"2019","AUTORIDADES TERRITORIALES","16","BOGOTA D.C.","001","BOGOTA. D.C.","20","03","BETANIA","474","409","0","883","44","92","111","91","85","67","71","76","75","171","0","0"
"2019","AUTORIDADES TERRITORIALES","16","BOGOTA D.C.","001","BOGOTA. D.C.","20","04","LA UNION","322","277","0","599","35","55","67","76","60","62","69","56","36","83","0","0"
"2019","AUTORIDADES TERRITORIALES","16","BOGOTA D.C.","001","BOGOTA. D.C.","20","05","LA YE SANTA ROSA","200","189","0","389","39","47","48","35","40","35","32","38","26","49","0","0"
"2019","AUTORIDADES TERRITORIALES","16","BOGOTA D.C.","001","BOGOTA. D.C.","90","01","PUESTO CENSO(FERIA EXPOSICION","199.653","187.357","0","387.010","154","10","11","34823","145377","100835","59500","17624","9488","19186","2","0"
"2019","AUTORIDADES TERRITORIALES","16","BOGOTA D.C.","001","BOGOTA. D.C.","98","01","PENITENCIARIA LA PICOTA","332","37","0","369","0","5","69","79","95","60","24","16","13","8","0","0"
"2019","AUTORIDADES TERRITORIALES","16","BOGOTA D.C.","001","BOGOTA. D.C.","98","02","CARCEL DISTRITAL JUDICIAL MODE","340","26","0","366","0","9","41","46","98","64","42","27","18","21","0","0"
"2019","AUTORIDADES TERRITORIALES","16","BOGOTA D.C.","001","BOGOTA. D.C.","98","03","RECLUSION DE MUJERES EL BUEN P","11","174","0","185","1","11","43","24","26","18","25","15","7","15","0","0"
"2019","AUTORIDADES TERRITORIALES","16","BOGOTA D.C.","001","BOGOTA. D.C.","98","04","CARCEL DISTRITAL","171","70","0","241","8","19","31","32","33","30","35","23","14","16","0","0"

